job_id,workload_name,profile,submission_time,requested_number_of_resources,requested_time,success,final_state,starting_time,execution_time,finish_time,waiting_time,turnaround_time,stretch,allocated_resources,consumed_energy,metadata
7,w0,delay_15,2.230000,4,23.000000,1,COMPLETED_SUCCESSFULLY,2.230000,15.000000,17.230000,0.000000,15.000000,1.000000,31-34,-1.000000,""
5,w0,delay_16,1.970000,3,24.000000,1,COMPLETED_SUCCESSFULLY,1.970000,16.000000,17.970000,0.000000,16.000000,1.000000,16-18,-1.000000,""
0,w0,ph_25,0.370000,3,38.000000,1,COMPLETED_SUCCESSFULLY,0.370000,25.000000,25.370000,0.000000,25.000000,1.000000,0-2,-1.000000,""
3,w0,delay_38,1.250000,2,57.000000,1,COMPLETED_SUCCESSFULLY,1.250000,38.000000,39.250000,0.000000,38.000000,1.000000,12-13,-1.000000,""
2,w0,delay_45,0.870000,1,68.000000,1,COMPLETED_SUCCESSFULLY,0.870000,45.000000,45.870000,0.000000,45.000000,1.000000,11,-1.000000,""
8,w0,delay_46,2.870000,3,69.000000,1,COMPLETED_SUCCESSFULLY,2.870000,46.000000,48.870000,0.000000,46.000000,1.000000,35-37,-1.000000,""
4,w0,delay_54,1.850000,2,81.000000,1,COMPLETED_SUCCESSFULLY,1.850000,54.000000,55.850000,0.000000,54.000000,1.000000,14-15,-1.000000,""
10,w0,delay_50,3.630000,4,75.000000,1,COMPLETED_SUCCESSFULLY,17.970000,50.000000,67.970000,14.340000,64.340000,1.286800,16-18 46,-1.000000,""
14,w0,delay_30,4.670000,1,45.000000,1,COMPLETED_SUCCESSFULLY,48.870000,30.000000,78.870000,44.200000,74.200000,2.473333,35,-1.000000,""
11,w0,delay_54,3.700000,3,81.000000,1,COMPLETED_SUCCESSFULLY,25.370000,54.000000,79.370000,21.670000,75.670000,1.401296,0-2,-1.000000,""
12,w0,ph_44,4.080000,2,66.000000,1,COMPLETED_SUCCESSFULLY,39.250000,44.000000,83.250000,35.170000,79.170000,1.799318,12-13,-1.000000,""
9,w0,delay_70,2.900000,12,105.000000,1,COMPLETED_SUCCESSFULLY,17.230000,70.000000,87.230000,14.330000,84.330000,1.204714,31-34 38-45,-1.000000,""
13,w0,delay_53,4.140000,2,80.000000,1,COMPLETED_SUCCESSFULLY,45.870000,53.000000,98.870000,41.730000,94.730000,1.787358,11 47,-1.000000,""
1,w0,delay_135,0.860000,8,203.000000,1,COMPLETED_SUCCESSFULLY,0.860000,135.000000,135.860000,0.000000,135.000000,1.000000,3-10,-1.000000,""
6,w0,ph_163,2.010000,12,146.000000,0,COMPLETED_WALLTIME_REACHED,2.010000,146.000000,148.010000,0.000000,146.000000,1.000000,19-30,-1.000000,""
15,w0,delay_174,4.700000,32,261.000000,1,COMPLETED_SUCCESSFULLY,135.860000,174.000000,309.860000,131.160000,305.160000,1.753793,0-18 31-43,-1.000000,""
18,w0,ph_18,5.810000,2,27.000000,1,COMPLETED_SUCCESSFULLY,309.860000,18.000000,327.860000,304.050000,322.050000,17.891667,39-40,-1.000000,""
19,w0,delay_19,5.850000,1,29.000000,1,COMPLETED_SUCCESSFULLY,309.860000,19.000000,328.860000,304.010000,323.010000,17.000526,41,-1.000000,""
23,w0,delay_10,8.900000,4,15.000000,1,COMPLETED_SUCCESSFULLY,328.860000,10.000000,338.860000,319.960000,329.960000,32.996000,39-41 47,-1.000000,""
20,w0,delay_34,6.420000,1,51.000000,1,COMPLETED_SUCCESSFULLY,309.860000,34.000000,343.860000,303.440000,337.440000,9.924706,42,-1.000000,""
25,w0,delay_19,10.400000,2,29.000000,1,COMPLETED_SUCCESSFULLY,338.860000,19.000000,357.860000,328.460000,347.460000,18.287368,41 47,-1.000000,""
21,w0,delay_53,8.440000,1,80.000000,1,COMPLETED_SUCCESSFULLY,309.860000,53.000000,362.860000,301.420000,354.420000,6.687170,43,-1.000000,""
17,w0,delay_57,4.980000,3,86.000000,1,COMPLETED_SUCCESSFULLY,309.860000,57.000000,366.860000,304.880000,361.880000,6.348772,36-38,-1.000000,""
22,w0,delay_59,8.850000,3,89.000000,1,COMPLETED_SUCCESSFULLY,309.860000,59.000000,368.860000,301.010000,360.010000,6.101864,44-46,-1.000000,""
24,w0,ph_42,9.660000,2,63.000000,1,COMPLETED_SUCCESSFULLY,338.860000,42.000000,380.860000,329.200000,371.200000,8.838095,39-40,-1.000000,""
16,w0,delay_156,4.880000,36,234.000000,1,COMPLETED_SUCCESSFULLY,309.860000,156.000000,465.860000,304.980000,460.980000,2.955000,0-35,-1.000000,""
26,w0,delay_273,10.460000,24,410.000000,1,COMPLETED_SUCCESSFULLY,465.860000,273.000000,738.860000,455.400000,728.400000,2.668132,0-23,-1.000000,""
27,w0,delay_181,10.470000,32,272.000000,1,COMPLETED_SUCCESSFULLY,738.860000,181.000000,919.860000,728.390000,909.390000,5.024254,0-31,-1.000000,""
32,w0,delay_17,14.580000,4,26.000000,1,COMPLETED_SUCCESSFULLY,919.860000,17.000000,936.860000,905.280000,922.280000,54.251765,42-45,-1.000000,""
29,w0,delay_18,12.620000,2,27.000000,1,COMPLETED_SUCCESSFULLY,919.860000,18.000000,937.860000,907.240000,925.240000,51.402222,24-25,-1.000000,""
30,w0,ph_23,13.690000,4,35.000000,1,COMPLETED_SUCCESSFULLY,919.860000,23.000000,942.860000,906.170000,929.170000,40.398696,26-29,-1.000000,""
33,w0,delay_47,14.610000,2,71.000000,1,COMPLETED_SUCCESSFULLY,919.860000,47.000000,966.860000,905.250000,952.250000,20.260638,46-47,-1.000000,""
35,w0,delay_27,15.350000,2,41.000000,1,COMPLETED_SUCCESSFULLY,966.860000,27.000000,993.860000,951.510000,978.510000,36.241111,46-47,-1.000000,""
34,w0,delay_68,14.630000,10,102.000000,1,COMPLETED_SUCCESSFULLY,942.860000,68.000000,1010.860000,928.230000,996.230000,14.650441,24-29 42-45,-1.000000,""
39,w0,delay_16,16.610000,3,24.000000,1,COMPLETED_SUCCESSFULLY,1010.860000,16.000000,1026.860000,994.250000,1010.250000,63.140625,42-44,-1.000000,""
31,w0,delay_111,14.200000,12,167.000000,1,COMPLETED_SUCCESSFULLY,919.860000,111.000000,1030.860000,905.660000,1016.660000,9.159099,30-41,-1.000000,""
36,w0,ph_25,15.440000,4,38.000000,1,COMPLETED_SUCCESSFULLY,1010.860000,25.000000,1035.860000,995.420000,1020.420000,40.816800,24-27,-1.000000,""
40,w0,delay_21,16.690000,4,32.000000,1,COMPLETED_SUCCESSFULLY,1026.860000,21.000000,1047.860000,1010.170000,1031.170000,49.103333,42-45,-1.000000,""
37,w0,delay_52,16.040000,1,78.000000,1,COMPLETED_SUCCESSFULLY,1010.860000,52.000000,1062.860000,994.820000,1046.820000,20.131154,28,-1.000000,""
38,w0,delay_53,16.240000,1,80.000000,1,COMPLETED_SUCCESSFULLY,1010.860000,53.000000,1063.860000,994.620000,1047.620000,19.766415,29,-1.000000,""
28,w0,delay_244,11.240000,24,366.000000,1,COMPLETED_SUCCESSFULLY,919.860000,244.000000,1163.860000,908.620000,1152.620000,4.723852,0-23,-1.000000,""
44,w0,delay_10,18.050000,4,15.000000,1,COMPLETED_SUCCESSFULLY,1163.860000,10.000000,1173.860000,1145.810000,1155.810000,115.581000,41-44,-1.000000,""
42,w0,ph_15,17.180000,1,23.000000,1,COMPLETED_SUCCESSFULLY,1163.860000,15.000000,1178.860000,1146.680000,1161.680000,77.445333,36,-1.000000,""
43,w0,delay_40,17.870000,4,60.000000,1,COMPLETED_SUCCESSFULLY,1163.860000,40.000000,1203.860000,1145.990000,1185.990000,29.649750,37-40,-1.000000,""
41,w0,delay_260,16.790000,36,390.000000,1,COMPLETED_SUCCESSFULLY,1163.860000,260.000000,1423.860000,1147.070000,1407.070000,5.411808,0-35,-1.000000,""
45,w0,delay_96,18.160000,16,144.000000,1,COMPLETED_SUCCESSFULLY,1423.860000,96.000000,1519.860000,1405.700000,1501.700000,15.642708,0-15,-1.000000,""
48,w0,ph_13,19.420000,2,20.000000,1,COMPLETED_SUCCESSFULLY,1519.860000,13.000000,1532.860000,1500.440000,1513.440000,116.418462,37-38,-1.000000,""
49,w0,delay_53,19.450000,1,80.000000,1,COMPLETED_SUCCESSFULLY,1519.860000,53.000000,1572.860000,1500.410000,1553.410000,29.309623,39,-1.000000,""
47,w0,delay_57,19.400000,1,86.000000,1,COMPLETED_SUCCESSFULLY,1519.860000,57.000000,1576.860000,1500.460000,1557.460000,27.323860,36,-1.000000,""
46,w0,delay_159,19.310000,36,239.000000,1,COMPLETED_SUCCESSFULLY,1519.860000,159.000000,1678.860000,1500.550000,1659.550000,10.437421,0-35,-1.000000,""
53,w0,delay_10,20.580000,1,15.000000,1,COMPLETED_SUCCESSFULLY,1678.860000,10.000000,1688.860000,1658.280000,1668.280000,166.828000,35,-1.000000,""
52,w0,delay_18,20.450000,4,27.000000,1,COMPLETED_SUCCESSFULLY,1678.860000,18.000000,1696.860000,1658.410000,1676.410000,93.133889,31-34,-1.000000,""
51,w0,delay_26,19.990000,3,39.000000,1,COMPLETED_SUCCESSFULLY,1678.860000,26.000000,1704.860000,1658.870000,1684.870000,64.802692,28-30,-1.000000,""
50,w0,delay_268,19.640000,28,402.000000,1,COMPLETED_SUCCESSFULLY,1678.860000,268.000000,1946.860000,1659.220000,1927.220000,7.191119,0-27,-1.000000,""
55,w0,delay_182,23.040000,24,273.000000,1,COMPLETED_SUCCESSFULLY,1946.860000,182.000000,2128.860000,1923.820000,2105.820000,11.570440,24-47,-1.000000,""
60,w0,ph_13,25.280000,3,20.000000,1,COMPLETED_SUCCESSFULLY,2128.860000,13.000000,2141.860000,2103.580000,2116.580000,162.813846,43-45,-1.000000,""
59,w0,delay_23,24.580000,3,35.000000,1,COMPLETED_SUCCESSFULLY,2128.860000,23.000000,2151.860000,2104.280000,2127.280000,92.490435,40-42,-1.000000,""
61,w0,delay_31,25.480000,1,47.000000,1,COMPLETED_SUCCESSFULLY,2128.860000,31.000000,2159.860000,2103.380000,2134.380000,68.850968,46,-1.000000,""
57,w0,delay_52,23.700000,3,78.000000,1,COMPLETED_SUCCESSFULLY,2128.860000,52.000000,2180.860000,2105.160000,2157.160000,41.483846,36-38,-1.000000,""
58,w0,delay_57,24.470000,1,86.000000,1,COMPLETED_SUCCESSFULLY,2128.860000,57.000000,2185.860000,2104.390000,2161.390000,37.919123,39,-1.000000,""
62,w0,delay_45,25.850000,4,68.000000,1,COMPLETED_SUCCESSFULLY,2141.860000,45.000000,2186.860000,2116.010000,2161.010000,48.022444,43-45 47,-1.000000,""
63,w0,delay_44,26.150000,2,39.000000,0,COMPLETED_WALLTIME_REACHED,2151.860000,39.000000,2190.860000,2125.710000,2164.710000,55.505385,40-41,-1.000000,""
64,w0,delay_18,26.320000,4,16.000000,0,COMPLETED_WALLTIME_REACHED,2180.860000,16.000000,2196.860000,2154.540000,2170.540000,135.658750,36-38 42,-1.000000,""
54,w0,ph_257,22.930000,24,386.000000,1,COMPLETED_SUCCESSFULLY,1946.860000,257.000000,2203.860000,1923.930000,2180.930000,8.486109,0-23,-1.000000,""
67,w0,delay_21,27.530000,2,32.000000,1,COMPLETED_SUCCESSFULLY,2203.860000,21.000000,2224.860000,2176.330000,2197.330000,104.634762,40-41,-1.000000,""
66,w0,ph_49,26.590000,4,74.000000,1,COMPLETED_SUCCESSFULLY,2203.860000,49.000000,2252.860000,2177.270000,2226.270000,45.434082,36-39,-1.000000,""
56,w0,delay_138,23.100000,12,207.000000,1,COMPLETED_SUCCESSFULLY,2128.860000,138.000000,2266.860000,2105.760000,2243.760000,16.259130,24-35,-1.000000,""
70,w0,delay_40,28.570000,1,60.000000,1,COMPLETED_SUCCESSFULLY,2266.860000,40.000000,2306.860000,2238.290000,2278.290000,56.957250,34,-1.000000,""
69,w0,delay_94,28.130000,10,141.000000,1,COMPLETED_SUCCESSFULLY,2266.860000,94.000000,2360.860000,2238.730000,2332.730000,24.816277,24-33,-1.000000,""
68,w0,delay_160,27.540000,12,240.000000,1,COMPLETED_SUCCESSFULLY,2252.860000,160.000000,2412.860000,2225.320000,2385.320000,14.908250,36-47,-1.000000,""
65,w0,delay_211,26.480000,24,317.000000,1,COMPLETED_SUCCESSFULLY,2203.860000,211.000000,2414.860000,2177.380000,2388.380000,11.319336,0-23,-1.000000,""
71,w0,delay_60,29.190000,3,90.000000,1,COMPLETED_SUCCESSFULLY,2360.860000,60.000000,2420.860000,2331.670000,2391.670000,39.861167,24-26,-1.000000,""
75,w0,delay_12,30.480000,3,18.000000,1,COMPLETED_SUCCESSFULLY,2414.860000,12.000000,2426.860000,2384.380000,2396.380000,199.698333,43-45,-1.000000,""
72,w0,ph_102,29.280000,16,153.000000,1,COMPLETED_SUCCESSFULLY,2412.860000,102.000000,2514.860000,2383.580000,2485.580000,24.368431,27-42,-1.000000,""
77,w0,delay_26,30.950000,2,23.000000,0,COMPLETED_WALLTIME_REACHED,2514.860000,23.000000,2537.860000,2483.910000,2506.910000,108.996087,36-37,-1.000000,""
78,w0,ph_33,31.160000,2,50.000000,1,COMPLETED_SUCCESSFULLY,2514.860000,33.000000,2547.860000,2483.700000,2516.700000,76.263636,38-39,-1.000000,""
73,w0,delay_142,29.300000,12,213.000000,1,COMPLETED_SUCCESSFULLY,2414.860000,142.000000,2556.860000,2385.560000,2527.560000,17.799718,0-11,-1.000000,""
74,w0,delay_180,29.720000,12,162.000000,0,COMPLETED_WALLTIME_REACHED,2414.860000,162.000000,2576.860000,2385.140000,2547.140000,15.723086,12-23,-1.000000,""
80,w0,delay_52,32.700000,3,78.000000,1,COMPLETED_SUCCESSFULLY,2576.860000,52.000000,2628.860000,2544.160000,2596.160000,49.926154,44-46,-1.000000,""
76,w0,delay_115,30.690000,12,173.000000,1,COMPLETED_SUCCESSFULLY,2514.860000,115.000000,2629.860000,2484.170000,2599.170000,22.601478,24-35,-1.000000,""
81,w0,delay_22,32.890000,2,33.000000,1,COMPLETED_SUCCESSFULLY,2628.860000,22.000000,2650.860000,2595.970000,2617.970000,118.998636,44-45,-1.000000,""
82,w0,delay_138,33.910000,10,207.000000,1,COMPLETED_SUCCESSFULLY,2629.860000,138.000000,2767.860000,2595.950000,2733.950000,19.811232,24-33,-1.000000,""
84,w0,ph_39,34.660000,3,59.000000,1,COMPLETED_SUCCESSFULLY,2767.860000,39.000000,2806.860000,2733.200000,2772.200000,71.082051,44-46,-1.000000,""
85,w0,delay_52,35.070000,2,78.000000,1,COMPLETED_SUCCESSFULLY,2806.860000,52.000000,2858.860000,2771.790000,2823.790000,54.303654,44-45,-1.000000,""
83,w0,delay_96,34.100000,12,144.000000,1,COMPLETED_SUCCESSFULLY,2767.860000,96.000000,2863.860000,2733.760000,2829.760000,29.476667,24-35,-1.000000,""
79,w0,delay_289,32.240000,32,434.000000,1,COMPLETED_SUCCESSFULLY,2576.860000,289.000000,2865.860000,2544.620000,2833.620000,9.804913,0-23 36-43,-1.000000,""
92,w0,delay_17,37.350000,2,26.000000,1,COMPLETED_SUCCESSFULLY,2865.860000,17.000000,2882.860000,2828.510000,2845.510000,167.382941,39-40,-1.000000,""
88,w0,delay_49,35.850000,4,74.000000,1,COMPLETED_SUCCESSFULLY,2865.860000,49.000000,2914.860000,2830.010000,2879.010000,58.755306,10-13,-1.000000,""
89,w0,delay_55,35.880000,2,83.000000,1,COMPLETED_SUCCESSFULLY,2865.860000,55.000000,2920.860000,2829.980000,2884.980000,52.454182,14-15,-1.000000,""
90,w0,ph_58,36.130000,1,87.000000,1,COMPLETED_SUCCESSFULLY,2865.860000,58.000000,2923.860000,2829.730000,2887.730000,49.788448,16,-1.000000,""
86,w0,delay_71,35.330000,12,107.000000,1,COMPLETED_SUCCESSFULLY,2863.860000,71.000000,2934.860000,2828.530000,2899.530000,40.838451,24-35,-1.000000,""
91,w0,delay_82,36.910000,10,123.000000,1,COMPLETED_SUCCESSFULLY,2865.860000,82.000000,2947.860000,2828.950000,2910.950000,35.499390,17-23 36-38,-1.000000,""
95,w0,delay_38,38.490000,4,57.000000,1,COMPLETED_SUCCESSFULLY,2947.860000,38.000000,2985.860000,2909.370000,2947.370000,77.562368,17-20,-1.000000,""
87,w0,delay_163,35.840000,10,245.000000,1,COMPLETED_SUCCESSFULLY,2865.860000,163.000000,3028.860000,2830.020000,2993.020000,18.362086,0-9,-1.000000,""
93,w0,delay_156,37.930000,12,234.000000,1,COMPLETED_SUCCESSFULLY,2914.860000,156.000000,3070.860000,2876.930000,3032.930000,19.441859,10-13 39-46,-1.000000,""
98,w0,delay_24,39.620000,2,36.000000,1,COMPLETED_SUCCESSFULLY,3070.860000,24.000000,3094.860000,3031.240000,3055.240000,127.301667,41-42,-1.000000,""
94,w0,delay_166,38.280000,16,249.000000,1,COMPLETED_SUCCESSFULLY,2934.860000,166.000000,3100.860000,2896.580000,3062.580000,18.449277,14-16 24-35 47,-1.000000,""
99,w0,delay_36,39.680000,4,54.000000,1,COMPLETED_SUCCESSFULLY,3070.860000,36.000000,3106.860000,3031.180000,3067.180000,85.199444,43-46,-1.000000,""
100,w0,delay_34,39.910000,4,51.000000,1,COMPLETED_SUCCESSFULLY,3100.860000,34.000000,3134.860000,3060.950000,3094.950000,91.027941,14-16 24,-1.000000,""
97,w0,delay_94,38.810000,10,141.000000,1,COMPLETED_SUCCESSFULLY,3070.860000,94.000000,3164.860000,3032.050000,3126.050000,33.255851,10-13 23 36-40,-1.000000,""
96,w0,ph_140,38.600000,16,210.000000,1,COMPLETED_SUCCESSFULLY,3028.860000,140.000000,3168.860000,2990.260000,3130.260000,22.359000,0-9 17-22,-1.000000,""
105,w0,delay_18,41.070000,4,27.000000,1,COMPLETED_SUCCESSFULLY,3168.860000,18.000000,3186.860000,3127.790000,3145.790000,174.766111,5-8,-1.000000,""
103,w0,delay_41,40.670000,2,62.000000,1,COMPLETED_SUCCESSFULLY,3168.860000,41.000000,3209.860000,3128.190000,3169.190000,77.297317,0-1,-1.000000,""
101,w0,delay_121,40.230000,16,108.000000,0,COMPLETED_WALLTIME_REACHED,3106.860000,108.000000,3214.860000,3066.630000,3174.630000,29.394722,25-35 41-45,-1.000000,""
104,w0,delay_52,40.880000,3,78.000000,1,COMPLETED_SUCCESSFULLY,3168.860000,52.000000,3220.860000,3127.980000,3179.980000,61.153462,2-4,-1.000000,""
107,w0,delay_26,41.400000,1,39.000000,1,COMPLETED_SUCCESSFULLY,3214.860000,26.000000,3240.860000,3173.460000,3199.460000,123.056154,41,-1.000000,""
108,w0,ph_27,41.490000,4,41.000000,1,COMPLETED_SUCCESSFULLY,3214.860000,27.000000,3241.860000,3173.370000,3200.370000,118.532222,42-45,-1.000000,""
109,w0,delay_40,42.130000,1,36.000000,0,COMPLETED_WALLTIME_REACHED,3220.860000,36.000000,3256.860000,3178.730000,3214.730000,89.298056,2,-1.000000,""
102,w0,ph_128,40.390000,16,192.000000,1,COMPLETED_SUCCESSFULLY,3164.860000,128.000000,3292.860000,3124.470000,3252.470000,25.409922,10-16 23-24 36-40 46-47,-1.000000,""
106,w0,delay_141,41.350000,24,212.000000,1,COMPLETED_SUCCESSFULLY,3214.860000,141.000000,3355.860000,3173.510000,3314.510000,23.507163,0-1 5-9 17-22 25-35,-1.000000,""
112,w0,delay_40,42.980000,2,60.000000,1,COMPLETED_SUCCESSFULLY,3355.860000,40.000000,3395.860000,3312.880000,3352.880000,83.822000,40-41,-1.000000,""
113,w0,delay_59,43.280000,3,89.000000,1,COMPLETED_SUCCESSFULLY,3355.860000,59.000000,3414.860000,3312.580000,3371.580000,57.145424,42-44,-1.000000,""
111,w0,delay_91,42.970000,8,137.000000,1,COMPLETED_SUCCESSFULLY,3355.860000,91.000000,3446.860000,3312.890000,3403.890000,37.405385,32-39,-1.000000,""
110,w0,delay_177,42.420000,32,266.000000,1,COMPLETED_SUCCESSFULLY,3355.860000,177.000000,3532.860000,3313.440000,3490.440000,19.720000,0-31,-1.000000,""
116,w0,delay_14,44.810000,2,21.000000,1,COMPLETED_SUCCESSFULLY,3532.860000,14.000000,3546.860000,3488.050000,3502.050000,250.146429,27-28,-1.000000,""
115,w0,delay_46,43.660000,3,69.000000,1,COMPLETED_SUCCESSFULLY,3532.860000,46.000000,3578.860000,3489.200000,3535.200000,76.852174,24-26,-1.000000,""
117,w0,delay_53,45.460000,3,80.000000,1,COMPLETED_SUCCESSFULLY,3532.860000,53.000000,3585.860000,3487.400000,3540.400000,66.800000,29-31,-1.000000,""
114,w0,ph_161,43.620000,24,242.000000,1,COMPLETED_SUCCESSFULLY,3532.860000,161.000000,3693.860000,3489.240000,3650.240000,22.672298,0-23,-1.000000,""
119,w0,delay_10,45.900000,3,15.000000,1,COMPLETED_SUCCESSFULLY,3693.860000,10.000000,3703.860000,3647.960000,3657.960000,365.796000,0-2,-1.000000,""
123,w0,delay_15,47.610000,2,23.000000,1,COMPLETED_SUCCESSFULLY,3693.860000,15.000000,3708.860000,3646.250000,3661.250000,244.083333,12-13,-1.000000,""
122,w0,delay_39,47.130000,4,59.000000,1,COMPLETED_SUCCESSFULLY,3693.860000,39.000000,3732.860000,3646.730000,3685.730000,94.505897,8-11,-1.000000,""
120,w0,ph_50,46.530000,3,75.000000,1,COMPLETED_SUCCESSFULLY,3693.860000,50.000000,3743.860000,3647.330000,3697.330000,73.946600,3-5,-1.000000,""
121,w0,delay_56,46.750000,2,84.000000,1,COMPLETED_SUCCESSFULLY,3693.860000,56.000000,3749.860000,3647.110000,3703.110000,66.126964,6-7,-1.000000,""
125,w0,delay_32,48.520000,2,48.000000,1,COMPLETED_SUCCESSFULLY,3732.860000,32.000000,3764.860000,3684.340000,3716.340000,116.135625,21-22,-1.000000,""
118,w0,delay_208,45.510000,24,312.000000,1,COMPLETED_SUCCESSFULLY,3585.860000,208.000000,3793.860000,3540.350000,3748.350000,18.020913,24-47,-1.000000,""
124,w0,delay_103,47.830000,16,92.000000,0,COMPLETED_WALLTIME_REACHED,3732.860000,92.000000,3824.860000,3685.030000,3777.030000,41.054674,0-2 8-20,-1.000000,""
129,w0,delay_29,49.880000,2,44.000000,1,COMPLETED_SUCCESSFULLY,3824.860000,29.000000,3853.860000,3774.980000,3803.980000,131.171724,13-14,-1.000000,""
130,w0,delay_37,50.050000,3,56.000000,1,COMPLETED_SUCCESSFULLY,3824.860000,37.000000,3861.860000,3774.810000,3811.810000,103.021892,15-17,-1.000000,""
128,w0,delay_38,49.850000,4,57.000000,1,COMPLETED_SUCCESSFULLY,3824.860000,38.000000,3862.860000,3775.010000,3813.010000,100.342368,9-12,-1.000000,""
127,w0,delay_41,49.750000,4,62.000000,1,COMPLETED_SUCCESSFULLY,3824.860000,41.000000,3865.860000,3775.110000,3816.110000,93.075854,0-2 8,-1.000000,""
131,w0,delay_27,50.340000,4,41.000000,1,COMPLETED_SUCCESSFULLY,3853.860000,27.000000,3880.860000,3803.520000,3830.520000,141.871111,13-14 18-19,-1.000000,""
132,w0,ph_75,50.440000,12,113.000000,1,COMPLETED_SUCCESSFULLY,3865.860000,75.000000,3940.860000,3815.420000,3890.420000,51.872267,0-2 8-12 15-17 20,-1.000000,""
135,w0,delay_10,51.780000,3,15.000000,1,COMPLETED_SUCCESSFULLY,3940.860000,10.000000,3950.860000,3889.080000,3899.080000,389.908000,18-20,-1.000000,""
134,w0,delay_16,51.650000,3,24.000000,1,COMPLETED_SUCCESSFULLY,3940.860000,16.000000,3956.860000,3889.210000,3905.210000,244.075625,15-17,-1.000000,""
136,w0,delay_45,51.830000,1,68.000000,1,COMPLETED_SUCCESSFULLY,3950.860000,45.000000,3995.860000,3899.030000,3944.030000,87.645111,18,-1.000000,""
133,w0,delay_87,51.530000,10,131.000000,1,COMPLETED_SUCCESSFULLY,3940.860000,87.000000,4027.860000,3889.330000,3976.330000,45.704943,0-2 8-14,-1.000000,""
126,w0,ph_262,48.670000,32,235.000000,0,COMPLETED_WALLTIME_REACHED,3793.860000,235.000000,4028.860000,3745.190000,3980.190000,16.936979,3-7 21-47,-1.000000,""
138,w0,ph_31,53.190000,4,47.000000,1,COMPLETED_SUCCESSFULLY,4028.860000,31.000000,4059.860000,3975.670000,4006.670000,129.247419,3-6,-1.000000,""
137,w0,delay_73,52.880000,16,110.000000,1,COMPLETED_SUCCESSFULLY,4027.860000,73.000000,4100.860000,3974.980000,4047.980000,55.451781,0-2 8-20,-1.000000,""
141,w0,delay_17,53.690000,2,26.000000,1,COMPLETED_SUCCESSFULLY,4100.860000,17.000000,4117.860000,4047.170000,4064.170000,239.068824,37-38,-1.000000,""
140,w0,delay_19,53.390000,1,29.000000,1,COMPLETED_SUCCESSFULLY,4100.860000,19.000000,4119.860000,4047.470000,4066.470000,214.024737,36,-1.000000,""
143,w0,delay_29,54.110000,4,44.000000,1,COMPLETED_SUCCESSFULLY,4100.860000,29.000000,4129.860000,4046.750000,4075.750000,140.543103,41-44,-1.000000,""
142,w0,delay_59,53.890000,2,89.000000,1,COMPLETED_SUCCESSFULLY,4100.860000,59.000000,4159.860000,4046.970000,4105.970000,69.592712,39-40,-1.000000,""
139,w0,delay_149,53.210000,36,224.000000,1,COMPLETED_SUCCESSFULLY,4100.860000,149.000000,4249.860000,4047.650000,4196.650000,28.165436,0-35,-1.000000,""
147,w0,delay_14,54.430000,4,21.000000,1,COMPLETED_SUCCESSFULLY,4249.860000,14.000000,4263.860000,4195.430000,4209.430000,300.673571,30-33,-1.000000,""
149,w0,delay_19,55.460000,3,29.000000,1,COMPLETED_SUCCESSFULLY,4249.860000,19.000000,4268.860000,4194.400000,4213.400000,221.757895,44-46,-1.000000,""
145,w0,delay_21,54.240000,2,32.000000,1,COMPLETED_SUCCESSFULLY,4249.860000,21.000000,4270.860000,4195.620000,4216.620000,200.791429,24-25,-1.000000,""
146,w0,delay_28,54.300000,4,25.000000,0,COMPLETED_WALLTIME_REACHED,4249.860000,25.000000,4274.860000,4195.560000,4220.560000,168.822400,26-29,-1.000000,""
150,w0,ph_38,55.520000,3,57.000000,1,COMPLETED_SUCCESSFULLY,4263.860000,38.000000,4301.860000,4208.340000,4246.340000,111.745789,30-32,-1.000000,""
148,w0,delay_114,55.360000,10,171.000000,1,COMPLETED_SUCCESSFULLY,4249.860000,114.000000,4363.860000,4194.500000,4308.500000,37.793860,34-43,-1.000000,""
154,w0,delay_40,56.370000,2,60.000000,1,COMPLETED_SUCCESSFULLY,4363.860000,40.000000,4403.860000,4307.490000,4347.490000,108.687250,39-40,-1.000000,""
155,w0,delay_50,56.590000,4,75.000000,1,COMPLETED_SUCCESSFULLY,4363.860000,50.000000,4413.860000,4307.270000,4357.270000,87.145400,41-43 46,-1.000000,""
152,w0,delay_57,56.160000,4,86.000000,1,COMPLETED_SUCCESSFULLY,4363.860000,57.000000,4420.860000,4307.700000,4364.700000,76.573684,34-37,-1.000000,""
153,w0,delay_58,56.260000,1,87.000000,1,COMPLETED_SUCCESSFULLY,4363.860000,58.000000,4421.860000,4307.600000,4365.600000,75.268966,38,-1.000000,""
144,w0,ph_173,54.130000,24,260.000000,1,COMPLETED_SUCCESSFULLY,4249.860000,173.000000,4422.860000,4195.730000,4368.730000,25.252775,0-23,-1.000000,""
151,w0,delay_124,55.950000,12,186.000000,1,COMPLETED_SUCCESSFULLY,4301.860000,124.000000,4425.860000,4245.910000,4369.910000,35.241210,24-33 44-45,-1.000000,""
156,w0,ph_31,57.850000,4,47.000000,1,COMPLETED_SUCCESSFULLY,4413.860000,31.000000,4444.860000,4356.010000,4387.010000,141.516452,39-42,-1.000000,""
162,w0,ph_28,58.680000,2,42.000000,1,COMPLETED_SUCCESSFULLY,4425.860000,28.000000,4453.860000,4367.180000,4395.180000,156.970714,45-46,-1.000000,""
158,w0,delay_39,58.290000,1,59.000000,1,COMPLETED_SUCCESSFULLY,4420.860000,39.000000,4459.860000,4362.570000,4401.570000,112.860769,43,-1.000000,""
159,w0,delay_42,58.390000,4,63.000000,1,COMPLETED_SUCCESSFULLY,4422.860000,42.000000,4464.860000,4364.470000,4406.470000,104.915952,0-3,-1.000000,""
164,w0,delay_24,59.400000,1,36.000000,1,COMPLETED_SUCCESSFULLY,4444.860000,24.000000,4468.860000,4385.460000,4409.460000,183.727500,41,-1.000000,""
157,w0,delay_54,57.890000,4,81.000000,1,COMPLETED_SUCCESSFULLY,4420.860000,54.000000,4474.860000,4362.970000,4416.970000,81.795741,34-37,-1.000000,""
165,w0,delay_51,60.290000,1,77.000000,1,COMPLETED_SUCCESSFULLY,4444.860000,51.000000,4495.860000,4384.570000,4435.570000,86.971961,42,-1.000000,""
163,w0,delay_55,59.110000,2,83.000000,1,COMPLETED_SUCCESSFULLY,4444.860000,55.000000,4499.860000,4385.750000,4440.750000,80.740909,39-40,-1.000000,""
167,w0,delay_34,61.970000,2,51.000000,1,COMPLETED_SUCCESSFULLY,4495.860000,34.000000,4529.860000,4433.890000,4467.890000,131.408529,42 47,-1.000000,""
160,w0,delay_112,58.390000,16,168.000000,1,COMPLETED_SUCCESSFULLY,4422.860000,112.000000,4534.860000,4364.470000,4476.470000,39.968482,4-19,-1.000000,""
161,w0,delay_140,58.660000,16,210.000000,1,COMPLETED_SUCCESSFULLY,4425.860000,140.000000,4565.860000,4367.200000,4507.200000,32.194286,20-33 38 44,-1.000000,""
166,w0,delay_113,60.540000,12,170.000000,1,COMPLETED_SUCCESSFULLY,4474.860000,113.000000,4587.860000,4414.320000,4527.320000,40.064779,0-3 34-37 41 43 45-46,-1.000000,""
170,w0,delay_47,62.950000,3,71.000000,1,COMPLETED_SUCCESSFULLY,4565.860000,47.000000,4612.860000,4502.910000,4549.910000,96.806596,26-28,-1.000000,""
168,w0,ph_170,62.300000,10,255.000000,1,COMPLETED_SUCCESSFULLY,4534.860000,170.000000,4704.860000,4472.560000,4642.560000,27.309176,4-13,-1.000000,""
171,w0,delay_128,63.350000,16,192.000000,1,COMPLETED_SUCCESSFULLY,4587.860000,128.000000,4715.860000,4524.510000,4652.510000,36.347734,0-3 29-40,-1.000000,""
169,w0,delay_179,62.840000,12,269.000000,1,COMPLETED_SUCCESSFULLY,4565.860000,179.000000,4744.860000,4503.020000,4682.020000,26.156536,14-25,-1.000000,""
174,w0,ph_57,64.940000,3,86.000000,1,COMPLETED_SUCCESSFULLY,4744.860000,57.000000,4801.860000,4679.920000,4736.920000,83.103860,44-46,-1.000000,""
172,w0,delay_118,63.490000,16,177.000000,1,COMPLETED_SUCCESSFULLY,4704.860000,118.000000,4822.860000,4641.370000,4759.370000,40.333644,4-13 26-28 41-43,-1.000000,""
175,w0,delay_41,65.830000,2,62.000000,1,COMPLETED_SUCCESSFULLY,4801.860000,41.000000,4842.860000,4736.030000,4777.030000,116.512927,44-45,-1.000000,""
173,w0,delay_266,64.230000,28,399.000000,1,COMPLETED_SUCCESSFULLY,4744.860000,266.000000,5010.860000,4680.630000,4946.630000,18.596353,0-3 14-25 29-40,-1.000000,""
177,w0,delay_10,66.090000,4,15.000000,1,COMPLETED_SUCCESSFULLY,5010.860000,10.000000,5020.860000,4944.770000,4954.770000,495.477000,32-35,-1.000000,""
179,w0,delay_51,67.550000,4,77.000000,1,COMPLETED_SUCCESSFULLY,5020.860000,51.000000,5071.860000,4953.310000,5004.310000,98.123725,32-35,-1.000000,""
178,w0,delay_69,66.280000,10,104.000000,1,COMPLETED_SUCCESSFULLY,5010.860000,69.000000,5079.860000,4944.580000,5013.580000,72.660580,36-45,-1.000000,""
176,w0,delay_145,65.880000,32,218.000000,1,COMPLETED_SUCCESSFULLY,5010.860000,145.000000,5155.860000,4944.980000,5089.980000,35.103310,0-31,-1.000000,""
180,w0,ph_100,67.690000,16,150.000000,1,COMPLETED_SUCCESSFULLY,5079.860000,100.000000,5179.860000,5012.170000,5112.170000,51.121700,32-47,-1.000000,""
186,w0,ph_15,69.590000,2,23.000000,1,COMPLETED_SUCCESSFULLY,5179.860000,15.000000,5194.860000,5110.270000,5125.270000,341.684667,42-43,-1.000000,""
181,w0,delay_49,68.480000,1,74.000000,1,COMPLETED_SUCCESSFULLY,5155.860000,49.000000,5204.860000,5087.380000,5136.380000,104.824082,0,-1.000000,""
185,w0,delay_43,69.180000,2,65.000000,1,COMPLETED_SUCCESSFULLY,5179.860000,43.000000,5222.860000,5110.680000,5153.680000,119.853023,40-41,-1.000000,""
184,w0,delay_60,69.010000,3,90.000000,1,COMPLETED_SUCCESSFULLY,5179.860000,60.000000,5239.860000,5110.850000,5170.850000,86.180833,37-39,-1.000000,""
183,w0,delay_116,68.880000,8,174.000000,1,COMPLETED_SUCCESSFULLY,5179.860000,116.000000,5295.860000,5110.980000,5226.980000,45.060172,29-36,-1.000000,""
182,w0,delay_143,68.850000,28,215.000000,1,COMPLETED_SUCCESSFULLY,5155.860000,143.000000,5298.860000,5087.010000,5230.010000,36.573497,1-28,-1.000000,""
189,w0,delay_53,70.700000,3,80.000000,1,COMPLETED_SUCCESSFULLY,5298.860000,53.000000,5351.860000,5228.160000,5281.160000,99.644528,17-19,-1.000000,""
188,w0,delay_92,69.860000,16,138.000000,1,COMPLETED_SUCCESSFULLY,5298.860000,92.000000,5390.860000,5229.000000,5321.000000,57.836957,1-16,-1.000000,""
187,w0,delay_176,69.770000,16,264.000000,1,COMPLETED_SUCCESSFULLY,5295.860000,176.000000,5471.860000,5226.090000,5402.090000,30.693693,0 29-43,-1.000000,""
191,w0,delay_22,71.150000,3,33.000000,1,COMPLETED_SUCCESSFULLY,5471.860000,22.000000,5493.860000,5400.710000,5422.710000,246.486818,0 29-30,-1.000000,""
192,w0,ph_46,71.850000,4,69.000000,1,COMPLETED_SUCCESSFULLY,5471.860000,46.000000,5517.860000,5400.010000,5446.010000,118.391522,31-34,-1.000000,""
194,w0,delay_48,72.090000,1,72.000000,1,COMPLETED_SUCCESSFULLY,5471.860000,48.000000,5519.860000,5399.770000,5447.770000,113.495208,43,-1.000000,""
193,w0,delay_166,71.980000,8,249.000000,1,COMPLETED_SUCCESSFULLY,5471.860000,166.000000,5637.860000,5399.880000,5565.880000,33.529398,35-42,-1.000000,""
190,w0,delay_283,70.720000,32,425.000000,1,COMPLETED_SUCCESSFULLY,5390.860000,283.000000,5673.860000,5320.140000,5603.140000,19.799081,1-28 44-47,-1.000000,""
198,w0,ph_12,73.720000,4,18.000000,1,COMPLETED_SUCCESSFULLY,5673.860000,12.000000,5685.860000,5600.140000,5612.140000,467.678333,41-44,-1.000000,""
199,w0,delay_30,74.200000,3,45.000000,1,COMPLETED_SUCCESSFULLY,5673.860000,30.000000,5703.860000,5599.660000,5629.660000,187.655333,45-47,-1.000000,""
196,w0,delay_53,72.830000,3,80.000000,1,COMPLETED_SUCCESSFULLY,5673.860000,53.000000,5726.860000,5601.030000,5654.030000,106.679811,28-30,-1.000000,""
200,w0,delay_43,74.270000,3,65.000000,1,COMPLETED_SUCCESSFULLY,5685.860000,43.000000,5728.860000,5611.590000,5654.590000,131.502093,41-43,-1.000000,""
201,w0,delay_28,74.390000,4,42.000000,1,COMPLETED_SUCCESSFULLY,5703.860000,28.000000,5731.860000,5629.470000,5657.470000,202.052500,44-47,-1.000000,""
202,w0,delay_19,74.540000,1,29.000000,1,COMPLETED_SUCCESSFULLY,5726.860000,19.000000,5745.860000,5652.320000,5671.320000,298.490526,28,-1.000000,""
197,w0,delay_140,73.360000,10,210.000000,1,COMPLETED_SUCCESSFULLY,5673.860000,140.000000,5813.860000,5600.500000,5740.500000,41.003571,31-40,-1.000000,""
195,w0,delay_275,72.740000,28,413.000000,1,COMPLETED_SUCCESSFULLY,5673.860000,275.000000,5948.860000,5601.120000,5876.120000,21.367709,0-27,-1.000000,""
203,w0,delay_168,74.630000,16,252.000000,1,COMPLETED_SUCCESSFULLY,5813.860000,168.000000,5981.860000,5739.230000,5907.230000,35.162083,28-43,-1.000000,""
206,w0,delay_40,75.390000,2,36.000000,0,COMPLETED_WALLTIME_REACHED,5948.860000,36.000000,5984.860000,5873.470000,5909.470000,164.151944,20-21,-1.000000,""
207,w0,delay_51,76.170000,2,77.000000,1,COMPLETED_SUCCESSFULLY,5948.860000,51.000000,5999.860000,5872.690000,5923.690000,116.150784,22-23,-1.000000,""
204,w0,ph_93,74.800000,8,140.000000,1,COMPLETED_SUCCESSFULLY,5948.860000,93.000000,6041.860000,5874.060000,5967.060000,64.161935,0-7,-1.000000,""
205,w0,delay_134,75.020000,12,201.000000,1,COMPLETED_SUCCESSFULLY,5948.860000,134.000000,6082.860000,5873.840000,6007.840000,44.834627,8-19,-1.000000,""
208,w0,delay_286,76.800000,32,429.000000,1,COMPLETED_SUCCESSFULLY,6041.860000,286.000000,6327.860000,5965.060000,6251.060000,21.856853,0-7 20-43,-1.000000,""
210,w0,ph_39,76.960000,4,59.000000,1,COMPLETED_SUCCESSFULLY,6327.860000,39.000000,6366.860000,6250.900000,6289.900000,161.279487,32-35,-1.000000,""
211,w0,delay_135,78.040000,16,203.000000,1,COMPLETED_SUCCESSFULLY,6366.860000,135.000000,6501.860000,6288.820000,6423.820000,47.583852,32-47,-1.000000,""
213,w0,delay_23,79.120000,3,35.000000,1,COMPLETED_SUCCESSFULLY,6501.860000,23.000000,6524.860000,6422.740000,6445.740000,280.249565,33-35,-1.000000,""
212,w0,delay_41,78.100000,1,62.000000,1,COMPLETED_SUCCESSFULLY,6501.860000,41.000000,6542.860000,6423.760000,6464.760000,157.677073,32,-1.000000,""
209,w0,delay_246,76.860000,32,369.000000,1,COMPLETED_SUCCESSFULLY,6327.860000,246.000000,6573.860000,6251.000000,6497.000000,26.410569,0-31,-1.000000,""
214,w0,delay_147,80.210000,8,221.000000,1,COMPLETED_SUCCESSFULLY,6501.860000,147.000000,6648.860000,6421.650000,6568.650000,44.684694,36-43,-1.000000,""
215,w0,delay_110,81.060000,8,165.000000,1,COMPLETED_SUCCESSFULLY,6542.860000,110.000000,6652.860000,6461.800000,6571.800000,59.743636,32-35 44-47,-1.000000,""
217,w0,delay_13,82.680000,1,20.000000,1,COMPLETED_SUCCESSFULLY,6648.860000,13.000000,6661.860000,6566.180000,6579.180000,506.090769,40,-1.000000,""
218,w0,delay_14,82.780000,2,21.000000,1,COMPLETED_SUCCESSFULLY,6648.860000,14.000000,6662.860000,6566.080000,6580.080000,470.005714,41-42,-1.000000,""
220,w0,delay_19,83.640000,3,29.000000,1,COMPLETED_SUCCESSFULLY,6652.860000,19.000000,6671.860000,6569.220000,6588.220000,346.748421,34-35 43,-1.000000,""
219,w0,delay_31,83.080000,2,47.000000,1,COMPLETED_SUCCESSFULLY,6652.860000,31.000000,6683.860000,6569.780000,6600.780000,212.928387,32-33,-1.000000,""
222,w0,ph_47,83.980000,2,71.000000,1,COMPLETED_SUCCESSFULLY,6671.860000,47.000000,6718.860000,6587.880000,6634.880000,141.167660,46-47,-1.000000,""
223,w0,delay_43,84.050000,4,65.000000,1,COMPLETED_SUCCESSFULLY,6718.860000,43.000000,6761.860000,6634.810000,6677.810000,155.297907,32-33 46-47,-1.000000,""
216,w0,ph_143,82.310000,36,215.000000,1,COMPLETED_SUCCESSFULLY,6648.860000,143.000000,6791.860000,6566.550000,6709.550000,46.919930,0-31 36-39,-1.000000,""
224,w0,delay_42,84.070000,3,63.000000,1,COMPLETED_SUCCESSFULLY,6761.860000,42.000000,6803.860000,6677.790000,6719.790000,159.995000,32-33 46,-1.000000,""
221,w0,delay_144,83.930000,8,216.000000,1,COMPLETED_SUCCESSFULLY,6671.860000,144.000000,6815.860000,6587.930000,6731.930000,46.749514,34-35 40-45,-1.000000,""
225,w0,delay_56,84.290000,1,84.000000,1,COMPLETED_SUCCESSFULLY,6761.860000,56.000000,6817.860000,6677.570000,6733.570000,120.242321,47,-1.000000,""
230,w0,delay_16,85.620000,4,24.000000,1,COMPLETED_SUCCESSFULLY,6803.860000,16.000000,6819.860000,6718.240000,6734.240000,420.890000,32-33 39 46,-1.000000,""
229,w0,delay_34,85.350000,3,51.000000,1,COMPLETED_SUCCESSFULLY,6791.860000,34.000000,6825.860000,6706.510000,6740.510000,198.250294,36-38,-1.000000,""
227,w0,delay_37,85.050000,4,56.000000,1,COMPLETED_SUCCESSFULLY,6791.860000,37.000000,6828.860000,6706.810000,6743.810000,182.265135,4-7,-1.000000,""
226,w0,delay_51,85.020000,4,77.000000,1,COMPLETED_SUCCESSFULLY,6791.860000,51.000000,6842.860000,6706.840000,6757.840000,132.506667,0-3,-1.000000,""
234,w0,ph_15,86.220000,1,23.000000,1,COMPLETED_SUCCESSFULLY,6828.860000,15.000000,6843.860000,6742.640000,6757.640000,450.509333,7,-1.000000,""
232,w0,delay_35,85.760000,4,53.000000,1,COMPLETED_SUCCESSFULLY,6825.860000,35.000000,6860.860000,6740.100000,6775.100000,193.574286,36-38 45,-1.000000,""
233,w0,delay_33,85.800000,3,50.000000,1,COMPLETED_SUCCESSFULLY,6828.860000,33.000000,6861.860000,6743.060000,6776.060000,205.335152,4-6,-1.000000,""
236,w0,delay_36,87.400000,1,54.000000,1,COMPLETED_SUCCESSFULLY,6860.860000,36.000000,6896.860000,6773.460000,6809.460000,189.151667,47,-1.000000,""
228,w0,ph_140,85.290000,24,210.000000,1,COMPLETED_SUCCESSFULLY,6791.860000,140.000000,6931.860000,6706.570000,6846.570000,48.904071,8-31,-1.000000,""
231,w0,delay_115,85.670000,10,173.000000,1,COMPLETED_SUCCESSFULLY,6819.860000,115.000000,6934.860000,6734.190000,6849.190000,59.558174,32-35 39-44,-1.000000,""
239,w0,delay_17,88.050000,3,26.000000,1,COMPLETED_SUCCESSFULLY,6931.860000,17.000000,6948.860000,6843.810000,6860.810000,403.577059,15-17,-1.000000,""
238,w0,delay_19,87.960000,2,29.000000,1,COMPLETED_SUCCESSFULLY,6931.860000,19.000000,6950.860000,6843.900000,6862.900000,361.205263,13-14,-1.000000,""
242,w0,delay_21,89.140000,1,32.000000,1,COMPLETED_SUCCESSFULLY,6931.860000,21.000000,6952.860000,6842.720000,6863.720000,326.843810,28,-1.000000,""
241,w0,delay_27,89.000000,2,41.000000,1,COMPLETED_SUCCESSFULLY,6931.860000,27.000000,6958.860000,6842.860000,6869.860000,254.439259,26-27,-1.000000,""
243,w0,delay_57,89.440000,2,86.000000,1,COMPLETED_SUCCESSFULLY,6931.860000,57.000000,6988.860000,6842.420000,6899.420000,121.042456,29-30,-1.000000,""
235,w0,delay_131,86.260000,10,197.000000,1,COMPLETED_SUCCESSFULLY,6860.860000,131.000000,6991.860000,6774.600000,6905.600000,52.714504,0-3 7 36-38 45-46,-1.000000,""
245,w0,delay_59,89.600000,3,89.000000,1,COMPLETED_SUCCESSFULLY,6948.860000,59.000000,7007.860000,6859.260000,6918.260000,117.258644,15-17,-1.000000,""
237,w0,delay_96,87.800000,8,144.000000,1,COMPLETED_SUCCESSFULLY,6931.860000,96.000000,7027.860000,6844.060000,6940.060000,72.292292,4-6 8-12,-1.000000,""
244,w0,delay_108,89.450000,10,162.000000,1,COMPLETED_SUCCESSFULLY,6934.860000,108.000000,7042.860000,6845.410000,6953.410000,64.383426,31-35 39-43,-1.000000,""
250,w0,delay_10,90.460000,1,15.000000,1,COMPLETED_SUCCESSFULLY,7042.860000,10.000000,7052.860000,6952.400000,6962.400000,696.240000,46,-1.000000,""
240,w0,ph_137,88.360000,8,206.000000,1,COMPLETED_SUCCESSFULLY,6931.860000,137.000000,7068.860000,6843.500000,6980.500000,50.952555,18-25,-1.000000,""
249,w0,delay_43,90.440000,4,65.000000,1,COMPLETED_SUCCESSFULLY,7042.860000,43.000000,7085.860000,6952.420000,6995.420000,162.684186,40-43,-1.000000,""
247,w0,delay_52,89.950000,4,78.000000,1,COMPLETED_SUCCESSFULLY,7042.860000,52.000000,7094.860000,6952.910000,7004.910000,134.709808,31-34,-1.000000,""
248,w0,delay_58,90.290000,2,87.000000,1,COMPLETED_SUCCESSFULLY,7042.860000,58.000000,7100.860000,6952.570000,7010.570000,120.871897,35 39,-1.000000,""
251,w0,delay_97,91.520000,12,146.000000,1,COMPLETED_SUCCESSFULLY,7085.860000,97.000000,7182.860000,6994.340000,7091.340000,73.106598,18-25 40-43,-1.000000,""
246,w0,ph_160,89.930000,28,240.000000,1,COMPLETED_SUCCESSFULLY,7027.860000,160.000000,7187.860000,6937.930000,7097.930000,44.362063,0-17 26-30 36-38 44-45,-1.000000,""
253,w0,delay_14,91.960000,3,21.000000,1,COMPLETED_SUCCESSFULLY,7182.860000,14.000000,7196.860000,7090.900000,7104.900000,507.492857,33-35,-1.000000,""
254,w0,delay_14,92.460000,4,21.000000,1,COMPLETED_SUCCESSFULLY,7182.860000,14.000000,7196.860000,7090.400000,7104.400000,507.457143,39-42,-1.000000,""
260,w0,delay_25,94.090000,2,38.000000,1,COMPLETED_SUCCESSFULLY,7187.860000,25.000000,7212.860000,7093.770000,7118.770000,284.750800,30 36,-1.000000,""
255,w0,delay_28,92.770000,4,42.000000,1,COMPLETED_SUCCESSFULLY,7187.860000,28.000000,7215.860000,7095.090000,7123.090000,254.396071,0-3,-1.000000,""
259,w0,delay_43,93.230000,1,65.000000,1,COMPLETED_SUCCESSFULLY,7187.860000,43.000000,7230.860000,7094.630000,7137.630000,165.991395,29,-1.000000,""
256,w0,delay_54,92.780000,4,81.000000,1,COMPLETED_SUCCESSFULLY,7187.860000,54.000000,7241.860000,7095.080000,7149.080000,132.390370,4-7,-1.000000,""
258,w0,ph_57,93.080000,3,86.000000,1,COMPLETED_SUCCESSFULLY,7187.860000,57.000000,7244.860000,7094.780000,7151.780000,125.469825,26-28,-1.000000,""
261,w0,delay_58,94.190000,2,87.000000,1,COMPLETED_SUCCESSFULLY,7187.860000,58.000000,7245.860000,7093.670000,7151.670000,123.304655,37-38,-1.000000,""
252,w0,ph_76,91.520000,10,114.000000,1,COMPLETED_SUCCESSFULLY,7182.860000,76.000000,7258.860000,7091.340000,7167.340000,94.307105,18-25 31-32,-1.000000,""
257,w0,delay_115,92.810000,10,173.000000,1,COMPLETED_SUCCESSFULLY,7187.860000,115.000000,7302.860000,7095.050000,7210.050000,62.696087,8-17,-1.000000,""
265,w0,delay_39,94.970000,3,59.000000,1,COMPLETED_SUCCESSFULLY,7302.860000,39.000000,7341.860000,7207.890000,7246.890000,185.817692,14-16,-1.000000,""
263,w0,delay_50,94.740000,3,75.000000,1,COMPLETED_SUCCESSFULLY,7302.860000,50.000000,7352.860000,7208.120000,7258.120000,145.162400,8-10,-1.000000,""
264,w0,ph_60,94.950000,3,90.000000,1,COMPLETED_SUCCESSFULLY,7302.860000,60.000000,7362.860000,7207.910000,7267.910000,121.131833,11-13,-1.000000,""
267,w0,delay_39,95.700000,4,59.000000,1,COMPLETED_SUCCESSFULLY,7362.860000,39.000000,7401.860000,7267.160000,7306.160000,187.337436,11-13 47,-1.000000,""
266,w0,delay_142,94.990000,8,213.000000,1,COMPLETED_SUCCESSFULLY,7352.860000,142.000000,7494.860000,7257.870000,7399.870000,52.111761,8-10 14-17 46,-1.000000,""
262,w0,delay_238,94.220000,36,357.000000,1,COMPLETED_SUCCESSFULLY,7258.860000,238.000000,7496.860000,7164.640000,7402.640000,31.103529,0-7 18-45,-1.000000,""
273,w0,delay_14,98.020000,3,21.000000,1,COMPLETED_SUCCESSFULLY,7496.860000,14.000000,7510.860000,7398.840000,7412.840000,529.488571,20-22,-1.000000,""
275,w0,delay_31,99.530000,2,47.000000,1,COMPLETED_SUCCESSFULLY,7496.860000,31.000000,7527.860000,7397.330000,7428.330000,239.623548,26-27,-1.000000,""
272,w0,delay_34,97.870000,3,51.000000,1,COMPLETED_SUCCESSFULLY,7496.860000,34.000000,7530.860000,7398.990000,7432.990000,218.617353,7 18-19,-1.000000,""
271,w0,delay_38,97.530000,4,57.000000,1,COMPLETED_SUCCESSFULLY,7496.860000,38.000000,7534.860000,7399.330000,7437.330000,195.719211,3-6,-1.000000,""
269,w0,delay_42,97.130000,4,63.000000,1,COMPLETED_SUCCESSFULLY,7494.860000,42.000000,7536.860000,7397.730000,7439.730000,177.136429,16-17 46-47,-1.000000,""
270,w0,ph_55,97.150000,3,83.000000,1,COMPLETED_SUCCESSFULLY,7496.860000,55.000000,7551.860000,7399.710000,7454.710000,135.540182,0-2,-1.000000,""
274,w0,delay_56,98.320000,3,84.000000,1,COMPLETED_SUCCESSFULLY,7496.860000,56.000000,7552.860000,7398.540000,7454.540000,133.116786,23-25,-1.000000,""
277,w0,delay_29,100.110000,1,44.000000,1,COMPLETED_SUCCESSFULLY,7536.860000,29.000000,7565.860000,7436.750000,7465.750000,257.439655,46,-1.000000,""
278,w0,delay_52,100.480000,2,78.000000,1,COMPLETED_SUCCESSFULLY,7551.860000,52.000000,7603.860000,7451.380000,7503.380000,144.295769,0-1,-1.000000,""
268,w0,delay_117,96.820000,8,176.000000,1,COMPLETED_SUCCESSFULLY,7494.860000,117.000000,7611.860000,7398.040000,7515.040000,64.231111,8-15,-1.000000,""
276,w0,ph_287,99.930000,32,431.000000,1,COMPLETED_SUCCESSFULLY,7536.860000,287.000000,7823.860000,7436.930000,7723.930000,26.912648,3-7 16-22 26-45,-1.000000,""
280,w0,delay_21,101.810000,3,32.000000,1,COMPLETED_SUCCESSFULLY,7823.860000,21.000000,7844.860000,7722.050000,7743.050000,368.716667,24-26,-1.000000,""
282,w0,ph_42,102.020000,1,63.000000,1,COMPLETED_SUCCESSFULLY,7823.860000,42.000000,7865.860000,7721.840000,7763.840000,184.853333,37,-1.000000,""
281,w0,delay_88,101.960000,10,132.000000,1,COMPLETED_SUCCESSFULLY,7823.860000,88.000000,7911.860000,7721.900000,7809.900000,88.748864,27-36,-1.000000,""
279,w0,delay_285,101.550000,24,428.000000,1,COMPLETED_SUCCESSFULLY,7823.860000,285.000000,8108.860000,7722.310000,8007.310000,28.095825,0-23,-1.000000,""
284,w0,delay_19,103.210000,4,29.000000,1,COMPLETED_SUCCESSFULLY,8108.860000,19.000000,8127.860000,8005.650000,8024.650000,422.350000,0-3,-1.000000,""
283,w0,delay_289,102.680000,24,434.000000,1,COMPLETED_SUCCESSFULLY,7911.860000,289.000000,8200.860000,7809.180000,8098.180000,28.021384,24-47,-1.000000,""
286,w0,delay_116,104.050000,10,174.000000,1,COMPLETED_SUCCESSFULLY,8108.860000,116.000000,8224.860000,8004.810000,8120.810000,70.006983,14-23,-1.000000,""
289,w0,delay_59,106.090000,3,89.000000,1,COMPLETED_SUCCESSFULLY,8200.860000,59.000000,8259.860000,8094.770000,8153.770000,138.199492,40-42,-1.000000,""
285,w0,delay_152,103.850000,10,228.000000,1,COMPLETED_SUCCESSFULLY,8108.860000,152.000000,8260.860000,8005.010000,8157.010000,53.664539,4-13,-1.000000,""
288,w0,ph_107,105.780000,10,161.000000,1,COMPLETED_SUCCESSFULLY,8200.860000,107.000000,8307.860000,8095.080000,8202.080000,76.654953,30-39,-1.000000,""
287,w0,delay_128,104.550000,10,192.000000,1,COMPLETED_SUCCESSFULLY,8200.860000,128.000000,8328.860000,8096.310000,8224.310000,64.252422,0-3 24-29,-1.000000,""
292,w0,delay_28,106.910000,1,42.000000,1,COMPLETED_SUCCESSFULLY,8328.860000,28.000000,8356.860000,8221.950000,8249.950000,294.641071,32,-1.000000,""
293,w0,delay_37,106.980000,2,56.000000,1,COMPLETED_SUCCESSFULLY,8328.860000,37.000000,8365.860000,8221.880000,8258.880000,223.212973,33-34,-1.000000,""
291,w0,delay_130,106.460000,12,195.000000,1,COMPLETED_SUCCESSFULLY,8328.860000,130.000000,8458.860000,8222.400000,8352.400000,64.249231,0-3 24-31,-1.000000,""
295,w0,delay_34,107.880000,2,51.000000,1,COMPLETED_SUCCESSFULLY,8458.860000,34.000000,8492.860000,8350.980000,8384.980000,246.617059,32-33,-1.000000,""
297,w0,delay_40,108.620000,3,60.000000,1,COMPLETED_SUCCESSFULLY,8458.860000,40.000000,8498.860000,8350.240000,8390.240000,209.756000,35-37,-1.000000,""
296,w0,delay_55,108.050000,1,83.000000,1,COMPLETED_SUCCESSFULLY,8458.860000,55.000000,8513.860000,8350.810000,8405.810000,152.832909,34,-1.000000,""
290,w0,delay_274,106.360000,28,411.000000,1,COMPLETED_SUCCESSFULLY,8260.860000,274.000000,8534.860000,8154.500000,8428.500000,30.760949,4-23 40-47,-1.000000,""
303,w0,delay_10,110.020000,4,15.000000,1,COMPLETED_SUCCESSFULLY,8534.860000,10.000000,8544.860000,8424.840000,8434.840000,843.484000,38-41,-1.000000,""
301,w0,delay_14,109.060000,4,21.000000,1,COMPLETED_SUCCESSFULLY,8534.860000,14.000000,8548.860000,8425.800000,8439.800000,602.842857,33-36,-1.000000,""
300,w0,ph_25,109.040000,3,38.000000,1,COMPLETED_SUCCESSFULLY,8534.860000,25.000000,8559.860000,8425.820000,8450.820000,338.032800,22-23 32,-1.000000,""
308,w0,delay_18,110.360000,3,16.000000,0,COMPLETED_WALLTIME_REACHED,8544.860000,16.000000,8560.860000,8434.500000,8450.500000,528.156250,40-41 47,-1.000000,""
306,w0,ph_26,110.160000,3,39.000000,1,COMPLETED_SUCCESSFULLY,8534.860000,26.000000,8560.860000,8424.700000,8450.700000,325.026923,44-46,-1.000000,""
305,w0,delay_34,110.140000,1,51.000000,1,COMPLETED_SUCCESSFULLY,8534.860000,34.000000,8568.860000,8424.720000,8458.720000,248.785882,43,-1.000000,""
304,w0,delay_43,110.120000,1,65.000000,1,COMPLETED_SUCCESSFULLY,8534.860000,43.000000,8577.860000,8424.740000,8467.740000,196.924186,42,-1.000000,""
299,w0,delay_45,108.700000,2,68.000000,1,COMPLETED_SUCCESSFULLY,8534.860000,45.000000,8579.860000,8426.160000,8471.160000,188.248000,20-21,-1.000000,""
302,w0,delay_50,109.920000,1,75.000000,1,COMPLETED_SUCCESSFULLY,8534.860000,50.000000,8584.860000,8424.940000,8474.940000,169.498800,37,-1.000000,""
307,w0,delay_56,110.320000,2,84.000000,1,COMPLETED_SUCCESSFULLY,8544.860000,56.000000,8600.860000,8434.540000,8490.540000,151.616786,38-39,-1.000000,""
294,w0,ph_179,107.860000,12,161.000000,0,COMPLETED_WALLTIME_REACHED,8458.860000,161.000000,8619.860000,8351.000000,8512.000000,52.869565,0-3 24-31,-1.000000,""
298,w0,delay_138,108.670000,16,124.000000,0,COMPLETED_WALLTIME_REACHED,8534.860000,124.000000,8658.860000,8426.190000,8550.190000,68.953145,4-19,-1.000000,""
309,w0,delay_166,110.650000,10,249.000000,1,COMPLETED_SUCCESSFULLY,8560.860000,166.000000,8726.860000,8450.210000,8616.210000,51.904880,22-23 32-36 40-41 47,-1.000000,""
310,w0,delay_163,110.870000,10,245.000000,1,COMPLETED_SUCCESSFULLY,8600.860000,163.000000,8763.860000,8489.990000,8652.990000,53.085828,20-21 37-39 42-46,-1.000000,""
311,w0,delay_195,111.330000,24,293.000000,1,COMPLETED_SUCCESSFULLY,8658.860000,195.000000,8853.860000,8547.530000,8742.530000,44.833487,0-19 24-27,-1.000000,""
313,w0,delay_12,113.550000,3,18.000000,1,COMPLETED_SUCCESSFULLY,8853.860000,12.000000,8865.860000,8740.310000,8752.310000,729.359167,32-34,-1.000000,""
316,w0,delay_41,114.810000,2,62.000000,1,COMPLETED_SUCCESSFULLY,8853.860000,41.000000,8894.860000,8739.050000,8780.050000,214.147561,40-41,-1.000000,""
314,w0,delay_51,113.620000,1,77.000000,1,COMPLETED_SUCCESSFULLY,8853.860000,51.000000,8904.860000,8740.240000,8791.240000,172.377255,35,-1.000000,""
315,w0,delay_57,113.670000,4,86.000000,1,COMPLETED_SUCCESSFULLY,8853.860000,57.000000,8910.860000,8740.190000,8797.190000,154.336667,36-39,-1.000000,""
318,w0,ph_44,115.180000,2,66.000000,1,COMPLETED_SUCCESSFULLY,8910.860000,44.000000,8954.860000,8795.680000,8839.680000,200.901818,36-37,-1.000000,""
319,w0,delay_29,115.220000,3,44.000000,1,COMPLETED_SUCCESSFULLY,8954.860000,29.000000,8983.860000,8839.640000,8868.640000,305.815172,36-38,-1.000000,""
320,w0,delay_32,115.680000,4,48.000000,1,COMPLETED_SUCCESSFULLY,8983.860000,32.000000,9015.860000,8868.180000,8900.180000,278.130625,36-39,-1.000000,""
312,w0,ph_199,111.900000,32,299.000000,1,COMPLETED_SUCCESSFULLY,8853.860000,199.000000,9052.860000,8741.960000,8940.960000,44.929447,0-31,-1.000000,""
317,w0,delay_162,114.980000,12,243.000000,1,COMPLETED_SUCCESSFULLY,8904.860000,162.000000,9066.860000,8789.880000,8951.880000,55.258519,32-35 40-47,-1.000000,""
324,w0,ph_14,117.640000,2,21.000000,1,COMPLETED_SUCCESSFULLY,9066.860000,14.000000,9080.860000,8949.220000,8963.220000,640.230000,41-42,-1.000000,""
323,w0,delay_19,117.220000,1,29.000000,1,COMPLETED_SUCCESSFULLY,9066.860000,19.000000,9085.860000,8949.640000,8968.640000,472.033684,40,-1.000000,""
322,w0,delay_33,116.720000,4,50.000000,1,COMPLETED_SUCCESSFULLY,9066.860000,33.000000,9099.860000,8950.140000,8983.140000,272.216364,32-35,-1.000000,""
325,w0,delay_48,118.010000,1,72.000000,1,COMPLETED_SUCCESSFULLY,9066.860000,48.000000,9114.860000,8948.850000,8996.850000,187.434375,43,-1.000000,""
326,w0,delay_58,118.230000,4,87.000000,1,COMPLETED_SUCCESSFULLY,9066.860000,58.000000,9124.860000,8948.630000,9006.630000,155.286724,44-47,-1.000000,""
327,w0,delay_51,118.280000,3,77.000000,1,COMPLETED_SUCCESSFULLY,9085.860000,51.000000,9136.860000,8967.580000,9018.580000,176.834902,40-42,-1.000000,""
328,w0,delay_41,119.460000,2,62.000000,1,COMPLETED_SUCCESSFULLY,9099.860000,41.000000,9140.860000,8980.400000,9021.400000,220.034146,32-33,-1.000000,""
329,w0,delay_55,120.350000,3,83.000000,1,COMPLETED_SUCCESSFULLY,9114.860000,55.000000,9169.860000,8994.510000,9049.510000,164.536545,34-35 43,-1.000000,""
321,w0,delay_190,116.150000,36,285.000000,1,COMPLETED_SUCCESSFULLY,9052.860000,190.000000,9242.860000,8936.710000,9126.710000,48.035316,0-31 36-39,-1.000000,""
331,w0,delay_15,270.950000,4,23.000000,1,COMPLETED_SUCCESSFULLY,9242.860000,15.000000,9257.860000,8971.910000,8986.910000,599.127333,36-39,-1.000000,""
330,w0,ph_171,270.250000,36,257.000000,1,COMPLETED_SUCCESSFULLY,9242.860000,171.000000,9413.860000,8972.610000,9143.610000,53.471404,0-35,-1.000000,""
334,w0,delay_42,272.760000,3,63.000000,1,COMPLETED_SUCCESSFULLY,9413.860000,42.000000,9455.860000,9141.100000,9183.100000,218.645238,34-36,-1.000000,""
333,w0,delay_55,272.320000,2,83.000000,1,COMPLETED_SUCCESSFULLY,9413.860000,55.000000,9468.860000,9141.540000,9196.540000,167.209818,32-33,-1.000000,""
336,w0,ph_45,274.450000,4,68.000000,1,COMPLETED_SUCCESSFULLY,9455.860000,45.000000,9500.860000,9181.410000,9226.410000,205.031333,34-36 47,-1.000000,""
332,w0,delay_136,272.200000,32,204.000000,1,COMPLETED_SUCCESSFULLY,9413.860000,136.000000,9549.860000,9141.660000,9277.660000,68.218088,0-31,-1.000000,""
337,w0,delay_55,275.240000,4,83.000000,1,COMPLETED_SUCCESSFULLY,9500.860000,55.000000,9555.860000,9225.620000,9280.620000,168.738545,32-35,-1.000000,""
339,w0,delay_18,275.880000,3,27.000000,1,COMPLETED_SUCCESSFULLY,9549.860000,18.000000,9567.860000,9273.980000,9291.980000,516.221111,8-10,-1.000000,""
335,w0,delay_161,274.290000,10,242.000000,1,COMPLETED_SUCCESSFULLY,9413.860000,161.000000,9574.860000,9139.570000,9300.570000,57.767516,37-46,-1.000000,""
343,w0,delay_26,277.040000,1,39.000000,1,COMPLETED_SUCCESSFULLY,9574.860000,26.000000,9600.860000,9297.820000,9323.820000,358.608462,44,-1.000000,""
342,w0,ph_32,276.770000,2,48.000000,1,COMPLETED_SUCCESSFULLY,9574.860000,32.000000,9606.860000,9298.090000,9330.090000,291.565313,42-43,-1.000000,""
346,w0,delay_11,278.890000,1,17.000000,1,COMPLETED_SUCCESSFULLY,9606.860000,11.000000,9617.860000,9327.970000,9338.970000,848.997273,44,-1.000000,""
344,w0,delay_49,278.180000,3,74.000000,1,COMPLETED_SUCCESSFULLY,9574.860000,49.000000,9623.860000,9296.680000,9345.680000,190.728163,45-47,-1.000000,""
338,w0,delay_76,275.510000,8,114.000000,1,COMPLETED_SUCCESSFULLY,9549.860000,76.000000,9625.860000,9274.350000,9350.350000,123.030921,0-7,-1.000000,""
345,w0,delay_20,278.430000,2,30.000000,1,COMPLETED_SUCCESSFULLY,9606.860000,20.000000,9626.860000,9328.430000,9348.430000,467.421500,42-43,-1.000000,""
348,w0,ph_41,280.280000,1,62.000000,1,COMPLETED_SUCCESSFULLY,9626.860000,41.000000,9667.860000,9346.580000,9387.580000,228.965366,42,-1.000000,""
340,w0,delay_158,276.430000,10,237.000000,1,COMPLETED_SUCCESSFULLY,9549.860000,158.000000,9707.860000,9273.430000,9431.430000,59.692595,11-20,-1.000000,""
341,w0,delay_151,276.640000,24,227.000000,1,COMPLETED_SUCCESSFULLY,9574.860000,151.000000,9725.860000,9298.220000,9449.220000,62.577616,8-10 21-41,-1.000000,""
350,w0,delay_14,281.170000,4,21.000000,1,COMPLETED_SUCCESSFULLY,9725.860000,14.000000,9739.860000,9444.690000,9458.690000,675.620714,8-10 21,-1.000000,""
351,w0,delay_23,281.230000,4,35.000000,1,COMPLETED_SUCCESSFULLY,9725.860000,23.000000,9748.860000,9444.630000,9467.630000,411.636087,22-25,-1.000000,""
353,w0,delay_42,281.440000,3,63.000000,1,COMPLETED_SUCCESSFULLY,9725.860000,42.000000,9767.860000,9444.420000,9486.420000,225.867143,38-40,-1.000000,""
347,w0,delay_143,279.970000,12,215.000000,1,COMPLETED_SUCCESSFULLY,9625.860000,143.000000,9768.860000,9345.890000,9488.890000,66.355874,0-7 44-47,-1.000000,""
354,w0,ph_38,281.580000,3,57.000000,1,COMPLETED_SUCCESSFULLY,9739.860000,38.000000,9777.860000,9458.280000,9496.280000,249.902105,8-10,-1.000000,""
355,w0,delay_49,281.620000,4,74.000000,1,COMPLETED_SUCCESSFULLY,9748.860000,49.000000,9797.860000,9467.240000,9516.240000,194.208980,21-24,-1.000000,""
349,w0,delay_121,280.570000,12,182.000000,1,COMPLETED_SUCCESSFULLY,9707.860000,121.000000,9828.860000,9427.290000,9548.290000,78.911488,11-20 42-43,-1.000000,""
357,w0,delay_41,282.890000,4,62.000000,1,COMPLETED_SUCCESSFULLY,9828.860000,41.000000,9869.860000,9545.970000,9586.970000,233.828537,44-47,-1.000000,""
352,w0,delay_153,281.290000,12,230.000000,1,COMPLETED_SUCCESSFULLY,9725.860000,153.000000,9878.860000,9444.570000,9597.570000,62.729216,26-37,-1.000000,""
359,w0,delay_13,283.240000,1,20.000000,1,COMPLETED_SUCCESSFULLY,9878.860000,13.000000,9891.860000,9595.620000,9608.620000,739.124615,26,-1.000000,""
358,w0,delay_42,283.140000,4,63.000000,1,COMPLETED_SUCCESSFULLY,9869.860000,42.000000,9911.860000,9586.720000,9628.720000,229.255238,44-47,-1.000000,""
360,w0,ph_96,283.570000,16,144.000000,1,COMPLETED_SUCCESSFULLY,9911.860000,96.000000,10007.860000,9628.290000,9724.290000,101.294688,26-37 44-47,-1.000000,""
363,w0,delay_42,284.600000,4,63.000000,1,COMPLETED_SUCCESSFULLY,10007.860000,42.000000,10049.860000,9723.260000,9765.260000,232.506190,30-33,-1.000000,""
362,w0,delay_46,284.440000,1,69.000000,1,COMPLETED_SUCCESSFULLY,10007.860000,46.000000,10053.860000,9723.420000,9769.420000,212.378696,29,-1.000000,""
361,w0,delay_56,284.250000,3,84.000000,1,COMPLETED_SUCCESSFULLY,10007.860000,56.000000,10063.860000,9723.610000,9779.610000,174.635893,26-28,-1.000000,""
364,w0,delay_76,284.890000,8,114.000000,1,COMPLETED_SUCCESSFULLY,10007.860000,76.000000,10083.860000,9722.970000,9798.970000,128.933816,34-37 44-47,-1.000000,""
356,w0,delay_267,282.810000,32,401.000000,1,COMPLETED_SUCCESSFULLY,9828.860000,267.000000,10095.860000,9546.050000,9813.050000,36.752996,0-25 38-43,-1.000000,""
366,w0,ph_42,285.590000,4,37.000000,0,COMPLETED_WALLTIME_REACHED,10083.860000,37.000000,10120.860000,9798.270000,9835.270000,265.818108,44-47,-1.000000,""
370,w0,delay_40,286.760000,3,60.000000,1,COMPLETED_SUCCESSFULLY,10095.860000,40.000000,10135.860000,9809.100000,9849.100000,246.227500,22-24,-1.000000,""
369,w0,delay_47,286.120000,3,71.000000,1,COMPLETED_SUCCESSFULLY,10095.860000,47.000000,10142.860000,9809.740000,9856.740000,209.717872,19-21,-1.000000,""
368,w0,delay_49,285.940000,3,74.000000,1,COMPLETED_SUCCESSFULLY,10095.860000,49.000000,10144.860000,9809.920000,9858.920000,201.202449,16-18,-1.000000,""
365,w0,delay_131,285.080000,12,197.000000,1,COMPLETED_SUCCESSFULLY,10083.860000,131.000000,10214.860000,9798.780000,9929.780000,75.799847,26-37,-1.000000,""
367,w0,delay_126,285.600000,16,189.000000,1,COMPLETED_SUCCESSFULLY,10095.860000,126.000000,10221.860000,9810.260000,9936.260000,78.859206,0-15,-1.000000,""
374,w0,delay_19,289.240000,4,29.000000,1,COMPLETED_SUCCESSFULLY,10221.860000,19.000000,10240.860000,9932.620000,9951.620000,523.769474,10-13,-1.000000,""
375,w0,delay_22,289.340000,1,19.000000,0,COMPLETED_WALLTIME_REACHED,10221.860000,19.000000,10240.860000,9932.520000,9951.520000,523.764211,14,-1.000000,""
376,w0,delay_36,289.480000,2,54.000000,1,COMPLETED_SUCCESSFULLY,10221.860000,36.000000,10257.860000,9932.380000,9968.380000,276.899444,15 31,-1.000000,""
378,w0,ph_43,289.910000,4,65.000000,1,COMPLETED_SUCCESSFULLY,10221.860000,43.000000,10264.860000,9931.950000,9974.950000,231.975581,33-36,-1.000000,""
371,w0,delay_134,286.930000,16,201.000000,1,COMPLETED_SUCCESSFULLY,10142.860000,134.000000,10276.860000,9855.930000,9989.930000,74.551716,19-25 38-46,-1.000000,""
377,w0,delay_55,289.820000,1,83.000000,1,COMPLETED_SUCCESSFULLY,10221.860000,55.000000,10276.860000,9932.040000,9987.040000,181.582545,32,-1.000000,""
379,w0,delay_44,291.050000,3,66.000000,1,COMPLETED_SUCCESSFULLY,10240.860000,44.000000,10284.860000,9949.810000,9993.810000,227.132045,10-12,-1.000000,""
381,w0,delay_24,292.730000,3,36.000000,1,COMPLETED_SUCCESSFULLY,10276.860000,24.000000,10300.860000,9984.130000,10008.130000,417.005417,34-36,-1.000000,""
383,w0,delay_28,294.340000,3,42.000000,1,COMPLETED_SUCCESSFULLY,10284.860000,28.000000,10312.860000,9990.520000,10018.520000,357.804286,10-12,-1.000000,""
384,w0,ph_32,294.750000,4,48.000000,1,COMPLETED_SUCCESSFULLY,10300.860000,32.000000,10332.860000,10006.110000,10038.110000,313.690938,32 34-36,-1.000000,""
372,w0,ph_136,287.760000,8,204.000000,1,COMPLETED_SUCCESSFULLY,10214.860000,136.000000,10350.860000,9927.100000,10063.100000,73.993382,16-18 26-30,-1.000000,""
385,w0,delay_55,295.340000,3,83.000000,1,COMPLETED_SUCCESSFULLY,10312.860000,55.000000,10367.860000,10017.520000,10072.520000,183.136727,10-12,-1.000000,""
373,w0,delay_152,289.000000,10,228.000000,1,COMPLETED_SUCCESSFULLY,10221.860000,152.000000,10373.860000,9932.860000,10084.860000,66.347763,0-9,-1.000000,""
380,w0,delay_138,291.590000,12,207.000000,1,COMPLETED_SUCCESSFULLY,10276.860000,138.000000,10414.860000,9985.270000,10123.270000,73.357029,13-15 19-25 31 33,-1.000000,""
382,w0,delay_148,294.200000,10,222.000000,1,COMPLETED_SUCCESSFULLY,10276.860000,148.000000,10424.860000,9982.660000,10130.660000,68.450405,37-46,-1.000000,""
386,w0,delay_87,296.280000,16,131.000000,1,COMPLETED_SUCCESSFULLY,10367.860000,87.000000,10454.860000,10071.580000,10158.580000,116.765287,10-12 16-18 26-30 32 34-36 47,-1.000000,""
389,w0,delay_36,297.150000,1,54.000000,1,COMPLETED_SUCCESSFULLY,10454.860000,36.000000,10490.860000,10157.710000,10193.710000,283.158611,11,-1.000000,""
391,w0,delay_40,298.770000,4,60.000000,1,COMPLETED_SUCCESSFULLY,10454.860000,40.000000,10494.860000,10156.090000,10196.090000,254.902250,34-36 47,-1.000000,""
388,w0,delay_52,297.050000,1,78.000000,1,COMPLETED_SUCCESSFULLY,10454.860000,52.000000,10506.860000,10157.810000,10209.810000,196.342500,10,-1.000000,""
390,w0,ph_60,297.380000,10,90.000000,1,COMPLETED_SUCCESSFULLY,10454.860000,60.000000,10514.860000,10157.480000,10217.480000,170.291333,12 16-18 26-30 32,-1.000000,""
392,w0,delay_51,299.280000,3,77.000000,1,COMPLETED_SUCCESSFULLY,10494.860000,51.000000,10545.860000,10195.580000,10246.580000,200.913333,11 34-35,-1.000000,""
394,w0,delay_36,300.500000,2,54.000000,1,COMPLETED_SUCCESSFULLY,10514.860000,36.000000,10550.860000,10214.360000,10250.360000,284.732222,32 36,-1.000000,""
387,w0,delay_155,296.560000,32,233.000000,1,COMPLETED_SUCCESSFULLY,10424.860000,155.000000,10579.860000,10128.300000,10283.300000,66.343871,0-9 13-15 19-25 31 33 37-46,-1.000000,""
393,w0,delay_128,299.810000,10,192.000000,1,COMPLETED_SUCCESSFULLY,10514.860000,128.000000,10642.860000,10215.050000,10343.050000,80.805078,10 12 16-18 26-30,-1.000000,""
396,w0,ph_172,301.070000,12,154.000000,0,COMPLETED_WALLTIME_REACHED,10642.860000,154.000000,10796.860000,10341.790000,10495.790000,68.154481,10 12 16-18 26-30 46-47,-1.000000,""
397,w0,delay_28,301.200000,3,42.000000,1,COMPLETED_SUCCESSFULLY,10796.860000,28.000000,10824.860000,10495.660000,10523.660000,375.845000,10 12 16,-1.000000,""
395,w0,delay_246,300.570000,36,369.000000,1,COMPLETED_SUCCESSFULLY,10579.860000,246.000000,10825.860000,10279.290000,10525.290000,42.785732,0-9 11 13-15 19-25 31-45,-1.000000,""
398,w0,delay_42,301.580000,2,63.000000,1,COMPLETED_SUCCESSFULLY,10796.860000,42.000000,10838.860000,10495.280000,10537.280000,250.887619,17-18,-1.000000,""
407,w0,delay_24,304.830000,2,36.000000,1,COMPLETED_SUCCESSFULLY,10825.860000,24.000000,10849.860000,10521.030000,10545.030000,439.376250,24-25,-1.000000,""
403,w0,delay_25,303.200000,4,38.000000,1,COMPLETED_SUCCESSFULLY,10825.860000,25.000000,10850.860000,10522.660000,10547.660000,421.906400,11 13-15,-1.000000,""
404,w0,delay_26,303.310000,1,39.000000,1,COMPLETED_SUCCESSFULLY,10825.860000,26.000000,10851.860000,10522.550000,10548.550000,405.713462,19,-1.000000,""
399,w0,delay_56,301.650000,2,84.000000,1,COMPLETED_SUCCESSFULLY,10796.860000,56.000000,10852.860000,10495.210000,10551.210000,188.414464,26-27,-1.000000,""
400,w0,delay_60,301.760000,3,90.000000,1,COMPLETED_SUCCESSFULLY,10796.860000,60.000000,10856.860000,10495.100000,10555.100000,175.918333,28-30,-1.000000,""
401,w0,delay_37,302.170000,4,56.000000,1,COMPLETED_SUCCESSFULLY,10824.860000,37.000000,10861.860000,10522.690000,10559.690000,285.397027,10 12 16 46,-1.000000,""
408,w0,ph_36,305.070000,3,54.000000,1,COMPLETED_SUCCESSFULLY,10825.860000,36.000000,10861.860000,10520.790000,10556.790000,293.244167,31-33,-1.000000,""
411,w0,delay_13,306.910000,1,20.000000,1,COMPLETED_SUCCESSFULLY,10850.860000,13.000000,10863.860000,10543.950000,10556.950000,812.073077,44,-1.000000,""
405,w0,delay_39,303.740000,1,59.000000,1,COMPLETED_SUCCESSFULLY,10825.860000,39.000000,10864.860000,10522.120000,10561.120000,270.797949,20,-1.000000,""
412,w0,delay_20,307.760000,2,30.000000,1,COMPLETED_SUCCESSFULLY,10850.860000,20.000000,10870.860000,10543.100000,10563.100000,528.155000,45 47,-1.000000,""
418,w0,delay_12,309.740000,4,18.000000,1,COMPLETED_SUCCESSFULLY,10861.860000,12.000000,10873.860000,10552.120000,10564.120000,880.343333,31-33 46,-1.000000,""
406,w0,delay_54,303.930000,3,81.000000,1,COMPLETED_SUCCESSFULLY,10825.860000,54.000000,10879.860000,10521.930000,10575.930000,195.850556,21-23,-1.000000,""
414,w0,ph_39,308.060000,1,59.000000,1,COMPLETED_SUCCESSFULLY,10852.860000,39.000000,10891.860000,10544.800000,10583.800000,271.379487,27,-1.000000,""
402,w0,ph_77,302.200000,10,116.000000,1,COMPLETED_SUCCESSFULLY,10825.860000,77.000000,10902.860000,10523.660000,10600.660000,137.670909,0-9,-1.000000,""
419,w0,delay_33,309.810000,4,50.000000,1,COMPLETED_SUCCESSFULLY,10870.860000,33.000000,10903.860000,10561.050000,10594.050000,321.031818,20 44-45 47,-1.000000,""
417,w0,delay_44,308.750000,1,66.000000,1,COMPLETED_SUCCESSFULLY,10861.860000,44.000000,10905.860000,10553.110000,10597.110000,240.843409,30,-1.000000,""
413,w0,delay_55,308.030000,2,83.000000,1,COMPLETED_SUCCESSFULLY,10852.860000,55.000000,10907.860000,10544.830000,10599.830000,192.724182,19 26,-1.000000,""
415,w0,delay_53,308.260000,4,80.000000,1,COMPLETED_SUCCESSFULLY,10861.860000,53.000000,10914.860000,10553.600000,10606.600000,200.124528,10 12 16 28,-1.000000,""
416,w0,delay_57,308.720000,1,86.000000,1,COMPLETED_SUCCESSFULLY,10861.860000,57.000000,10918.860000,10553.140000,10610.140000,186.142807,29,-1.000000,""
410,w0,delay_127,306.470000,8,191.000000,1,COMPLETED_SUCCESSFULLY,10850.860000,127.000000,10977.860000,10544.390000,10671.390000,84.026693,11 13-15 17-18 24-25,-1.000000,""
409,w0,delay_157,305.960000,10,236.000000,1,COMPLETED_SUCCESSFULLY,10825.860000,157.000000,10982.860000,10519.900000,10676.900000,68.005732,34-43,-1.000000,""
420,w0,ph_108,309.990000,16,162.000000,1,COMPLETED_SUCCESSFULLY,10902.860000,108.000000,11010.860000,10592.870000,10700.870000,99.082130,0-9 21-23 27 31-32,-1.000000,""
421,w0,delay_143,311.200000,10,215.000000,1,COMPLETED_SUCCESSFULLY,10914.860000,143.000000,11057.860000,10603.660000,10746.660000,75.151469,10 12 16 19-20 26 28 30 33 44,-1.000000,""
424,w0,delay_24,313.110000,4,36.000000,1,COMPLETED_SUCCESSFULLY,11057.860000,24.000000,11081.860000,10744.750000,10768.750000,448.697917,33 44 46-47,-1.000000,""
425,w0,delay_12,313.260000,1,18.000000,1,COMPLETED_SUCCESSFULLY,11081.860000,12.000000,11093.860000,10768.600000,10780.600000,898.383333,33,-1.000000,""
423,w0,delay_98,312.650000,8,147.000000,1,COMPLETED_SUCCESSFULLY,11057.860000,98.000000,11155.860000,10745.210000,10843.210000,110.645000,10 12 16 19-20 26 28 30,-1.000000,""
427,w0,delay_25,313.500000,1,38.000000,1,COMPLETED_SUCCESSFULLY,11155.860000,25.000000,11180.860000,10842.360000,10867.360000,434.694400,33,-1.000000,""
428,w0,delay_58,313.690000,2,87.000000,1,COMPLETED_SUCCESSFULLY,11155.860000,58.000000,11213.860000,10842.170000,10900.170000,187.933966,44 46,-1.000000,""
429,w0,delay_24,313.710000,3,36.000000,1,COMPLETED_SUCCESSFULLY,11213.860000,24.000000,11237.860000,10900.150000,10924.150000,455.172917,33 44 46,-1.000000,""
426,w0,ph_90,313.460000,8,135.000000,1,COMPLETED_SUCCESSFULLY,11155.860000,90.000000,11245.860000,10842.400000,10932.400000,121.471111,10 12 16 19-20 26 28 30,-1.000000,""
430,w0,delay_25,314.190000,3,38.000000,1,COMPLETED_SUCCESSFULLY,11237.860000,25.000000,11262.860000,10923.670000,10948.670000,437.946800,33 44 46,-1.000000,""
422,w0,delay_255,311.250000,36,383.000000,1,COMPLETED_SUCCESSFULLY,11010.860000,255.000000,11265.860000,10699.610000,10954.610000,42.959255,0-9 11 13-15 17-18 21-25 27 29 31-32 34-43 45,-1.000000,""
434,w0,delay_36,315.120000,4,54.000000,1,COMPLETED_SUCCESSFULLY,11265.860000,36.000000,11301.860000,10950.740000,10986.740000,305.187222,40-43,-1.000000,""
433,w0,delay_51,314.560000,3,77.000000,1,COMPLETED_SUCCESSFULLY,11265.860000,51.000000,11316.860000,10951.300000,11002.300000,215.731373,37-39,-1.000000,""
431,w0,delay_112,314.240000,10,168.000000,1,COMPLETED_SUCCESSFULLY,11262.860000,112.000000,11374.860000,10948.620000,11060.620000,98.755536,10 12 16 19-20 26 28 30 33 44,-1.000000,""
435,w0,delay_90,315.290000,16,135.000000,1,COMPLETED_SUCCESSFULLY,11374.860000,90.000000,11464.860000,11059.570000,11149.570000,123.884111,10 12 16 19-20 26 28 30 33 37-43,-1.000000,""
437,w0,delay_34,315.620000,2,51.000000,1,COMPLETED_SUCCESSFULLY,11464.860000,34.000000,11498.860000,11149.240000,11183.240000,328.918824,44-45,-1.000000,""
432,w0,ph_280,314.260000,28,420.000000,1,COMPLETED_SUCCESSFULLY,11265.860000,280.000000,11545.860000,10951.600000,11231.600000,40.112857,0-9 11 13-15 17-18 21-25 27 29 31-32 34-36,-1.000000,""
440,w0,delay_22,316.310000,1,33.000000,1,COMPLETED_SUCCESSFULLY,11545.860000,22.000000,11567.860000,11229.550000,11251.550000,511.434091,32,-1.000000,""
439,w0,delay_94,315.980000,8,141.000000,1,COMPLETED_SUCCESSFULLY,11545.860000,94.000000,11639.860000,11229.880000,11323.880000,120.466809,21-25 27 29 31,-1.000000,""
436,w0,delay_177,315.420000,16,266.000000,1,COMPLETED_SUCCESSFULLY,11464.860000,177.000000,11641.860000,11149.440000,11326.440000,63.991186,10 12 16 19-20 26 28 30 33 37-43,-1.000000,""
442,w0,delay_23,317.500000,1,35.000000,1,COMPLETED_SUCCESSFULLY,11639.860000,23.000000,11662.860000,11322.360000,11345.360000,493.276522,35,-1.000000,""
443,w0,delay_25,318.690000,4,38.000000,1,COMPLETED_SUCCESSFULLY,11639.860000,25.000000,11664.860000,11321.170000,11346.170000,453.846800,36 44-46,-1.000000,""
445,w0,delay_29,319.250000,3,44.000000,1,COMPLETED_SUCCESSFULLY,11641.860000,29.000000,11670.860000,11322.610000,11351.610000,391.434828,16 19-20,-1.000000,""
444,w0,ph_45,319.130000,2,68.000000,1,COMPLETED_SUCCESSFULLY,11641.860000,45.000000,11686.860000,11322.730000,11367.730000,252.616222,10 12,-1.000000,""
446,w0,delay_56,319.520000,1,84.000000,1,COMPLETED_SUCCESSFULLY,11641.860000,56.000000,11697.860000,11322.340000,11378.340000,203.184643,26,-1.000000,""
438,w0,ph_168,315.700000,16,252.000000,1,COMPLETED_SUCCESSFULLY,11545.860000,168.000000,11713.860000,11230.160000,11398.160000,67.846190,0-9 11 13-15 17-18,-1.000000,""
448,w0,delay_11,320.480000,2,17.000000,1,COMPLETED_SUCCESSFULLY,11713.860000,11.000000,11724.860000,11393.380000,11404.380000,1036.761818,42-43,-1.000000,""
449,w0,delay_28,321.470000,4,42.000000,1,COMPLETED_SUCCESSFULLY,11713.860000,28.000000,11741.860000,11392.390000,11420.390000,407.871071,44-47,-1.000000,""
441,w0,delay_121,316.640000,10,182.000000,1,COMPLETED_SUCCESSFULLY,11639.860000,121.000000,11760.860000,11323.220000,11444.220000,94.580331,21-25 27 29 31-32 34,-1.000000,""
450,w0,ph_41,321.620000,2,62.000000,1,COMPLETED_SUCCESSFULLY,11724.860000,41.000000,11765.860000,11403.240000,11444.240000,279.127805,42-43,-1.000000,""
452,w0,delay_20,322.910000,3,30.000000,1,COMPLETED_SUCCESSFULLY,11760.860000,20.000000,11780.860000,11437.950000,11457.950000,572.897500,21-23,-1.000000,""
451,w0,delay_56,322.660000,4,84.000000,1,COMPLETED_SUCCESSFULLY,11741.860000,56.000000,11797.860000,11419.200000,11475.200000,204.914286,44-47,-1.000000,""
453,w0,delay_43,323.200000,1,38.000000,0,COMPLETED_WALLTIME_REACHED,11760.860000,38.000000,11798.860000,11437.660000,11475.660000,301.991053,24,-1.000000,""
447,w0,delay_200,320.180000,32,300.000000,1,COMPLETED_SUCCESSFULLY,11713.860000,200.000000,11913.860000,11393.680000,11593.680000,57.968400,0-20 26 28 30 33 35-41,-1.000000,""
455,w0,delay_10,324.550000,2,15.000000,1,COMPLETED_SUCCESSFULLY,11913.860000,10.000000,11923.860000,11589.310000,11599.310000,1159.931000,24-25,-1.000000,""
457,w0,delay_11,324.780000,1,17.000000,1,COMPLETED_SUCCESSFULLY,11913.860000,11.000000,11924.860000,11589.080000,11600.080000,1054.552727,30,-1.000000,""
456,w0,ph_52,324.770000,4,78.000000,1,COMPLETED_SUCCESSFULLY,11913.860000,52.000000,11965.860000,11589.090000,11641.090000,223.867115,26-29,-1.000000,""
454,w0,delay_121,323.880000,24,182.000000,1,COMPLETED_SUCCESSFULLY,11913.860000,121.000000,12034.860000,11589.980000,11710.980000,96.784959,0-23,-1.000000,""
460,w0,delay_32,325.570000,3,48.000000,1,COMPLETED_SUCCESSFULLY,12034.860000,32.000000,12066.860000,11709.290000,11741.290000,366.915313,10-12,-1.000000,""
463,w0,delay_34,327.820000,4,51.000000,1,COMPLETED_SUCCESSFULLY,12034.860000,34.000000,12068.860000,11707.040000,11741.040000,345.324706,18-21,-1.000000,""
461,w0,delay_39,325.750000,4,59.000000,1,COMPLETED_SUCCESSFULLY,12034.860000,39.000000,12073.860000,11709.110000,11748.110000,301.233590,13-16,-1.000000,""
462,w0,ph_51,327.440000,1,77.000000,1,COMPLETED_SUCCESSFULLY,12034.860000,51.000000,12085.860000,11707.420000,11758.420000,230.557255,17,-1.000000,""
459,w0,delay_73,325.300000,10,110.000000,1,COMPLETED_SUCCESSFULLY,12034.860000,73.000000,12107.860000,11709.560000,11782.560000,161.404932,0-9,-1.000000,""
466,w0,delay_27,328.280000,4,24.000000,0,COMPLETED_WALLTIME_REACHED,12107.860000,24.000000,12131.860000,11779.580000,11803.580000,491.815833,8-9 17 21,-1.000000,""
464,w0,delay_70,328.050000,10,105.000000,1,COMPLETED_SUCCESSFULLY,12073.860000,70.000000,12143.860000,11745.810000,11815.810000,168.797286,10-16 18-20,-1.000000,""
458,w0,delay_248,324.890000,24,372.000000,1,COMPLETED_SUCCESSFULLY,11965.860000,248.000000,12213.860000,11640.970000,11888.970000,47.939395,24-47,-1.000000,""
465,w0,delay_174,328.260000,8,261.000000,1,COMPLETED_SUCCESSFULLY,12107.860000,174.000000,12281.860000,11779.600000,11953.600000,68.698851,0-7,-1.000000,""
467,w0,delay_165,328.300000,24,248.000000,1,COMPLETED_SUCCESSFULLY,12213.860000,165.000000,12378.860000,11885.560000,12050.560000,73.033697,8-31,-1.000000,""
471,w0,delay_13,329.190000,3,20.000000,1,COMPLETED_SUCCESSFULLY,12378.860000,13.000000,12391.860000,12049.670000,12062.670000,927.897692,42-44,-1.000000,""
469,w0,delay_53,328.570000,4,80.000000,1,COMPLETED_SUCCESSFULLY,12378.860000,53.000000,12431.860000,12050.290000,12103.290000,228.363962,28-31,-1.000000,""
472,w0,delay_59,329.280000,4,89.000000,1,COMPLETED_SUCCESSFULLY,12391.860000,59.000000,12450.860000,12062.580000,12121.580000,205.450508,42-45,-1.000000,""
470,w0,delay_161,328.720000,10,242.000000,1,COMPLETED_SUCCESSFULLY,12378.860000,161.000000,12539.860000,12050.140000,12211.140000,75.845590,32-41,-1.000000,""
474,w0,ph_53,329.940000,2,80.000000,1,COMPLETED_SUCCESSFULLY,12539.860000,53.000000,12592.860000,12209.920000,12262.920000,231.375849,44-45,-1.000000,""
468,w0,ph_221,328.440000,28,332.000000,1,COMPLETED_SUCCESSFULLY,12378.860000,221.000000,12599.860000,12050.420000,12271.420000,55.526787,0-27,-1.000000,""
479,w0,delay_16,331.320000,4,14.000000,0,COMPLETED_WALLTIME_REACHED,12599.860000,14.000000,12613.860000,12268.540000,12282.540000,877.324286,22-25,-1.000000,""
477,w0,delay_16,330.200000,3,24.000000,1,COMPLETED_SUCCESSFULLY,12599.860000,16.000000,12615.860000,12269.660000,12285.660000,767.853750,16-18,-1.000000,""
478,w0,delay_16,331.240000,3,24.000000,1,COMPLETED_SUCCESSFULLY,12599.860000,16.000000,12615.860000,12268.620000,12284.620000,767.788750,19-21,-1.000000,""
480,w0,ph_34,331.480000,3,30.000000,0,COMPLETED_WALLTIME_REACHED,12599.860000,30.000000,12629.860000,12268.380000,12298.380000,409.946000,26-27 44,-1.000000,""
482,w0,delay_29,332.090000,3,44.000000,1,COMPLETED_SUCCESSFULLY,12615.860000,29.000000,12644.860000,12283.770000,12312.770000,424.578276,19-21,-1.000000,""
476,w0,delay_55,330.140000,4,83.000000,1,COMPLETED_SUCCESSFULLY,12599.860000,55.000000,12654.860000,12269.720000,12324.720000,224.085818,12-15,-1.000000,""
473,w0,delay_122,329.650000,16,183.000000,1,COMPLETED_SUCCESSFULLY,12539.860000,122.000000,12661.860000,12210.210000,12332.210000,101.083689,28-43,-1.000000,""
485,w0,delay_18,333.030000,1,27.000000,1,COMPLETED_SUCCESSFULLY,12644.860000,18.000000,12662.860000,12311.830000,12329.830000,684.990556,21,-1.000000,""
483,w0,delay_36,332.150000,3,54.000000,1,COMPLETED_SUCCESSFULLY,12629.860000,36.000000,12665.860000,12297.710000,12333.710000,342.603056,26-27 44,-1.000000,""
488,w0,delay_21,335.390000,3,32.000000,1,COMPLETED_SUCCESSFULLY,12661.860000,21.000000,12682.860000,12326.470000,12347.470000,587.974762,38-40,-1.000000,""
486,w0,ph_31,334.110000,4,47.000000,1,COMPLETED_SUCCESSFULLY,12654.860000,31.000000,12685.860000,12320.750000,12351.750000,398.443548,12-15,-1.000000,""
484,w0,delay_56,332.710000,2,84.000000,1,COMPLETED_SUCCESSFULLY,12644.860000,56.000000,12700.860000,12312.150000,12368.150000,220.859821,19-20,-1.000000,""
489,w0,delay_46,336.650000,4,69.000000,1,COMPLETED_SUCCESSFULLY,12662.860000,46.000000,12708.860000,12326.210000,12372.210000,268.961087,21 41-43,-1.000000,""
490,w0,delay_33,336.790000,4,50.000000,1,COMPLETED_SUCCESSFULLY,12682.860000,33.000000,12715.860000,12346.070000,12379.070000,375.123333,26-27 38-39,-1.000000,""
491,w0,delay_53,337.090000,2,80.000000,1,COMPLETED_SUCCESSFULLY,12682.860000,53.000000,12735.860000,12345.770000,12398.770000,233.939057,40 44,-1.000000,""
481,w0,delay_133,331.670000,10,200.000000,1,COMPLETED_SUCCESSFULLY,12615.860000,133.000000,12748.860000,12284.190000,12417.190000,93.362331,16-18 22-25 45-47,-1.000000,""
487,w0,delay_98,334.320000,10,147.000000,1,COMPLETED_SUCCESSFULLY,12661.860000,98.000000,12759.860000,12327.540000,12425.540000,126.791224,28-37,-1.000000,""
475,w0,delay_162,330.110000,12,243.000000,1,COMPLETED_SUCCESSFULLY,12599.860000,162.000000,12761.860000,12269.750000,12431.750000,76.739198,0-11,-1.000000,""
493,w0,delay_53,337.750000,4,80.000000,1,COMPLETED_SUCCESSFULLY,12715.860000,53.000000,12768.860000,12378.110000,12431.110000,234.549245,26-27 38-39,-1.000000,""
494,w0,delay_55,338.120000,2,83.000000,1,COMPLETED_SUCCESSFULLY,12735.860000,55.000000,12790.860000,12397.740000,12452.740000,226.413455,40 44,-1.000000,""
495,w0,delay_47,338.290000,4,71.000000,1,COMPLETED_SUCCESSFULLY,12748.860000,47.000000,12795.860000,12410.570000,12457.570000,265.054681,16-18 22,-1.000000,""
492,w0,ph_116,337.100000,10,174.000000,1,COMPLETED_SUCCESSFULLY,12708.860000,116.000000,12824.860000,12371.760000,12487.760000,107.653103,12-15 19-21 41-43,-1.000000,""
498,w0,ph_46,340.190000,1,69.000000,1,COMPLETED_SUCCESSFULLY,12824.860000,46.000000,12870.860000,12484.670000,12530.670000,272.405870,42,-1.000000,""
499,w0,delay_60,340.600000,3,90.000000,1,COMPLETED_SUCCESSFULLY,12824.860000,60.000000,12884.860000,12484.260000,12544.260000,209.071000,43 46-47,-1.000000,""
497,w0,delay_73,339.800000,8,110.000000,1,COMPLETED_SUCCESSFULLY,12824.860000,73.000000,12897.860000,12485.060000,12558.060000,172.028219,12-15 19-21 41,-1.000000,""
500,w0,delay_38,340.610000,2,57.000000,1,COMPLETED_SUCCESSFULLY,12884.860000,38.000000,12922.860000,12544.250000,12582.250000,331.111842,42-43,-1.000000,""
502,w0,delay_17,341.070000,1,26.000000,1,COMPLETED_SUCCESSFULLY,12922.860000,17.000000,12939.860000,12581.790000,12598.790000,741.105294,42,-1.000000,""
501,w0,delay_104,340.830000,10,156.000000,1,COMPLETED_SUCCESSFULLY,12897.860000,104.000000,13001.860000,12557.030000,12661.030000,121.740673,12-15 19-21 41 46-47,-1.000000,""
496,w0,delay_259,338.550000,36,233.000000,0,COMPLETED_WALLTIME_REACHED,12795.860000,233.000000,13028.860000,12457.310000,12690.310000,54.464850,0-11 16-18 22-40 44-45,-1.000000,""
510,w0,ph_10,344.430000,4,15.000000,1,COMPLETED_SUCCESSFULLY,13028.860000,10.000000,13038.860000,12684.430000,12694.430000,1269.443000,22-25,-1.000000,""
504,w0,ph_38,341.820000,1,57.000000,1,COMPLETED_SUCCESSFULLY,13001.860000,38.000000,13039.860000,12660.040000,12698.040000,334.158947,15,-1.000000,""
503,w0,delay_39,341.550000,3,59.000000,1,COMPLETED_SUCCESSFULLY,13001.860000,39.000000,13040.860000,12660.310000,12699.310000,325.623333,12-14,-1.000000,""
512,w0,delay_22,345.270000,3,33.000000,1,COMPLETED_SUCCESSFULLY,13028.860000,22.000000,13050.860000,12683.590000,12705.590000,577.526818,34-36,-1.000000,""
505,w0,delay_55,342.040000,1,83.000000,1,COMPLETED_SUCCESSFULLY,13001.860000,55.000000,13056.860000,12659.820000,12714.820000,231.178545,19,-1.000000,""
507,w0,delay_31,342.830000,2,47.000000,1,COMPLETED_SUCCESSFULLY,13028.860000,31.000000,13059.860000,12686.030000,12717.030000,410.226774,10-11,-1.000000,""
514,w0,delay_39,345.560000,3,59.000000,1,COMPLETED_SUCCESSFULLY,13038.860000,39.000000,13077.860000,12693.300000,12732.300000,326.469231,45-47,-1.000000,""
508,w0,delay_50,343.980000,4,75.000000,1,COMPLETED_SUCCESSFULLY,13028.860000,50.000000,13078.860000,12684.880000,12734.880000,254.697600,16-18 20,-1.000000,""
509,w0,delay_57,344.350000,1,86.000000,1,COMPLETED_SUCCESSFULLY,13028.860000,57.000000,13085.860000,12684.510000,12741.510000,223.535263,21,-1.000000,""
516,w0,ph_25,346.200000,1,38.000000,1,COMPLETED_SUCCESSFULLY,13077.860000,25.000000,13102.860000,12731.660000,12756.660000,510.266400,47,-1.000000,""
511,w0,delay_133,344.520000,8,200.000000,1,COMPLETED_SUCCESSFULLY,13028.860000,133.000000,13161.860000,12684.340000,12817.340000,96.370977,26-33,-1.000000,""
513,w0,delay_136,345.380000,12,204.000000,1,COMPLETED_SUCCESSFULLY,13038.860000,136.000000,13174.860000,12693.480000,12829.480000,94.334412,22-25 37-44,-1.000000,""
506,w0,delay_179,342.720000,10,269.000000,1,COMPLETED_SUCCESSFULLY,13028.860000,179.000000,13207.860000,12686.140000,12865.140000,71.872291,0-9,-1.000000,""
518,w0,delay_50,346.590000,4,75.000000,1,COMPLETED_SUCCESSFULLY,13174.860000,50.000000,13224.860000,12828.270000,12878.270000,257.565400,33 37-39,-1.000000,""
515,w0,delay_177,346.170000,12,266.000000,1,COMPLETED_SUCCESSFULLY,13077.860000,177.000000,13254.860000,12731.690000,12908.690000,72.930452,10-15 19 34-36 45-46,-1.000000,""
517,w0,delay_113,346.270000,16,170.000000,1,COMPLETED_SUCCESSFULLY,13174.860000,113.000000,13287.860000,12828.590000,12941.590000,114.527345,16-18 20-32,-1.000000,""
520,w0,delay_49,347.620000,4,74.000000,1,COMPLETED_SUCCESSFULLY,13254.860000,49.000000,13303.860000,12907.240000,12956.240000,264.413061,44-47,-1.000000,""
521,w0,delay_22,347.790000,2,33.000000,1,COMPLETED_SUCCESSFULLY,13287.860000,22.000000,13309.860000,12940.070000,12962.070000,589.185000,16-17,-1.000000,""
522,w0,ph_36,348.990000,4,54.000000,1,COMPLETED_SUCCESSFULLY,13287.860000,36.000000,13323.860000,12938.870000,12974.870000,360.413056,18 20-22,-1.000000,""
523,w0,delay_81,349.190000,16,122.000000,1,COMPLETED_SUCCESSFULLY,13309.860000,81.000000,13390.860000,12960.670000,13041.670000,161.008272,16-17 23-32 44-47,-1.000000,""
525,w0,delay_46,349.480000,4,69.000000,1,COMPLETED_SUCCESSFULLY,13390.860000,46.000000,13436.860000,13041.380000,13087.380000,284.508261,29-32,-1.000000,""
526,w0,delay_46,350.010000,1,69.000000,1,COMPLETED_SUCCESSFULLY,13390.860000,46.000000,13436.860000,13040.850000,13086.850000,284.496739,44,-1.000000,""
524,w0,delay_64,349.200000,12,96.000000,1,COMPLETED_SUCCESSFULLY,13390.860000,64.000000,13454.860000,13041.660000,13105.660000,204.775938,16-18 20-28,-1.000000,""
519,w0,delay_262,347.500000,28,393.000000,1,COMPLETED_SUCCESSFULLY,13254.860000,262.000000,13516.860000,12907.360000,13169.360000,50.264733,0-15 19 33-43,-1.000000,""
530,w0,delay_38,351.430000,1,57.000000,1,COMPLETED_SUCCESSFULLY,13516.860000,38.000000,13554.860000,13165.430000,13203.430000,347.458684,34,-1.000000,""
527,w0,delay_129,350.550000,12,194.000000,1,COMPLETED_SUCCESSFULLY,13454.860000,129.000000,13583.860000,13104.310000,13233.310000,102.583798,16-18 20-28,-1.000000,""
528,w0,ph_114,350.570000,10,171.000000,1,COMPLETED_SUCCESSFULLY,13516.860000,114.000000,13630.860000,13166.290000,13280.290000,116.493772,0-9,-1.000000,""
532,w0,delay_81,351.900000,16,122.000000,1,COMPLETED_SUCCESSFULLY,13583.860000,81.000000,13664.860000,13231.960000,13312.960000,164.357531,16-18 20-28 34 45-47,-1.000000,""
531,w0,delay_163,351.470000,10,245.000000,1,COMPLETED_SUCCESSFULLY,13516.860000,163.000000,13679.860000,13165.390000,13328.390000,81.769264,35-44,-1.000000,""
529,w0,delay_171,351.210000,12,257.000000,1,COMPLETED_SUCCESSFULLY,13516.860000,171.000000,13687.860000,13165.650000,13336.650000,77.992105,10-15 19 29-33,-1.000000,""
534,w0,ph_55,352.580000,3,83.000000,1,COMPLETED_SUCCESSFULLY,13664.860000,55.000000,13719.860000,13312.280000,13367.280000,243.041455,8-9 16,-1.000000,""
533,w0,delay_132,352.460000,8,198.000000,1,COMPLETED_SUCCESSFULLY,13630.860000,132.000000,13762.860000,13278.400000,13410.400000,101.593939,0-7,-1.000000,""
535,w0,delay_154,352.890000,24,231.000000,1,COMPLETED_SUCCESSFULLY,13679.860000,154.000000,13833.860000,13326.970000,13480.970000,87.538766,17-18 20-28 34-46,-1.000000,""
537,w0,delay_25,354.180000,3,38.000000,1,COMPLETED_SUCCESSFULLY,13833.860000,25.000000,13858.860000,13479.680000,13504.680000,540.187200,32-34,-1.000000,""
538,w0,delay_50,354.590000,3,75.000000,1,COMPLETED_SUCCESSFULLY,13833.860000,50.000000,13883.860000,13479.270000,13529.270000,270.585400,35-37,-1.000000,""
539,w0,delay_111,354.810000,8,167.000000,1,COMPLETED_SUCCESSFULLY,13833.860000,111.000000,13944.860000,13479.050000,13590.050000,122.432883,38-45,-1.000000,""
536,w0,delay_287,353.450000,32,431.000000,1,COMPLETED_SUCCESSFULLY,13833.860000,287.000000,14120.860000,13480.410000,13767.410000,47.970070,0-31,-1.000000,""
543,w0,delay_41,355.520000,2,62.000000,1,COMPLETED_SUCCESSFULLY,14120.860000,41.000000,14161.860000,13765.340000,13806.340000,336.740000,41-42,-1.000000,""
544,w0,delay_46,356.160000,2,69.000000,1,COMPLETED_SUCCESSFULLY,14120.860000,46.000000,14166.860000,13764.700000,13810.700000,300.232609,43-44,-1.000000,""
541,w0,delay_56,355.070000,1,84.000000,1,COMPLETED_SUCCESSFULLY,14120.860000,56.000000,14176.860000,13765.790000,13821.790000,246.817679,32,-1.000000,""
542,w0,delay_161,355.430000,8,242.000000,1,COMPLETED_SUCCESSFULLY,14120.860000,161.000000,14281.860000,13765.430000,13926.430000,86.499565,33-40,-1.000000,""
540,w0,ph_236,354.920000,32,354.000000,1,COMPLETED_SUCCESSFULLY,14120.860000,236.000000,14356.860000,13765.940000,14001.940000,59.330254,0-31,-1.000000,""
546,w0,ph_20,357.290000,1,30.000000,1,COMPLETED_SUCCESSFULLY,14356.860000,20.000000,14376.860000,13999.570000,14019.570000,700.978500,24,-1.000000,""
545,w0,delay_131,356.730000,24,197.000000,1,COMPLETED_SUCCESSFULLY,14356.860000,131.000000,14487.860000,14000.130000,14131.130000,107.871221,0-23,-1.000000,""
549,w0,delay_13,358.170000,2,20.000000,1,COMPLETED_SUCCESSFULLY,14487.860000,13.000000,14500.860000,14129.690000,14142.690000,1087.899231,31-32,-1.000000,""
551,w0,delay_14,358.740000,4,21.000000,1,COMPLETED_SUCCESSFULLY,14487.860000,14.000000,14501.860000,14129.120000,14143.120000,1010.222857,43-46,-1.000000,""
548,w0,delay_15,358.060000,3,23.000000,1,COMPLETED_SUCCESSFULLY,14487.860000,15.000000,14502.860000,14129.800000,14144.800000,942.986667,28-30,-1.000000,""
552,w0,ph_61,358.840000,8,92.000000,1,COMPLETED_SUCCESSFULLY,14502.860000,61.000000,14563.860000,14144.020000,14205.020000,232.869180,28-32 43-45,-1.000000,""
550,w0,delay_114,358.300000,10,171.000000,1,COMPLETED_SUCCESSFULLY,14487.860000,114.000000,14601.860000,14129.560000,14243.560000,124.943509,33-42,-1.000000,""
547,w0,delay_296,357.290000,28,444.000000,1,COMPLETED_SUCCESSFULLY,14487.860000,296.000000,14783.860000,14130.570000,14426.570000,48.738412,0-27,-1.000000,""
554,w0,delay_16,359.480000,1,24.000000,1,COMPLETED_SUCCESSFULLY,14783.860000,16.000000,14799.860000,14424.380000,14440.380000,902.523750,36,-1.000000,""
556,w0,delay_49,360.310000,1,74.000000,1,COMPLETED_SUCCESSFULLY,14783.860000,49.000000,14832.860000,14423.550000,14472.550000,295.358163,39,-1.000000,""
555,w0,delay_51,360.260000,2,77.000000,1,COMPLETED_SUCCESSFULLY,14783.860000,51.000000,14834.860000,14423.600000,14474.600000,283.815686,37-38,-1.000000,""
557,w0,delay_177,360.520000,10,266.000000,1,COMPLETED_SUCCESSFULLY,14832.860000,177.000000,15009.860000,14472.340000,14649.340000,82.764633,36 39-47,-1.000000,""
559,w0,delay_32,361.450000,4,48.000000,1,COMPLETED_SUCCESSFULLY,15009.860000,32.000000,15041.860000,14648.410000,14680.410000,458.762813,44-47,-1.000000,""
553,w0,delay_297,359.460000,36,446.000000,1,COMPLETED_SUCCESSFULLY,14783.860000,297.000000,15080.860000,14424.400000,14721.400000,49.567003,0-35,-1.000000,""
560,w0,delay_51,361.590000,3,77.000000,1,COMPLETED_SUCCESSFULLY,15041.860000,51.000000,15092.860000,14680.270000,14731.270000,288.848431,44-46,-1.000000,""
561,w0,delay_59,361.880000,3,89.000000,1,COMPLETED_SUCCESSFULLY,15080.860000,59.000000,15139.860000,14718.980000,14777.980000,250.474237,0-2,-1.000000,""
562,w0,delay_86,361.890000,12,129.000000,1,COMPLETED_SUCCESSFULLY,15080.860000,86.000000,15166.860000,14718.970000,14804.970000,172.150814,3-14,-1.000000,""
558,w0,ph_174,360.940000,8,261.000000,1,COMPLETED_SUCCESSFULLY,15009.860000,174.000000,15183.860000,14648.920000,14822.920000,85.189195,36-43,-1.000000,""
563,w0,delay_142,362.150000,12,213.000000,1,COMPLETED_SUCCESSFULLY,15080.860000,142.000000,15222.860000,14718.710000,14860.710000,104.652887,15-26,-1.000000,""
565,w0,delay_33,363.230000,1,50.000000,1,COMPLETED_SUCCESSFULLY,15222.860000,33.000000,15255.860000,14859.630000,14892.630000,451.291818,15,-1.000000,""
564,w0,ph_218,362.980000,36,327.000000,1,COMPLETED_SUCCESSFULLY,15183.860000,218.000000,15401.860000,14820.880000,15038.880000,68.985688,0-14 27-47,-1.000000,""
567,w0,delay_11,363.350000,1,17.000000,1,COMPLETED_SUCCESSFULLY,15401.860000,11.000000,15412.860000,15038.510000,15049.510000,1368.137273,16,-1.000000,""
570,w0,ph_27,363.510000,2,41.000000,1,COMPLETED_SUCCESSFULLY,15401.860000,27.000000,15428.860000,15038.350000,15065.350000,557.975926,34-35,-1.000000,""
568,w0,delay_60,363.360000,1,90.000000,1,COMPLETED_SUCCESSFULLY,15401.860000,60.000000,15461.860000,15038.500000,15098.500000,251.641667,17,-1.000000,""
566,w0,delay_106,363.280000,16,159.000000,1,COMPLETED_SUCCESSFULLY,15401.860000,106.000000,15507.860000,15038.580000,15144.580000,142.873396,0-15,-1.000000,""
569,w0,delay_114,363.480000,16,171.000000,1,COMPLETED_SUCCESSFULLY,15401.860000,114.000000,15515.860000,15038.380000,15152.380000,132.915614,18-33,-1.000000,""
574,w0,delay_29,364.550000,1,44.000000,1,COMPLETED_SUCCESSFULLY,15515.860000,29.000000,15544.860000,15151.310000,15180.310000,523.458966,44,-1.000000,""
575,w0,delay_55,364.940000,1,83.000000,1,COMPLETED_SUCCESSFULLY,15515.860000,55.000000,15570.860000,15150.920000,15205.920000,276.471273,45,-1.000000,""
576,w0,ph_43,364.940000,3,65.000000,1,COMPLETED_SUCCESSFULLY,15544.860000,43.000000,15587.860000,15179.920000,15222.920000,354.021395,44 46-47,-1.000000,""
577,w0,delay_18,365.570000,3,27.000000,1,COMPLETED_SUCCESSFULLY,15587.860000,18.000000,15605.860000,15222.290000,15240.290000,846.682778,44-46,-1.000000,""
573,w0,delay_91,364.340000,8,137.000000,1,COMPLETED_SUCCESSFULLY,15515.860000,91.000000,15606.860000,15151.520000,15242.520000,167.500220,26-33,-1.000000,""
572,w0,delay_99,363.860000,8,149.000000,1,COMPLETED_SUCCESSFULLY,15515.860000,99.000000,15614.860000,15152.000000,15251.000000,154.050505,18-25,-1.000000,""
579,w0,delay_26,366.470000,1,39.000000,1,COMPLETED_SUCCESSFULLY,15606.860000,26.000000,15632.860000,15240.390000,15266.390000,587.168846,44,-1.000000,""
581,w0,delay_20,367.030000,3,30.000000,1,COMPLETED_SUCCESSFULLY,15614.860000,20.000000,15634.860000,15247.830000,15267.830000,763.391500,22-24,-1.000000,""
582,w0,ph_24,367.070000,1,36.000000,1,COMPLETED_SUCCESSFULLY,15614.860000,24.000000,15638.860000,15247.790000,15271.790000,636.324583,25,-1.000000,""
580,w0,delay_42,366.780000,4,63.000000,1,COMPLETED_SUCCESSFULLY,15614.860000,42.000000,15656.860000,15248.080000,15290.080000,364.049524,18-21,-1.000000,""
583,w0,delay_91,367.080000,8,81.000000,0,COMPLETED_WALLTIME_REACHED,15638.860000,81.000000,15719.860000,15271.780000,15352.780000,189.540494,22-25 44-47,-1.000000,""
571,w0,delay_257,363.540000,28,386.000000,1,COMPLETED_SUCCESSFULLY,15507.860000,257.000000,15764.860000,15144.320000,15401.320000,59.927315,0-17 34-43,-1.000000,""
578,w0,delay_158,366.320000,8,237.000000,1,COMPLETED_SUCCESSFULLY,15606.860000,158.000000,15764.860000,15240.540000,15398.540000,97.459114,26-33,-1.000000,""
585,w0,delay_88,368.130000,16,132.000000,1,COMPLETED_SUCCESSFULLY,15764.860000,88.000000,15852.860000,15396.730000,15484.730000,175.962841,26-33 36-43,-1.000000,""
588,w0,ph_14,368.760000,4,21.000000,1,COMPLETED_SUCCESSFULLY,15852.860000,14.000000,15866.860000,15484.100000,15498.100000,1107.007143,41-44,-1.000000,""
587,w0,delay_21,368.500000,1,32.000000,1,COMPLETED_SUCCESSFULLY,15852.860000,21.000000,15873.860000,15484.360000,15505.360000,738.350476,40,-1.000000,""
584,w0,delay_129,367.240000,28,194.000000,1,COMPLETED_SUCCESSFULLY,15764.860000,129.000000,15893.860000,15397.620000,15526.620000,120.361395,0-25 34-35,-1.000000,""
590,w0,delay_46,369.710000,3,69.000000,1,COMPLETED_SUCCESSFULLY,15893.860000,46.000000,15939.860000,15524.150000,15570.150000,338.481522,12-14,-1.000000,""
591,w0,delay_47,370.200000,3,71.000000,1,COMPLETED_SUCCESSFULLY,15893.860000,47.000000,15940.860000,15523.660000,15570.660000,331.290638,15-17,-1.000000,""
593,w0,delay_50,372.620000,3,75.000000,1,COMPLETED_SUCCESSFULLY,15893.860000,50.000000,15943.860000,15521.240000,15571.240000,311.424800,40-42,-1.000000,""
592,w0,delay_79,372.430000,10,71.000000,0,COMPLETED_WALLTIME_REACHED,15893.860000,71.000000,15964.860000,15521.430000,15592.430000,219.611690,18-25 34-35,-1.000000,""
589,w0,delay_101,369.490000,12,152.000000,1,COMPLETED_SUCCESSFULLY,15893.860000,101.000000,15994.860000,15524.370000,15625.370000,154.706634,0-11,-1.000000,""
586,w0,delay_165,368.330000,12,248.000000,1,COMPLETED_SUCCESSFULLY,15852.860000,165.000000,16017.860000,15484.530000,15649.530000,94.845636,26-33 36-39,-1.000000,""
595,w0,delay_43,373.870000,2,65.000000,1,COMPLETED_SUCCESSFULLY,15994.860000,43.000000,16037.860000,15620.990000,15663.990000,364.278837,0-1,-1.000000,""
594,w0,ph_288,373.380000,24,432.000000,1,COMPLETED_SUCCESSFULLY,15964.860000,288.000000,16252.860000,15591.480000,15879.480000,55.137083,12-25 34-35 40-47,-1.000000,""
596,w0,delay_191,374.070000,28,287.000000,1,COMPLETED_SUCCESSFULLY,16252.860000,191.000000,16443.860000,15878.790000,16069.790000,84.135026,0-27,-1.000000,""
600,w0,ph_35,375.890000,3,53.000000,1,COMPLETED_SUCCESSFULLY,16443.860000,35.000000,16478.860000,16067.970000,16102.970000,460.084857,45-47,-1.000000,""
599,w0,delay_37,375.840000,1,56.000000,1,COMPLETED_SUCCESSFULLY,16443.860000,37.000000,16480.860000,16068.020000,16105.020000,435.270811,44,-1.000000,""
601,w0,delay_24,376.370000,3,36.000000,1,COMPLETED_SUCCESSFULLY,16478.860000,24.000000,16502.860000,16102.490000,16126.490000,671.937083,45-47,-1.000000,""
598,w0,delay_124,375.210000,8,186.000000,1,COMPLETED_SUCCESSFULLY,16443.860000,124.000000,16567.860000,16068.650000,16192.650000,130.585887,36-43,-1.000000,""
603,w0,delay_44,376.670000,1,66.000000,1,COMPLETED_SUCCESSFULLY,16567.860000,44.000000,16611.860000,16191.190000,16235.190000,368.981591,44,-1.000000,""
604,w0,delay_26,377.210000,4,39.000000,1,COMPLETED_SUCCESSFULLY,16611.860000,26.000000,16637.860000,16234.650000,16260.650000,625.409615,44-47,-1.000000,""
602,w0,delay_79,376.450000,8,119.000000,1,COMPLETED_SUCCESSFULLY,16567.860000,79.000000,16646.860000,16191.410000,16270.410000,205.954557,36-43,-1.000000,""
597,w0,delay_299,374.990000,36,449.000000,1,COMPLETED_SUCCESSFULLY,16443.860000,299.000000,16742.860000,16068.870000,16367.870000,54.742040,0-35,-1.000000,""
613,w0,delay_17,379.900000,3,15.000000,0,COMPLETED_WALLTIME_REACHED,16742.860000,15.000000,16757.860000,16362.960000,16377.960000,1091.864000,28-30,-1.000000,""
606,w0,ph_19,377.580000,3,29.000000,1,COMPLETED_SUCCESSFULLY,16742.860000,19.000000,16761.860000,16365.280000,16384.280000,862.330526,0-2,-1.000000,""
612,w0,ph_22,379.690000,1,33.000000,1,COMPLETED_SUCCESSFULLY,16742.860000,22.000000,16764.860000,16363.170000,16385.170000,744.780455,27,-1.000000,""
608,w0,delay_38,378.300000,4,57.000000,1,COMPLETED_SUCCESSFULLY,16742.860000,38.000000,16780.860000,16364.560000,16402.560000,431.646316,4-7,-1.000000,""
616,w0,delay_12,380.220000,2,18.000000,1,COMPLETED_SUCCESSFULLY,16780.860000,12.000000,16792.860000,16400.640000,16412.640000,1367.720000,30 35,-1.000000,""
607,w0,delay_53,377.680000,1,80.000000,1,COMPLETED_SUCCESSFULLY,16742.860000,53.000000,16795.860000,16365.180000,16418.180000,309.776981,3,-1.000000,""
614,w0,delay_56,380.130000,4,84.000000,1,COMPLETED_SUCCESSFULLY,16742.860000,56.000000,16798.860000,16362.730000,16418.730000,293.191607,31-34,-1.000000,""
609,w0,delay_60,378.590000,1,90.000000,1,COMPLETED_SUCCESSFULLY,16742.860000,60.000000,16802.860000,16364.270000,16424.270000,273.737833,8,-1.000000,""
605,w0,delay_165,377.240000,12,248.000000,1,COMPLETED_SUCCESSFULLY,16646.860000,165.000000,16811.860000,16269.620000,16434.620000,99.603758,36-47,-1.000000,""
610,w0,delay_76,378.600000,10,114.000000,1,COMPLETED_SUCCESSFULLY,16742.860000,76.000000,16818.860000,16364.260000,16440.260000,216.319211,9-18,-1.000000,""
618,w0,ph_18,380.800000,4,27.000000,1,COMPLETED_SUCCESSFULLY,16811.860000,18.000000,16829.860000,16431.060000,16449.060000,913.836667,44-47,-1.000000,""
611,w0,delay_134,378.780000,8,201.000000,1,COMPLETED_SUCCESSFULLY,16742.860000,134.000000,16876.860000,16364.080000,16498.080000,123.120000,19-26,-1.000000,""
615,w0,delay_105,380.140000,10,158.000000,1,COMPLETED_SUCCESSFULLY,16780.860000,105.000000,16885.860000,16400.720000,16505.720000,157.197333,0-2 4-7 27-29,-1.000000,""
620,w0,delay_60,381.460000,4,90.000000,1,COMPLETED_SUCCESSFULLY,16829.860000,60.000000,16889.860000,16448.400000,16508.400000,275.140000,44-47,-1.000000,""
622,w0,delay_30,381.840000,1,45.000000,1,COMPLETED_SUCCESSFULLY,16885.860000,30.000000,16915.860000,16504.020000,16534.020000,551.134000,24,-1.000000,""
617,w0,delay_112,380.560000,16,168.000000,1,COMPLETED_SUCCESSFULLY,16811.860000,112.000000,16923.860000,16431.300000,16543.300000,147.708036,3 8 30-43,-1.000000,""
624,w0,ph_20,382.080000,2,30.000000,1,COMPLETED_SUCCESSFULLY,16923.860000,20.000000,16943.860000,16541.780000,16561.780000,828.089000,34-35,-1.000000,""
619,w0,delay_140,381.180000,10,210.000000,1,COMPLETED_SUCCESSFULLY,16818.860000,140.000000,16958.860000,16437.680000,16577.680000,118.412000,9-18,-1.000000,""
625,w0,delay_58,382.470000,1,87.000000,1,COMPLETED_SUCCESSFULLY,16923.860000,58.000000,16981.860000,16541.390000,16599.390000,286.196379,36,-1.000000,""
630,w0,ph_24,385.930000,1,36.000000,1,COMPLETED_SUCCESSFULLY,16958.860000,24.000000,16982.860000,16572.930000,16596.930000,691.538750,46,-1.000000,""
623,w0,delay_67,381.850000,12,101.000000,1,COMPLETED_SUCCESSFULLY,16923.860000,67.000000,16990.860000,16542.010000,16609.010000,247.895672,3 8 24-33,-1.000000,""
629,w0,delay_41,385.860000,2,62.000000,1,COMPLETED_SUCCESSFULLY,16958.860000,41.000000,16999.860000,16573.000000,16614.000000,405.219512,44-45,-1.000000,""
627,w0,delay_47,384.300000,2,71.000000,1,COMPLETED_SUCCESSFULLY,16958.860000,47.000000,17005.860000,16574.560000,16621.560000,353.650213,41-42,-1.000000,""
628,w0,delay_55,384.780000,1,83.000000,1,COMPLETED_SUCCESSFULLY,16958.860000,55.000000,17013.860000,16574.080000,16629.080000,302.346909,43,-1.000000,""
631,w0,delay_49,385.930000,3,74.000000,1,COMPLETED_SUCCESSFULLY,16982.860000,49.000000,17031.860000,16596.930000,16645.930000,339.712857,36 46-47,-1.000000,""
632,w0,delay_67,385.980000,12,60.000000,0,COMPLETED_WALLTIME_REACHED,16990.860000,60.000000,17050.860000,16604.880000,16664.880000,277.748000,3 8 24-33,-1.000000,""
621,w0,delay_176,381.700000,12,264.000000,1,COMPLETED_SUCCESSFULLY,16885.860000,176.000000,17061.860000,16504.160000,16680.160000,94.773636,0-2 4-7 19-23,-1.000000,""
626,w0,delay_105,382.560000,16,158.000000,1,COMPLETED_SUCCESSFULLY,16958.860000,105.000000,17063.860000,16576.300000,16681.300000,158.869524,9-18 34-35 37-40,-1.000000,""
634,w0,delay_47,387.480000,4,71.000000,1,COMPLETED_SUCCESSFULLY,17061.860000,47.000000,17108.860000,16674.380000,16721.380000,355.774043,36 41-43,-1.000000,""
635,w0,delay_56,387.610000,2,84.000000,1,COMPLETED_SUCCESSFULLY,17061.860000,56.000000,17117.860000,16674.250000,16730.250000,298.754464,44-45,-1.000000,""
633,w0,delay_254,386.310000,24,381.000000,1,COMPLETED_SUCCESSFULLY,17061.860000,254.000000,17315.860000,16675.550000,16929.550000,66.651772,0-8 19-33,-1.000000,""
636,w0,ph_164,388.180000,32,246.000000,1,COMPLETED_SUCCESSFULLY,17315.860000,164.000000,17479.860000,16927.680000,17091.680000,104.217561,0-31,-1.000000,""
638,w0,delay_18,389.100000,3,27.000000,1,COMPLETED_SUCCESSFULLY,17479.860000,18.000000,17497.860000,17090.760000,17108.760000,950.486667,32-34,-1.000000,""
637,w0,delay_177,388.480000,32,266.000000,1,COMPLETED_SUCCESSFULLY,17479.860000,177.000000,17656.860000,17091.380000,17268.380000,97.561469,0-31,-1.000000,""
639,w0,delay_168,389.100000,16,252.000000,1,COMPLETED_SUCCESSFULLY,17497.860000,168.000000,17665.860000,17108.760000,17276.760000,102.837857,32-47,-1.000000,""
640,w0,delay_49,390.320000,3,74.000000,1,COMPLETED_SUCCESSFULLY,17656.860000,49.000000,17705.860000,17266.540000,17315.540000,353.378367,0-2,-1.000000,""
641,w0,delay_204,390.620000,28,306.000000,1,COMPLETED_SUCCESSFULLY,17656.860000,204.000000,17860.860000,17266.240000,17470.240000,85.638431,3-30,-1.000000,""
643,w0,delay_117,390.750000,12,105.000000,0,COMPLETED_WALLTIME_REACHED,17860.860000,105.000000,17965.860000,17470.110000,17575.110000,167.382000,28-39,-1.000000,""
646,w0,delay_32,391.370000,4,48.000000,1,COMPLETED_SUCCESSFULLY,17965.860000,32.000000,17997.860000,17574.490000,17606.490000,550.202813,44-47,-1.000000,""
647,w0,delay_20,391.410000,2,30.000000,1,COMPLETED_SUCCESSFULLY,17997.860000,20.000000,18017.860000,17606.450000,17626.450000,881.322500,44-45,-1.000000,""
645,w0,delay_56,391.300000,4,84.000000,1,COMPLETED_SUCCESSFULLY,17965.860000,56.000000,18021.860000,17574.560000,17630.560000,314.831429,40-43,-1.000000,""
648,w0,ph_30,391.990000,1,45.000000,1,COMPLETED_SUCCESSFULLY,17997.860000,30.000000,18027.860000,17605.870000,17635.870000,587.862333,46,-1.000000,""
649,w0,delay_20,392.030000,4,30.000000,1,COMPLETED_SUCCESSFULLY,18021.860000,20.000000,18041.860000,17629.830000,17649.830000,882.491500,40-43,-1.000000,""
644,w0,delay_92,390.840000,12,138.000000,1,COMPLETED_SUCCESSFULLY,17965.860000,92.000000,18057.860000,17575.020000,17667.020000,192.032826,28-39,-1.000000,""
642,w0,ph_282,390.720000,28,423.000000,1,COMPLETED_SUCCESSFULLY,17860.860000,282.000000,18142.860000,17470.140000,17752.140000,62.950851,0-27,-1.000000,""
651,w0,delay_37,392.660000,1,56.000000,1,COMPLETED_SUCCESSFULLY,18142.860000,37.000000,18179.860000,17750.200000,17787.200000,480.735135,24,-1.000000,""
650,w0,delay_206,392.320000,24,309.000000,1,COMPLETED_SUCCESSFULLY,18142.860000,206.000000,18348.860000,17750.540000,17956.540000,87.167670,0-23,-1.000000,""
654,w0,ph_19,392.910000,4,29.000000,1,COMPLETED_SUCCESSFULLY,18348.860000,19.000000,18367.860000,17955.950000,17974.950000,946.050000,31-34,-1.000000,""
655,w0,delay_22,392.910000,4,33.000000,1,COMPLETED_SUCCESSFULLY,18348.860000,22.000000,18370.860000,17955.950000,17977.950000,817.179545,35-38,-1.000000,""
653,w0,delay_52,392.810000,3,78.000000,1,COMPLETED_SUCCESSFULLY,18348.860000,52.000000,18400.860000,17956.050000,18008.050000,346.308654,28-30,-1.000000,""
658,w0,delay_34,393.510000,3,51.000000,1,COMPLETED_SUCCESSFULLY,18370.860000,34.000000,18404.860000,17977.350000,18011.350000,529.745588,35-37,-1.000000,""
657,w0,delay_52,393.130000,4,78.000000,1,COMPLETED_SUCCESSFULLY,18367.860000,52.000000,18419.860000,17974.730000,18026.730000,346.667885,31-34,-1.000000,""
659,w0,delay_26,393.720000,4,39.000000,1,COMPLETED_SUCCESSFULLY,18400.860000,26.000000,18426.860000,18007.140000,18033.140000,693.582308,28-30 38,-1.000000,""
656,w0,delay_120,393.000000,8,180.000000,1,COMPLETED_SUCCESSFULLY,18348.860000,120.000000,18468.860000,17955.860000,18075.860000,150.632167,39-46,-1.000000,""
661,w0,delay_45,500.460000,2,68.000000,1,COMPLETED_SUCCESSFULLY,18426.860000,45.000000,18471.860000,17926.400000,17971.400000,399.364444,28-29,-1.000000,""
652,w0,delay_133,392.730000,28,200.000000,1,COMPLETED_SUCCESSFULLY,18348.860000,133.000000,18481.860000,17956.130000,18089.130000,136.008496,0-27,-1.000000,""
664,w0,delay_17,501.140000,2,26.000000,1,COMPLETED_SUCCESSFULLY,18468.860000,17.000000,18485.860000,17967.720000,17984.720000,1057.924706,42-43,-1.000000,""
660,w0,ph_70,499.860000,8,105.000000,1,COMPLETED_SUCCESSFULLY,18419.860000,70.000000,18489.860000,17920.000000,17990.000000,257.000000,31-37 47,-1.000000,""
666,w0,ph_22,501.400000,4,33.000000,1,COMPLETED_SUCCESSFULLY,18481.860000,22.000000,18503.860000,17980.460000,18002.460000,818.293636,28-29 44-45,-1.000000,""
663,w0,delay_42,500.870000,1,63.000000,1,COMPLETED_SUCCESSFULLY,18468.860000,42.000000,18510.860000,17967.990000,18009.990000,428.809286,41,-1.000000,""
662,w0,delay_46,500.640000,4,69.000000,1,COMPLETED_SUCCESSFULLY,18468.860000,46.000000,18514.860000,17968.220000,18014.220000,391.613478,30 38-40,-1.000000,""
669,w0,delay_10,502.800000,4,15.000000,1,COMPLETED_SUCCESSFULLY,18514.860000,10.000000,18524.860000,18012.060000,18022.060000,1802.206000,30 38-40,-1.000000,""
670,w0,delay_17,503.150000,4,26.000000,1,COMPLETED_SUCCESSFULLY,18524.860000,17.000000,18541.860000,18021.710000,18038.710000,1061.100588,30 38-40,-1.000000,""
668,w0,delay_45,502.650000,4,68.000000,1,COMPLETED_SUCCESSFULLY,18510.860000,45.000000,18555.860000,18008.210000,18053.210000,401.182444,41 45-47,-1.000000,""
671,w0,delay_16,503.210000,1,24.000000,1,COMPLETED_SUCCESSFULLY,18541.860000,16.000000,18557.860000,18038.650000,18054.650000,1128.415625,30,-1.000000,""
673,w0,delay_12,503.630000,4,18.000000,1,COMPLETED_SUCCESSFULLY,18555.860000,12.000000,18567.860000,18052.230000,18064.230000,1505.352500,41 45-47,-1.000000,""
672,w0,ph_36,503.250000,3,54.000000,1,COMPLETED_SUCCESSFULLY,18541.860000,36.000000,18577.860000,18038.610000,18074.610000,502.072500,38-40,-1.000000,""
674,w0,delay_12,503.820000,4,18.000000,1,COMPLETED_SUCCESSFULLY,18567.860000,12.000000,18579.860000,18064.040000,18076.040000,1506.336667,30 41 45-46,-1.000000,""
667,w0,delay_100,501.760000,12,150.000000,1,COMPLETED_SUCCESSFULLY,18503.860000,100.000000,18603.860000,18002.100000,18102.100000,181.021000,28-29 31-37 42-44,-1.000000,""
679,w0,delay_23,506.490000,4,35.000000,1,COMPLETED_SUCCESSFULLY,18603.860000,23.000000,18626.860000,18097.370000,18120.370000,787.842174,36-37 42-43,-1.000000,""
677,w0,delay_24,504.820000,1,36.000000,1,COMPLETED_SUCCESSFULLY,18603.860000,24.000000,18627.860000,18099.040000,18123.040000,755.126667,32,-1.000000,""
678,w0,ph_27,506.150000,3,41.000000,1,COMPLETED_SUCCESSFULLY,18603.860000,27.000000,18630.860000,18097.710000,18124.710000,671.285556,33-35,-1.000000,""
680,w0,delay_13,506.680000,3,20.000000,1,COMPLETED_SUCCESSFULLY,18626.860000,13.000000,18639.860000,18120.180000,18133.180000,1394.860000,36-37 42,-1.000000,""
681,w0,delay_18,506.740000,4,27.000000,1,COMPLETED_SUCCESSFULLY,18630.860000,18.000000,18648.860000,18124.120000,18142.120000,1007.895556,32-35,-1.000000,""
682,w0,delay_22,507.010000,2,33.000000,1,COMPLETED_SUCCESSFULLY,18630.860000,22.000000,18652.860000,18123.850000,18145.850000,824.811364,43-44,-1.000000,""
665,w0,delay_174,501.350000,28,261.000000,1,COMPLETED_SUCCESSFULLY,18481.860000,174.000000,18655.860000,17980.510000,18154.510000,104.336264,0-27,-1.000000,""
676,w0,delay_60,504.700000,3,90.000000,1,COMPLETED_SUCCESSFULLY,18603.860000,60.000000,18663.860000,18099.160000,18159.160000,302.652667,28-29 31,-1.000000,""
685,w0,delay_25,507.630000,1,38.000000,1,COMPLETED_SUCCESSFULLY,18648.860000,25.000000,18673.860000,18141.230000,18166.230000,726.649200,35,-1.000000,""
688,w0,delay_20,508.140000,1,30.000000,1,COMPLETED_SUCCESSFULLY,18655.860000,20.000000,18675.860000,18147.720000,18167.720000,908.386000,12,-1.000000,""
683,w0,delay_39,507.100000,1,59.000000,1,COMPLETED_SUCCESSFULLY,18639.860000,39.000000,18678.860000,18132.760000,18171.760000,465.942564,36,-1.000000,""
684,w0,ph_39,507.260000,3,59.000000,1,COMPLETED_SUCCESSFULLY,18648.860000,39.000000,18687.860000,18141.600000,18180.600000,466.169231,32-34,-1.000000,""
686,w0,delay_47,507.950000,4,71.000000,1,COMPLETED_SUCCESSFULLY,18652.860000,47.000000,18699.860000,18144.910000,18191.910000,387.061915,37 42-44,-1.000000,""
693,w0,delay_32,510.270000,4,48.000000,1,COMPLETED_SUCCESSFULLY,18673.860000,32.000000,18705.860000,18163.590000,18195.590000,568.612188,28-29 31 35,-1.000000,""
689,w0,delay_51,508.690000,2,77.000000,1,COMPLETED_SUCCESSFULLY,18655.860000,51.000000,18706.860000,18147.170000,18198.170000,356.826863,13-14,-1.000000,""
691,w0,delay_51,509.310000,2,77.000000,1,COMPLETED_SUCCESSFULLY,18655.860000,51.000000,18706.860000,18146.550000,18197.550000,356.814706,23-24,-1.000000,""
692,w0,delay_55,509.890000,3,83.000000,1,COMPLETED_SUCCESSFULLY,18655.860000,55.000000,18710.860000,18145.970000,18200.970000,330.926727,25-27,-1.000000,""
675,w0,delay_155,504.590000,8,233.000000,1,COMPLETED_SUCCESSFULLY,18579.860000,155.000000,18734.860000,18075.270000,18230.270000,117.614645,30 38-41 45-47,-1.000000,""
694,w0,delay_47,510.360000,4,71.000000,1,COMPLETED_SUCCESSFULLY,18687.860000,47.000000,18734.860000,18177.500000,18224.500000,387.755319,12 32-34,-1.000000,""
696,w0,ph_40,510.960000,1,60.000000,1,COMPLETED_SUCCESSFULLY,18706.860000,40.000000,18746.860000,18195.900000,18235.900000,455.897500,44,-1.000000,""
687,w0,delay_155,508.110000,12,233.000000,1,COMPLETED_SUCCESSFULLY,18655.860000,155.000000,18810.860000,18147.750000,18302.750000,118.082258,0-11,-1.000000,""
690,w0,ph_170,508.780000,8,255.000000,1,COMPLETED_SUCCESSFULLY,18655.860000,170.000000,18825.860000,18147.080000,18317.080000,107.747529,15-22,-1.000000,""
697,w0,delay_93,512.580000,12,140.000000,1,COMPLETED_SUCCESSFULLY,18734.860000,93.000000,18827.860000,18222.280000,18315.280000,196.938495,12 25-27 30 32-34 38-41,-1.000000,""
695,w0,delay_131,510.620000,12,197.000000,1,COMPLETED_SUCCESSFULLY,18706.860000,131.000000,18837.860000,18196.240000,18327.240000,139.902595,13-14 23-24 28-29 31 35-37 42-43,-1.000000,""
700,w0,delay_28,513.840000,4,42.000000,1,COMPLETED_SUCCESSFULLY,18825.860000,28.000000,18853.860000,18312.020000,18340.020000,655.000714,15-18,-1.000000,""
699,w0,delay_52,513.780000,4,78.000000,1,COMPLETED_SUCCESSFULLY,18810.860000,52.000000,18862.860000,18297.080000,18349.080000,352.866923,10-11 44-45,-1.000000,""
701,w0,delay_47,514.040000,1,71.000000,1,COMPLETED_SUCCESSFULLY,18825.860000,47.000000,18872.860000,18311.820000,18358.820000,390.613191,19,-1.000000,""
702,w0,ph_53,514.340000,2,80.000000,1,COMPLETED_SUCCESSFULLY,18825.860000,53.000000,18878.860000,18311.520000,18364.520000,346.500377,20-21,-1.000000,""
698,w0,delay_79,513.680000,10,119.000000,1,COMPLETED_SUCCESSFULLY,18810.860000,79.000000,18889.860000,18297.180000,18376.180000,232.609873,0-9,-1.000000,""
705,w0,delay_53,515.020000,2,80.000000,1,COMPLETED_SUCCESSFULLY,18889.860000,53.000000,18942.860000,18374.840000,18427.840000,347.695094,19-20,-1.000000,""
706,w0,delay_57,515.410000,2,86.000000,1,COMPLETED_SUCCESSFULLY,18889.860000,57.000000,18946.860000,18374.450000,18431.450000,323.358772,21 45,-1.000000,""
704,w0,delay_97,514.970000,10,146.000000,1,COMPLETED_SUCCESSFULLY,18889.860000,97.000000,18986.860000,18374.890000,18471.890000,190.431856,0-9,-1.000000,""
703,w0,delay_249,514.900000,32,374.000000,1,COMPLETED_SUCCESSFULLY,18862.860000,249.000000,19111.860000,18347.960000,18596.960000,74.686586,10-18 22-44,-1.000000,""
710,w0,delay_13,517.300000,4,20.000000,1,COMPLETED_SUCCESSFULLY,19111.860000,13.000000,19124.860000,18594.560000,18607.560000,1431.350769,35-38,-1.000000,""
709,w0,delay_42,516.880000,2,63.000000,1,COMPLETED_SUCCESSFULLY,19111.860000,42.000000,19153.860000,18594.980000,18636.980000,443.737619,33-34,-1.000000,""
708,w0,ph_50,515.830000,1,75.000000,1,COMPLETED_SUCCESSFULLY,19111.860000,50.000000,19161.860000,18596.030000,18646.030000,372.920600,32,-1.000000,""
707,w0,delay_186,515.610000,32,279.000000,1,COMPLETED_SUCCESSFULLY,19111.860000,186.000000,19297.860000,18596.250000,18782.250000,100.979839,0-31,-1.000000,""
711,w0,delay_224,517.360000,32,336.000000,1,COMPLETED_SUCCESSFULLY,19297.860000,224.000000,19521.860000,18780.500000,19004.500000,84.841518,0-31,-1.000000,""
717,w0,delay_12,519.670000,1,18.000000,1,COMPLETED_SUCCESSFULLY,19521.860000,12.000000,19533.860000,19002.190000,19014.190000,1584.515833,41,-1.000000,""
714,w0,ph_27,518.380000,4,41.000000,1,COMPLETED_SUCCESSFULLY,19521.860000,27.000000,19548.860000,19003.480000,19030.480000,704.832593,31-34,-1.000000,""
715,w0,delay_41,518.920000,2,62.000000,1,COMPLETED_SUCCESSFULLY,19521.860000,41.000000,19562.860000,19002.940000,19043.940000,464.486341,35-36,-1.000000,""
713,w0,delay_50,518.240000,3,75.000000,1,COMPLETED_SUCCESSFULLY,19521.860000,50.000000,19571.860000,19003.620000,19053.620000,381.072400,28-30,-1.000000,""
716,w0,delay_50,519.470000,4,75.000000,1,COMPLETED_SUCCESSFULLY,19521.860000,50.000000,19571.860000,19002.390000,19052.390000,381.047800,37-40,-1.000000,""
712,w0,delay_200,518.170000,28,300.000000,1,COMPLETED_SUCCESSFULLY,19521.860000,200.000000,19721.860000,19003.690000,19203.690000,96.018450,0-27,-1.000000,""
720,w0,ph_42,520.710000,4,63.000000,1,COMPLETED_SUCCESSFULLY,19721.860000,42.000000,19763.860000,19201.150000,19243.150000,458.170238,42-45,-1.000000,""
719,w0,delay_88,520.560000,10,132.000000,1,COMPLETED_SUCCESSFULLY,19721.860000,88.000000,19809.860000,19201.300000,19289.300000,219.196591,32-41,-1.000000,""
722,w0,delay_53,521.050000,4,80.000000,1,COMPLETED_SUCCESSFULLY,19809.860000,53.000000,19862.860000,19288.810000,19341.810000,364.939811,44-47,-1.000000,""
721,w0,delay_97,520.780000,12,146.000000,1,COMPLETED_SUCCESSFULLY,19809.860000,97.000000,19906.860000,19289.080000,19386.080000,199.856495,32-43,-1.000000,""
718,w0,delay_255,520.150000,32,383.000000,1,COMPLETED_SUCCESSFULLY,19721.860000,255.000000,19976.860000,19201.710000,19456.710000,76.300824,0-31,-1.000000,""
725,w0,delay_47,523.590000,1,71.000000,1,COMPLETED_SUCCESSFULLY,19976.860000,47.000000,20023.860000,19453.270000,19500.270000,414.899362,40,-1.000000,""
724,w0,delay_89,522.060000,8,134.000000,1,COMPLETED_SUCCESSFULLY,19976.860000,89.000000,20065.860000,19454.800000,19543.800000,219.593258,32-39,-1.000000,""
727,w0,delay_48,523.740000,1,72.000000,1,COMPLETED_SUCCESSFULLY,20065.860000,48.000000,20113.860000,19542.120000,19590.120000,408.127500,32,-1.000000,""
726,w0,ph_108,523.640000,8,162.000000,1,COMPLETED_SUCCESSFULLY,20023.860000,108.000000,20131.860000,19500.220000,19608.220000,181.557593,40-47,-1.000000,""
723,w0,delay_168,521.200000,32,252.000000,1,COMPLETED_SUCCESSFULLY,19976.860000,168.000000,20144.860000,19455.660000,19623.660000,116.807500,0-31,-1.000000,""
729,w0,delay_40,524.330000,3,60.000000,1,COMPLETED_SUCCESSFULLY,20131.860000,40.000000,20171.860000,19607.530000,19647.530000,491.188250,40-42,-1.000000,""
734,w0,delay_28,524.810000,4,42.000000,1,COMPLETED_SUCCESSFULLY,20144.860000,28.000000,20172.860000,19620.050000,19648.050000,701.716071,20-23,-1.000000,""
728,w0,delay_66,524.140000,8,99.000000,1,COMPLETED_SUCCESSFULLY,20113.860000,66.000000,20179.860000,19589.720000,19655.720000,297.813939,32-39,-1.000000,""
731,w0,delay_36,524.460000,2,54.000000,1,COMPLETED_SUCCESSFULLY,20144.860000,36.000000,20180.860000,19620.400000,19656.400000,546.011111,8-9,-1.000000,""
733,w0,delay_59,524.540000,2,89.000000,1,COMPLETED_SUCCESSFULLY,20144.860000,59.000000,20203.860000,19620.320000,19679.320000,333.547797,18-19,-1.000000,""
732,w0,ph_96,524.500000,8,144.000000,1,COMPLETED_SUCCESSFULLY,20144.860000,96.000000,20240.860000,19620.360000,19716.360000,205.378750,10-17,-1.000000,""
730,w0,delay_98,524.420000,8,147.000000,1,COMPLETED_SUCCESSFULLY,20144.860000,98.000000,20242.860000,19620.440000,19718.440000,201.208571,0-7,-1.000000,""
736,w0,delay_46,525.100000,1,69.000000,1,COMPLETED_SUCCESSFULLY,20240.860000,46.000000,20286.860000,19715.760000,19761.760000,429.603478,44,-1.000000,""
737,w0,delay_56,525.160000,1,84.000000,1,COMPLETED_SUCCESSFULLY,20240.860000,56.000000,20296.860000,19715.700000,19771.700000,353.066071,45,-1.000000,""
735,w0,delay_204,525.090000,36,306.000000,1,COMPLETED_SUCCESSFULLY,20240.860000,204.000000,20444.860000,19715.770000,19919.770000,97.645931,8-43,-1.000000,""
740,w0,delay_16,526.620000,1,24.000000,1,COMPLETED_SUCCESSFULLY,20444.860000,16.000000,20460.860000,19918.240000,19934.240000,1245.890000,24,-1.000000,""
741,w0,delay_52,527.420000,2,78.000000,1,COMPLETED_SUCCESSFULLY,20444.860000,52.000000,20496.860000,19917.440000,19969.440000,384.027692,25-26,-1.000000,""
738,w0,ph_97,526.010000,16,146.000000,1,COMPLETED_SUCCESSFULLY,20444.860000,97.000000,20541.860000,19918.850000,20015.850000,206.348969,0-15,-1.000000,""
743,w0,delay_39,527.720000,4,59.000000,1,COMPLETED_SUCCESSFULLY,20541.860000,39.000000,20580.860000,20014.140000,20053.140000,514.183077,40-43,-1.000000,""
739,w0,delay_169,526.030000,8,254.000000,1,COMPLETED_SUCCESSFULLY,20444.860000,169.000000,20613.860000,19918.830000,20087.830000,118.862899,16-23,-1.000000,""
742,w0,delay_143,527.570000,32,215.000000,1,COMPLETED_SUCCESSFULLY,20541.860000,143.000000,20684.860000,20014.290000,20157.290000,140.960070,0-15 24-39,-1.000000,""
748,w0,delay_14,529.440000,1,21.000000,1,COMPLETED_SUCCESSFULLY,20684.860000,14.000000,20698.860000,20155.420000,20169.420000,1440.672857,7,-1.000000,""
751,w0,delay_19,529.950000,4,29.000000,1,COMPLETED_SUCCESSFULLY,20684.860000,19.000000,20703.860000,20154.910000,20173.910000,1061.784737,34-37,-1.000000,""
745,w0,delay_20,527.960000,1,30.000000,1,COMPLETED_SUCCESSFULLY,20684.860000,20.000000,20704.860000,20156.900000,20176.900000,1008.845000,0,-1.000000,""
746,w0,delay_21,528.850000,4,32.000000,1,COMPLETED_SUCCESSFULLY,20684.860000,21.000000,20705.860000,20156.010000,20177.010000,960.810000,1-4,-1.000000,""
747,w0,delay_40,529.390000,2,60.000000,1,COMPLETED_SUCCESSFULLY,20684.860000,40.000000,20724.860000,20155.470000,20195.470000,504.886750,5-6,-1.000000,""
744,w0,ph_143,527.900000,16,215.000000,1,COMPLETED_SUCCESSFULLY,20613.860000,143.000000,20756.860000,20085.960000,20228.960000,141.461259,16-23 40-47,-1.000000,""
750,w0,ph_115,529.840000,8,173.000000,1,COMPLETED_SUCCESSFULLY,20684.860000,115.000000,20799.860000,20155.020000,20270.020000,176.261043,26-33,-1.000000,""
749,w0,delay_145,529.580000,10,218.000000,1,COMPLETED_SUCCESSFULLY,20684.860000,145.000000,20829.860000,20155.280000,20300.280000,140.001931,8-15 24-25,-1.000000,""
754,w0,delay_27,530.810000,3,41.000000,1,COMPLETED_SUCCESSFULLY,20829.860000,27.000000,20856.860000,20299.050000,20326.050000,752.816667,32-33 42,-1.000000,""
752,w0,delay_122,530.240000,24,183.000000,1,COMPLETED_SUCCESSFULLY,20756.860000,122.000000,20878.860000,20226.620000,20348.620000,166.791967,0-7 16-23 34-41,-1.000000,""
756,w0,ph_71,531.130000,16,107.000000,1,COMPLETED_SUCCESSFULLY,20878.860000,71.000000,20949.860000,20347.730000,20418.730000,287.587746,32-47,-1.000000,""
758,w0,delay_15,531.380000,1,23.000000,1,COMPLETED_SUCCESSFULLY,20949.860000,15.000000,20964.860000,20418.480000,20433.480000,1362.232000,36,-1.000000,""
760,w0,delay_24,533.670000,1,36.000000,1,COMPLETED_SUCCESSFULLY,20949.860000,24.000000,20973.860000,20416.190000,20440.190000,851.674583,47,-1.000000,""
753,w0,delay_171,530.300000,16,257.000000,1,COMPLETED_SUCCESSFULLY,20829.860000,171.000000,21000.860000,20299.560000,20470.560000,119.710877,8-15 24-31,-1.000000,""
757,w0,delay_57,531.340000,4,86.000000,1,COMPLETED_SUCCESSFULLY,20949.860000,57.000000,21006.860000,20418.520000,20475.520000,359.219649,32-35,-1.000000,""
762,w0,ph_10,534.280000,2,15.000000,1,COMPLETED_SUCCESSFULLY,21000.860000,10.000000,21010.860000,20466.580000,20476.580000,2047.658000,36 47,-1.000000,""
755,w0,delay_164,530.900000,16,246.000000,1,COMPLETED_SUCCESSFULLY,20878.860000,164.000000,21042.860000,20347.960000,20511.960000,125.072927,0-7 16-23,-1.000000,""
759,w0,delay_143,532.580000,10,215.000000,1,COMPLETED_SUCCESSFULLY,20949.860000,143.000000,21092.860000,20417.280000,20560.280000,143.778182,37-46,-1.000000,""
761,w0,delay_151,533.820000,16,227.000000,1,COMPLETED_SUCCESSFULLY,21000.860000,151.000000,21151.860000,20467.040000,20618.040000,136.543311,8-15 24-31,-1.000000,""
764,w0,delay_41,535.360000,2,62.000000,1,COMPLETED_SUCCESSFULLY,21151.860000,41.000000,21192.860000,20616.500000,20657.500000,503.841463,8-9,-1.000000,""
765,w0,delay_92,535.820000,8,138.000000,1,COMPLETED_SUCCESSFULLY,21151.860000,92.000000,21243.860000,20616.040000,20708.040000,225.087391,10-15 24-25,-1.000000,""
763,w0,delay_260,534.920000,32,390.000000,1,COMPLETED_SUCCESSFULLY,21092.860000,260.000000,21352.860000,20557.940000,20817.940000,80.069000,0-7 16-23 32-47,-1.000000,""
767,w0,delay_156,536.450000,8,234.000000,1,COMPLETED_SUCCESSFULLY,21352.860000,156.000000,21508.860000,20816.410000,20972.410000,134.438526,36-43,-1.000000,""
766,w0,delay_175,535.900000,36,263.000000,1,COMPLETED_SUCCESSFULLY,21352.860000,175.000000,21527.860000,20816.960000,20991.960000,119.954057,0-35,-1.000000,""
769,w0,delay_41,537.620000,2,36.000000,0,COMPLETED_WALLTIME_REACHED,21508.860000,36.000000,21544.860000,20971.240000,21007.240000,583.534444,44-45,-1.000000,""
770,w0,delay_47,538.110000,4,71.000000,1,COMPLETED_SUCCESSFULLY,21527.860000,47.000000,21574.860000,20989.750000,21036.750000,447.590426,0-3,-1.000000,""
772,w0,delay_52,538.840000,4,78.000000,1,COMPLETED_SUCCESSFULLY,21527.860000,52.000000,21579.860000,20989.020000,21041.020000,404.635000,32-35,-1.000000,""
773,w0,delay_36,539.620000,4,54.000000,1,COMPLETED_SUCCESSFULLY,21544.860000,36.000000,21580.860000,21005.240000,21041.240000,584.478889,44-47,-1.000000,""
768,w0,ph_158,537.400000,8,237.000000,1,COMPLETED_SUCCESSFULLY,21508.860000,158.000000,21666.860000,20971.460000,21129.460000,133.730759,36-43,-1.000000,""
775,w0,delay_18,541.800000,2,27.000000,1,COMPLETED_SUCCESSFULLY,21666.860000,18.000000,21684.860000,21125.060000,21143.060000,1174.614444,36-37,-1.000000,""
774,w0,ph_110,540.520000,12,165.000000,1,COMPLETED_SUCCESSFULLY,21580.860000,110.000000,21690.860000,21040.340000,21150.340000,192.275818,0-3 32-35 44-47,-1.000000,""
771,w0,delay_297,538.360000,28,446.000000,1,COMPLETED_SUCCESSFULLY,21527.860000,297.000000,21824.860000,20989.500000,21286.500000,71.671717,4-31,-1.000000,""
781,w0,delay_10,545.400000,4,15.000000,1,COMPLETED_SUCCESSFULLY,21824.860000,10.000000,21834.860000,21279.460000,21289.460000,2128.946000,31 40-42,-1.000000,""
782,w0,delay_22,545.400000,1,33.000000,1,COMPLETED_SUCCESSFULLY,21824.860000,22.000000,21846.860000,21279.460000,21301.460000,968.248182,43,-1.000000,""
776,w0,delay_167,542.240000,12,251.000000,1,COMPLETED_SUCCESSFULLY,21690.860000,167.000000,21857.860000,21148.620000,21315.620000,127.638443,0-3 32-39,-1.000000,""
780,w0,ph_53,544.730000,4,80.000000,1,COMPLETED_SUCCESSFULLY,21824.860000,53.000000,21877.860000,21280.130000,21333.130000,402.511887,27-30,-1.000000,""
779,w0,delay_55,544.570000,3,83.000000,1,COMPLETED_SUCCESSFULLY,21824.860000,55.000000,21879.860000,21280.290000,21335.290000,387.914364,24-26,-1.000000,""
777,w0,delay_85,542.960000,10,128.000000,1,COMPLETED_SUCCESSFULLY,21824.860000,85.000000,21909.860000,21281.900000,21366.900000,251.375294,4-13,-1.000000,""
784,w0,delay_32,546.390000,1,48.000000,1,COMPLETED_SUCCESSFULLY,21909.860000,32.000000,21941.860000,21363.470000,21395.470000,668.608438,42,-1.000000,""
778,w0,delay_150,543.410000,10,225.000000,1,COMPLETED_SUCCESSFULLY,21824.860000,150.000000,21974.860000,21281.450000,21431.450000,142.876333,14-23,-1.000000,""
787,w0,delay_45,547.560000,3,68.000000,1,COMPLETED_SUCCESSFULLY,21974.860000,45.000000,22019.860000,21427.300000,21472.300000,477.162222,45-47,-1.000000,""
786,w0,ph_54,546.610000,3,81.000000,1,COMPLETED_SUCCESSFULLY,21974.860000,54.000000,22028.860000,21428.250000,21482.250000,397.819444,42-44,-1.000000,""
788,w0,delay_24,548.050000,4,36.000000,1,COMPLETED_SUCCESSFULLY,22028.860000,24.000000,22052.860000,21480.810000,21504.810000,896.033750,42-45,-1.000000,""
783,w0,delay_157,545.960000,32,236.000000,1,COMPLETED_SUCCESSFULLY,21909.860000,157.000000,22066.860000,21363.900000,21520.900000,137.075796,0-13 24-41,-1.000000,""
792,w0,ph_10,549.170000,3,15.000000,1,COMPLETED_SUCCESSFULLY,22066.860000,10.000000,22076.860000,21517.690000,21527.690000,2152.769000,12-13 24,-1.000000,""
790,w0,delay_21,548.580000,1,32.000000,1,COMPLETED_SUCCESSFULLY,22066.860000,21.000000,22087.860000,21518.280000,21539.280000,1025.680000,10,-1.000000,""
793,w0,delay_30,549.620000,2,45.000000,1,COMPLETED_SUCCESSFULLY,22066.860000,30.000000,22096.860000,21517.240000,21547.240000,718.241333,25-26,-1.000000,""
796,w0,delay_36,550.520000,2,54.000000,1,COMPLETED_SUCCESSFULLY,22066.860000,36.000000,22102.860000,21516.340000,21552.340000,598.676111,42-43,-1.000000,""
791,w0,delay_37,549.060000,1,56.000000,1,COMPLETED_SUCCESSFULLY,22066.860000,37.000000,22103.860000,21517.800000,21554.800000,582.562162,11,-1.000000,""
795,w0,delay_43,550.450000,3,65.000000,1,COMPLETED_SUCCESSFULLY,22066.860000,43.000000,22109.860000,21516.410000,21559.410000,501.381628,39-41,-1.000000,""
797,w0,delay_52,550.710000,2,78.000000,1,COMPLETED_SUCCESSFULLY,22066.860000,52.000000,22118.860000,21516.150000,21568.150000,414.772115,44-45,-1.000000,""
798,w0,ph_45,550.870000,4,68.000000,1,COMPLETED_SUCCESSFULLY,22076.860000,45.000000,22121.860000,21525.990000,21570.990000,479.355333,12-13 24 46,-1.000000,""
785,w0,delay_155,546.430000,10,233.000000,1,COMPLETED_SUCCESSFULLY,21974.860000,155.000000,22129.860000,21428.430000,21583.430000,139.247935,14-23,-1.000000,""
799,w0,delay_38,552.320000,3,57.000000,1,COMPLETED_SUCCESSFULLY,22096.860000,38.000000,22134.860000,21544.540000,21582.540000,567.961579,10 25-26,-1.000000,""
794,w0,delay_122,550.160000,12,183.000000,1,COMPLETED_SUCCESSFULLY,22066.860000,122.000000,22188.860000,21516.700000,21638.700000,177.366393,27-38,-1.000000,""
789,w0,delay_159,548.500000,10,239.000000,1,COMPLETED_SUCCESSFULLY,22066.860000,159.000000,22225.860000,21518.360000,21677.360000,136.335597,0-9,-1.000000,""
800,w0,delay_130,552.690000,28,195.000000,1,COMPLETED_SUCCESSFULLY,22188.860000,130.000000,22318.860000,21636.170000,21766.170000,167.432077,10-37,-1.000000,""
803,w0,delay_30,553.520000,2,45.000000,1,COMPLETED_SUCCESSFULLY,22318.860000,30.000000,22348.860000,21765.340000,21795.340000,726.511333,27-28,-1.000000,""
802,w0,delay_42,553.300000,3,63.000000,1,COMPLETED_SUCCESSFULLY,22318.860000,42.000000,22360.860000,21765.560000,21807.560000,519.227619,24-26,-1.000000,""
804,w0,ph_50,554.590000,1,75.000000,1,COMPLETED_SUCCESSFULLY,22318.860000,50.000000,22368.860000,21764.270000,21814.270000,436.285400,29,-1.000000,""
805,w0,delay_166,555.000000,16,249.000000,1,COMPLETED_SUCCESSFULLY,22318.860000,166.000000,22484.860000,21763.860000,21929.860000,132.107590,30-45,-1.000000,""
801,w0,delay_218,552.830000,24,327.000000,1,COMPLETED_SUCCESSFULLY,22318.860000,218.000000,22536.860000,21766.030000,21984.030000,100.844174,0-23,-1.000000,""
810,w0,ph_34,555.710000,1,51.000000,1,COMPLETED_SUCCESSFULLY,22536.860000,34.000000,22570.860000,21981.150000,22015.150000,647.504412,14,-1.000000,""
808,w0,delay_60,555.320000,2,90.000000,1,COMPLETED_SUCCESSFULLY,22536.860000,60.000000,22596.860000,21981.540000,22041.540000,367.359000,0-1,-1.000000,""
807,w0,delay_118,555.300000,8,177.000000,1,COMPLETED_SUCCESSFULLY,22484.860000,118.000000,22602.860000,21929.560000,22047.560000,186.843729,40-47,-1.000000,""
806,w0,delay_142,555.280000,16,213.000000,1,COMPLETED_SUCCESSFULLY,22484.860000,142.000000,22626.860000,21929.580000,22071.580000,155.433662,24-39,-1.000000,""
809,w0,delay_112,555.340000,12,168.000000,1,COMPLETED_SUCCESSFULLY,22536.860000,112.000000,22648.860000,21981.520000,22093.520000,197.263571,2-13,-1.000000,""
814,w0,delay_40,556.330000,1,60.000000,1,COMPLETED_SUCCESSFULLY,22626.860000,40.000000,22666.860000,22070.530000,22110.530000,552.763250,32,-1.000000,""
811,w0,delay_156,555.980000,8,234.000000,1,COMPLETED_SUCCESSFULLY,22536.860000,156.000000,22692.860000,21980.880000,22136.880000,141.903077,15-22,-1.000000,""
813,w0,delay_96,556.130000,8,144.000000,1,COMPLETED_SUCCESSFULLY,22626.860000,96.000000,22722.860000,22070.730000,22166.730000,230.903438,24-31,-1.000000,""
812,w0,delay_178,556.000000,12,267.000000,1,COMPLETED_SUCCESSFULLY,22602.860000,178.000000,22780.860000,22046.860000,22224.860000,124.858764,0-1 14 23 40-47,-1.000000,""
815,w0,delay_141,556.430000,12,212.000000,1,COMPLETED_SUCCESSFULLY,22648.860000,141.000000,22789.860000,22092.430000,22233.430000,157.683901,2-13,-1.000000,""
817,w0,delay_46,557.130000,1,69.000000,1,COMPLETED_SUCCESSFULLY,22780.860000,46.000000,22826.860000,22223.730000,22269.730000,484.124565,44,-1.000000,""
816,w0,ph_122,556.840000,32,183.000000,1,COMPLETED_SUCCESSFULLY,22780.860000,122.000000,22902.860000,22224.020000,22346.020000,183.164098,0-1 14-43,-1.000000,""
820,w0,delay_22,558.320000,3,33.000000,1,COMPLETED_SUCCESSFULLY,22902.860000,22.000000,22924.860000,22344.540000,22366.540000,1016.660909,36-38,-1.000000,""
822,w0,ph_28,560.600000,1,42.000000,1,COMPLETED_SUCCESSFULLY,22902.860000,28.000000,22930.860000,22342.260000,22370.260000,798.937857,40,-1.000000,""
823,w0,delay_31,560.710000,4,47.000000,1,COMPLETED_SUCCESSFULLY,22902.860000,31.000000,22933.860000,22342.150000,22373.150000,721.714516,41-44,-1.000000,""
824,w0,delay_49,561.110000,3,74.000000,1,COMPLETED_SUCCESSFULLY,22902.860000,49.000000,22951.860000,22341.750000,22390.750000,456.954082,45-47,-1.000000,""
819,w0,delay_51,558.260000,4,77.000000,1,COMPLETED_SUCCESSFULLY,22902.860000,51.000000,22953.860000,22344.600000,22395.600000,439.129412,32-35,-1.000000,""
821,w0,delay_58,558.720000,1,87.000000,1,COMPLETED_SUCCESSFULLY,22902.860000,58.000000,22960.860000,22344.140000,22402.140000,386.243793,39,-1.000000,""
826,w0,delay_30,561.620000,3,45.000000,1,COMPLETED_SUCCESSFULLY,22933.860000,30.000000,22963.860000,22372.240000,22402.240000,746.741333,40-42,-1.000000,""
825,w0,delay_49,561.190000,3,74.000000,1,COMPLETED_SUCCESSFULLY,22924.860000,49.000000,22973.860000,22363.670000,22412.670000,457.401429,36-38,-1.000000,""
827,w0,delay_55,561.690000,2,83.000000,1,COMPLETED_SUCCESSFULLY,22933.860000,55.000000,22988.860000,22372.170000,22427.170000,407.766727,43-44,-1.000000,""
830,w0,delay_27,562.950000,1,41.000000,1,COMPLETED_SUCCESSFULLY,22973.860000,27.000000,23000.860000,22410.910000,22437.910000,831.033704,47,-1.000000,""
829,w0,delay_59,562.660000,3,89.000000,1,COMPLETED_SUCCESSFULLY,22973.860000,59.000000,23032.860000,22411.200000,22470.200000,380.850847,36-38,-1.000000,""
833,w0,delay_12,563.640000,2,18.000000,1,COMPLETED_SUCCESSFULLY,23032.860000,12.000000,23044.860000,22469.220000,22481.220000,1873.435000,37-38,-1.000000,""
831,w0,delay_56,563.010000,3,84.000000,1,COMPLETED_SUCCESSFULLY,23000.860000,56.000000,23056.860000,22437.850000,22493.850000,401.675893,43-44 47,-1.000000,""
832,w0,delay_42,563.030000,1,63.000000,1,COMPLETED_SUCCESSFULLY,23032.860000,42.000000,23074.860000,22469.830000,22511.830000,535.995952,36,-1.000000,""
818,w0,delay_173,557.410000,32,260.000000,1,COMPLETED_SUCCESSFULLY,22902.860000,173.000000,23075.860000,22345.450000,22518.450000,130.164451,0-31,-1.000000,""
828,w0,ph_146,561.890000,10,219.000000,1,COMPLETED_SUCCESSFULLY,22963.860000,146.000000,23109.860000,22401.970000,22547.970000,154.438151,32-35 39-42 45-46,-1.000000,""
835,w0,delay_18,564.090000,3,27.000000,1,COMPLETED_SUCCESSFULLY,23109.860000,18.000000,23127.860000,22545.770000,22563.770000,1253.542778,32-34,-1.000000,""
836,w0,delay_52,564.350000,1,78.000000,1,COMPLETED_SUCCESSFULLY,23109.860000,52.000000,23161.860000,22545.510000,22597.510000,434.567500,35,-1.000000,""
834,w0,ph_287,563.930000,36,431.000000,1,COMPLETED_SUCCESSFULLY,23075.860000,287.000000,23362.860000,22511.930000,22798.930000,79.438780,0-31 36-38 43,-1.000000,""
841,w0,delay_12,566.970000,4,10.000000,0,COMPLETED_WALLTIME_REACHED,23362.860000,10.000000,23372.860000,22795.890000,22805.890000,2280.589000,36-39,-1.000000,""
839,w0,delay_24,566.640000,4,36.000000,1,COMPLETED_SUCCESSFULLY,23362.860000,24.000000,23386.860000,22796.220000,22820.220000,950.842500,30-33,-1.000000,""
843,w0,delay_33,567.640000,4,50.000000,1,COMPLETED_SUCCESSFULLY,23362.860000,33.000000,23395.860000,22795.220000,22828.220000,691.764242,43-46,-1.000000,""
840,w0,ph_43,566.810000,2,65.000000,1,COMPLETED_SUCCESSFULLY,23362.860000,43.000000,23405.860000,22796.050000,22839.050000,531.140698,34-35,-1.000000,""
844,w0,delay_34,568.470000,3,51.000000,1,COMPLETED_SUCCESSFULLY,23372.860000,34.000000,23406.860000,22804.390000,22838.390000,671.717353,36-38,-1.000000,""
838,w0,delay_57,565.630000,2,86.000000,1,COMPLETED_SUCCESSFULLY,23362.860000,57.000000,23419.860000,22797.230000,22854.230000,400.951404,28-29,-1.000000,""
842,w0,delay_57,567.360000,3,86.000000,1,COMPLETED_SUCCESSFULLY,23362.860000,57.000000,23419.860000,22795.500000,22852.500000,400.921053,40-42,-1.000000,""
846,w0,ph_38,569.360000,2,57.000000,1,COMPLETED_SUCCESSFULLY,23386.860000,38.000000,23424.860000,22817.500000,22855.500000,601.460526,33 39,-1.000000,""
845,w0,delay_41,568.560000,3,62.000000,1,COMPLETED_SUCCESSFULLY,23386.860000,41.000000,23427.860000,22818.300000,22859.300000,557.543902,30-32,-1.000000,""
847,w0,delay_79,569.390000,10,119.000000,1,COMPLETED_SUCCESSFULLY,23406.860000,79.000000,23485.860000,22837.470000,22916.470000,290.081899,34-38 43-47,-1.000000,""
848,w0,delay_144,569.550000,8,216.000000,1,COMPLETED_SUCCESSFULLY,23427.860000,144.000000,23571.860000,22858.310000,23002.310000,159.738264,28-33 39-40,-1.000000,""
850,w0,delay_11,570.240000,4,17.000000,1,COMPLETED_SUCCESSFULLY,23571.860000,11.000000,23582.860000,23001.620000,23012.620000,2092.056364,44-47,-1.000000,""
852,w0,ph_26,571.100000,2,39.000000,1,COMPLETED_SUCCESSFULLY,23582.860000,26.000000,23608.860000,23011.760000,23037.760000,886.067692,46-47,-1.000000,""
837,w0,delay_251,565.560000,28,377.000000,1,COMPLETED_SUCCESSFULLY,23362.860000,251.000000,23613.860000,22797.300000,23048.300000,91.825896,0-27,-1.000000,""
851,w0,delay_50,570.290000,2,75.000000,1,COMPLETED_SUCCESSFULLY,23582.860000,50.000000,23632.860000,23012.570000,23062.570000,461.251400,44-45,-1.000000,""
853,w0,delay_56,571.360000,1,84.000000,1,COMPLETED_SUCCESSFULLY,23608.860000,56.000000,23664.860000,23037.500000,23093.500000,412.383929,46,-1.000000,""
855,w0,delay_36,572.220000,2,54.000000,1,COMPLETED_SUCCESSFULLY,23632.860000,36.000000,23668.860000,23060.640000,23096.640000,641.573333,44-45,-1.000000,""
849,w0,delay_146,570.160000,16,219.000000,1,COMPLETED_SUCCESSFULLY,23571.860000,146.000000,23717.860000,23001.700000,23147.700000,158.545890,28-43,-1.000000,""
854,w0,delay_234,571.990000,28,351.000000,1,COMPLETED_SUCCESSFULLY,23613.860000,234.000000,23847.860000,23041.870000,23275.870000,99.469530,0-27,-1.000000,""
856,w0,delay_139,572.790000,10,209.000000,1,COMPLETED_SUCCESSFULLY,23717.860000,139.000000,23856.860000,23145.070000,23284.070000,167.511295,28-37,-1.000000,""
858,w0,ph_18,573.230000,4,27.000000,1,COMPLETED_SUCCESSFULLY,23847.860000,18.000000,23865.860000,23274.630000,23292.630000,1294.035000,12-15,-1.000000,""
861,w0,delay_48,573.860000,2,72.000000,1,COMPLETED_SUCCESSFULLY,23847.860000,48.000000,23895.860000,23274.000000,23322.000000,485.875000,43-44,-1.000000,""
860,w0,delay_60,573.350000,1,90.000000,1,COMPLETED_SUCCESSFULLY,23847.860000,60.000000,23907.860000,23274.510000,23334.510000,388.908500,42,-1.000000,""
859,w0,delay_165,573.310000,16,248.000000,1,COMPLETED_SUCCESSFULLY,23847.860000,165.000000,24012.860000,23274.550000,23439.550000,142.057879,16-27 38-41,-1.000000,""
857,w0,delay_178,572.910000,12,267.000000,1,COMPLETED_SUCCESSFULLY,23847.860000,178.000000,24025.860000,23274.950000,23452.950000,131.758146,0-11,-1.000000,""
862,w0,delay_253,573.860000,36,380.000000,1,COMPLETED_SUCCESSFULLY,24012.860000,253.000000,24265.860000,23439.000000,23692.000000,93.644269,12-47,-1.000000,""
869,w0,delay_16,576.670000,3,24.000000,1,COMPLETED_SUCCESSFULLY,24265.860000,16.000000,24281.860000,23689.190000,23705.190000,1481.574375,39-41,-1.000000,""
866,w0,delay_28,575.960000,1,42.000000,1,COMPLETED_SUCCESSFULLY,24265.860000,28.000000,24293.860000,23689.900000,23717.900000,847.067857,36,-1.000000,""
868,w0,delay_34,576.240000,1,51.000000,1,COMPLETED_SUCCESSFULLY,24265.860000,34.000000,24299.860000,23689.620000,23723.620000,697.753529,38,-1.000000,""
870,w0,ph_46,577.050000,4,69.000000,1,COMPLETED_SUCCESSFULLY,24265.860000,46.000000,24311.860000,23688.810000,23734.810000,515.974130,42-45,-1.000000,""
867,w0,delay_55,576.240000,1,83.000000,1,COMPLETED_SUCCESSFULLY,24265.860000,55.000000,24320.860000,23689.620000,23744.620000,431.720364,37,-1.000000,""
863,w0,delay_89,574.610000,16,134.000000,1,COMPLETED_SUCCESSFULLY,24265.860000,89.000000,24354.860000,23691.250000,23780.250000,267.193820,0-15,-1.000000,""
865,w0,delay_114,575.720000,8,171.000000,1,COMPLETED_SUCCESSFULLY,24265.860000,114.000000,24379.860000,23690.140000,23804.140000,208.808246,28-35,-1.000000,""
872,w0,delay_26,577.460000,4,39.000000,1,COMPLETED_SUCCESSFULLY,24354.860000,26.000000,24380.860000,23777.400000,23803.400000,915.515385,0-3,-1.000000,""
864,w0,ph_135,574.850000,12,203.000000,1,COMPLETED_SUCCESSFULLY,24265.860000,135.000000,24400.860000,23691.010000,23826.010000,176.488963,16-27,-1.000000,""
874,w0,delay_38,578.500000,2,57.000000,1,COMPLETED_SUCCESSFULLY,24379.860000,38.000000,24417.860000,23801.360000,23839.360000,627.351579,32-33,-1.000000,""
871,w0,delay_112,577.170000,10,168.000000,1,COMPLETED_SUCCESSFULLY,24311.860000,112.000000,24423.860000,23734.690000,23846.690000,212.916875,36 38-46,-1.000000,""
875,w0,delay_60,579.590000,4,90.000000,1,COMPLETED_SUCCESSFULLY,24379.860000,60.000000,24439.860000,23800.270000,23860.270000,397.671167,34-35 37 47,-1.000000,""
878,w0,delay_33,580.450000,2,50.000000,1,COMPLETED_SUCCESSFULLY,24423.860000,33.000000,24456.860000,23843.410000,23876.410000,723.527576,36 38,-1.000000,""
879,w0,delay_49,580.470000,4,74.000000,1,COMPLETED_SUCCESSFULLY,24423.860000,49.000000,24472.860000,23843.390000,23892.390000,487.599796,39-42,-1.000000,""
876,w0,ph_80,579.880000,8,120.000000,1,COMPLETED_SUCCESSFULLY,24400.860000,80.000000,24480.860000,23820.980000,23900.980000,298.762250,0-3 16-19,-1.000000,""
873,w0,delay_154,577.780000,16,231.000000,1,COMPLETED_SUCCESSFULLY,24379.860000,154.000000,24533.860000,23802.080000,23956.080000,155.558961,4-15 28-31,-1.000000,""
877,w0,delay_120,580.250000,10,180.000000,1,COMPLETED_SUCCESSFULLY,24417.860000,120.000000,24537.860000,23837.610000,23957.610000,199.646750,20-27 32-33,-1.000000,""
881,w0,delay_22,580.800000,3,19.000000,0,COMPLETED_WALLTIME_REACHED,24533.860000,19.000000,24552.860000,23953.060000,23972.060000,1261.687368,34-36,-1.000000,""
883,w0,delay_20,581.150000,1,30.000000,1,COMPLETED_SUCCESSFULLY,24533.860000,20.000000,24553.860000,23952.710000,23972.710000,1198.635500,39,-1.000000,""
884,w0,delay_35,581.260000,4,53.000000,1,COMPLETED_SUCCESSFULLY,24533.860000,35.000000,24568.860000,23952.600000,23987.600000,685.360000,40-43,-1.000000,""
882,w0,ph_49,581.130000,2,74.000000,1,COMPLETED_SUCCESSFULLY,24533.860000,49.000000,24582.860000,23952.730000,24001.730000,489.831224,37-38,-1.000000,""
887,w0,delay_39,581.770000,2,59.000000,1,COMPLETED_SUCCESSFULLY,24568.860000,39.000000,24607.860000,23987.090000,24026.090000,616.053590,46-47,-1.000000,""
888,w0,ph_42,582.080000,4,63.000000,1,COMPLETED_SUCCESSFULLY,24607.860000,42.000000,24649.860000,24025.780000,24067.780000,573.042381,37-38 46-47,-1.000000,""
886,w0,delay_104,581.650000,12,156.000000,1,COMPLETED_SUCCESSFULLY,24568.860000,104.000000,24672.860000,23987.210000,24091.210000,231.646250,32-36 39-45,-1.000000,""
889,w0,delay_42,582.110000,1,63.000000,1,COMPLETED_SUCCESSFULLY,24649.860000,42.000000,24691.860000,24067.750000,24109.750000,574.041667,37,-1.000000,""
880,w0,delay_164,580.590000,24,246.000000,1,COMPLETED_SUCCESSFULLY,24533.860000,164.000000,24697.860000,23953.270000,24117.270000,147.056524,0-19 28-31,-1.000000,""
895,w0,delay_15,584.630000,3,23.000000,1,COMPLETED_SUCCESSFULLY,24697.860000,15.000000,24712.860000,24113.230000,24128.230000,1608.548667,29-31,-1.000000,""
885,w0,delay_177,581.530000,8,266.000000,1,COMPLETED_SUCCESSFULLY,24537.860000,177.000000,24714.860000,23956.330000,24133.330000,136.346497,20-27,-1.000000,""
891,w0,delay_58,583.040000,2,87.000000,1,COMPLETED_SUCCESSFULLY,24672.860000,58.000000,24730.860000,24089.820000,24147.820000,416.341724,45-46,-1.000000,""
896,w0,delay_40,585.130000,2,60.000000,1,COMPLETED_SUCCESSFULLY,24697.860000,40.000000,24737.860000,24112.730000,24152.730000,603.818250,37 47,-1.000000,""
898,w0,delay_25,586.100000,2,38.000000,1,COMPLETED_SUCCESSFULLY,24714.860000,25.000000,24739.860000,24128.760000,24153.760000,966.150400,20-21,-1.000000,""
899,w0,delay_25,586.850000,2,38.000000,1,COMPLETED_SUCCESSFULLY,24714.860000,25.000000,24739.860000,24128.010000,24153.010000,966.120400,22-23,-1.000000,""
894,w0,ph_43,584.190000,3,65.000000,1,COMPLETED_SUCCESSFULLY,24697.860000,43.000000,24740.860000,24113.670000,24156.670000,561.783023,18-19 28,-1.000000,""
897,w0,delay_57,585.220000,2,86.000000,1,COMPLETED_SUCCESSFULLY,24712.860000,57.000000,24769.860000,24127.640000,24184.640000,424.291930,29-30,-1.000000,""
901,w0,delay_58,588.140000,1,87.000000,1,COMPLETED_SUCCESSFULLY,24737.860000,58.000000,24795.860000,24149.720000,24207.720000,417.374483,47,-1.000000,""
892,w0,delay_121,583.580000,8,182.000000,1,COMPLETED_SUCCESSFULLY,24697.860000,121.000000,24818.860000,24114.280000,24235.280000,200.291570,0-7,-1.000000,""
890,w0,delay_148,582.870000,12,222.000000,1,COMPLETED_SUCCESSFULLY,24672.860000,148.000000,24820.860000,24089.990000,24237.990000,163.770203,32-36 38-44,-1.000000,""
893,w0,delay_146,583.610000,10,219.000000,1,COMPLETED_SUCCESSFULLY,24697.860000,146.000000,24843.860000,24114.250000,24260.250000,166.166096,8-17,-1.000000,""
900,w0,ph_177,587.010000,8,266.000000,1,COMPLETED_SUCCESSFULLY,24737.860000,177.000000,24914.860000,24150.850000,24327.850000,137.445480,24-27 31 37 45-46,-1.000000,""
904,w0,delay_24,590.650000,4,36.000000,1,COMPLETED_SUCCESSFULLY,24914.860000,24.000000,24938.860000,24324.210000,24348.210000,1014.508750,44-47,-1.000000,""
902,w0,delay_139,589.290000,12,209.000000,1,COMPLETED_SUCCESSFULLY,24818.860000,139.000000,24957.860000,24229.570000,24368.570000,175.313453,0-7 18-21,-1.000000,""
907,w0,delay_10,591.150000,1,15.000000,1,COMPLETED_SUCCESSFULLY,24957.860000,10.000000,24967.860000,24366.710000,24376.710000,2437.671000,2,-1.000000,""
905,w0,delay_40,590.700000,4,60.000000,1,COMPLETED_SUCCESSFULLY,24938.860000,40.000000,24978.860000,24348.160000,24388.160000,609.704000,44-47,-1.000000,""
910,w0,delay_23,591.550000,4,35.000000,1,COMPLETED_SUCCESSFULLY,24967.860000,23.000000,24990.860000,24376.310000,24399.310000,1060.839565,2 19-21,-1.000000,""
906,w0,ph_39,590.710000,2,59.000000,1,COMPLETED_SUCCESSFULLY,24957.860000,39.000000,24996.860000,24367.150000,24406.150000,625.798718,0-1,-1.000000,""
909,w0,delay_40,591.400000,3,60.000000,1,COMPLETED_SUCCESSFULLY,24957.860000,40.000000,24997.860000,24366.460000,24406.460000,610.161500,6-7 18,-1.000000,""
911,w0,delay_27,592.060000,4,41.000000,1,COMPLETED_SUCCESSFULLY,24978.860000,27.000000,25005.860000,24386.800000,24413.800000,904.214815,44-47,-1.000000,""
908,w0,delay_49,591.320000,3,74.000000,1,COMPLETED_SUCCESSFULLY,24957.860000,49.000000,25006.860000,24366.540000,24415.540000,498.276327,3-5,-1.000000,""
903,w0,delay_245,590.130000,32,368.000000,1,COMPLETED_SUCCESSFULLY,24914.860000,245.000000,25159.860000,24324.730000,24569.730000,100.284612,8-17 22-43,-1.000000,""
914,w0,delay_21,594.120000,1,32.000000,1,COMPLETED_SUCCESSFULLY,25159.860000,21.000000,25180.860000,24565.740000,24586.740000,1170.797143,32,-1.000000,""
913,w0,delay_22,592.960000,4,33.000000,1,COMPLETED_SUCCESSFULLY,25159.860000,22.000000,25181.860000,24566.900000,24588.900000,1117.677273,28-31,-1.000000,""
912,w0,ph_145,592.370000,28,218.000000,1,COMPLETED_SUCCESSFULLY,25159.860000,145.000000,25304.860000,24567.490000,24712.490000,170.430966,0-27,-1.000000,""
916,w0,delay_16,594.470000,4,24.000000,1,COMPLETED_SUCCESSFULLY,25304.860000,16.000000,25320.860000,24710.390000,24726.390000,1545.399375,32-35,-1.000000,""
917,w0,delay_167,594.500000,16,251.000000,1,COMPLETED_SUCCESSFULLY,25320.860000,167.000000,25487.860000,24726.360000,24893.360000,149.062036,32-47,-1.000000,""
918,w0,ph_33,594.710000,3,50.000000,1,COMPLETED_SUCCESSFULLY,25487.860000,33.000000,25520.860000,24893.150000,24926.150000,755.337879,32-34,-1.000000,""
919,w0,delay_36,595.690000,1,54.000000,1,COMPLETED_SUCCESSFULLY,25487.860000,36.000000,25523.860000,24892.170000,24928.170000,692.449167,35,-1.000000,""
915,w0,delay_244,594.170000,32,366.000000,1,COMPLETED_SUCCESSFULLY,25304.860000,244.000000,25548.860000,24710.690000,24954.690000,102.273320,0-31,-1.000000,""
921,w0,delay_32,596.810000,3,48.000000,1,COMPLETED_SUCCESSFULLY,25548.860000,32.000000,25580.860000,24952.050000,24984.050000,780.751563,28-30,-1.000000,""
923,w0,delay_20,597.410000,2,30.000000,1,COMPLETED_SUCCESSFULLY,25580.860000,20.000000,25600.860000,24983.450000,25003.450000,1250.172500,28-29,-1.000000,""
924,w0,ph_14,598.370000,4,21.000000,1,COMPLETED_SUCCESSFULLY,25600.860000,14.000000,25614.860000,25002.490000,25016.490000,1786.892143,28-30 47,-1.000000,""
925,w0,delay_55,598.520000,3,83.000000,1,COMPLETED_SUCCESSFULLY,25614.860000,55.000000,25669.860000,25016.340000,25071.340000,455.842545,28-30,-1.000000,""
922,w0,delay_173,597.070000,16,260.000000,1,COMPLETED_SUCCESSFULLY,25548.860000,173.000000,25721.860000,24951.790000,25124.790000,145.230000,31-46,-1.000000,""
926,w0,delay_59,598.900000,4,89.000000,1,COMPLETED_SUCCESSFULLY,25669.860000,59.000000,25728.860000,25070.960000,25129.960000,425.931525,28-30 47,-1.000000,""
927,w0,delay_36,599.060000,4,54.000000,1,COMPLETED_SUCCESSFULLY,25721.860000,36.000000,25757.860000,25122.800000,25158.800000,698.855556,31-34,-1.000000,""
928,w0,delay_52,599.760000,2,78.000000,1,COMPLETED_SUCCESSFULLY,25721.860000,52.000000,25773.860000,25122.100000,25174.100000,484.117308,35-36,-1.000000,""
929,w0,delay_81,600.260000,10,122.000000,1,COMPLETED_SUCCESSFULLY,25721.860000,81.000000,25802.860000,25121.600000,25202.600000,311.143210,37-46,-1.000000,""
920,w0,delay_267,596.430000,28,401.000000,1,COMPLETED_SUCCESSFULLY,25548.860000,267.000000,25815.860000,24952.430000,25219.430000,94.454794,0-27,-1.000000,""
931,w0,delay_16,600.830000,1,24.000000,1,COMPLETED_SUCCESSFULLY,25815.860000,16.000000,25831.860000,25215.030000,25231.030000,1576.939375,36,-1.000000,""
930,w0,ph_260,600.300000,36,390.000000,1,COMPLETED_SUCCESSFULLY,25815.860000,260.000000,26075.860000,25215.560000,25475.560000,97.982923,0-35,-1.000000,""
933,w0,delay_18,601.380000,2,27.000000,1,COMPLETED_SUCCESSFULLY,26075.860000,18.000000,26093.860000,25474.480000,25492.480000,1416.248889,16-17,-1.000000,""
934,w0,delay_30,601.450000,3,45.000000,1,COMPLETED_SUCCESSFULLY,26075.860000,30.000000,26105.860000,25474.410000,25504.410000,850.147000,18-20,-1.000000,""
932,w0,delay_99,600.890000,16,149.000000,1,COMPLETED_SUCCESSFULLY,26075.860000,99.000000,26174.860000,25474.970000,25573.970000,258.322929,0-15,-1.000000,""
935,w0,delay_130,601.680000,12,195.000000,1,COMPLETED_SUCCESSFULLY,26075.860000,130.000000,26205.860000,25474.180000,25604.180000,196.955231,21-32,-1.000000,""
936,w0,ph_135,602.950000,10,203.000000,1,COMPLETED_SUCCESSFULLY,26075.860000,135.000000,26210.860000,25472.910000,25607.910000,189.688222,33-42,-1.000000,""
937,w0,delay_127,603.310000,16,191.000000,1,COMPLETED_SUCCESSFULLY,26174.860000,127.000000,26301.860000,25571.550000,25698.550000,202.350787,0-15,-1.000000,""
939,w0,delay_26,603.620000,4,39.000000,1,COMPLETED_SUCCESSFULLY,26301.860000,26.000000,26327.860000,25698.240000,25724.240000,989.393846,36-39,-1.000000,""
940,w0,delay_32,603.630000,2,48.000000,1,COMPLETED_SUCCESSFULLY,26301.860000,32.000000,26333.860000,25698.230000,25730.230000,804.069688,40-41,-1.000000,""
938,w0,delay_258,603.590000,36,387.000000,1,COMPLETED_SUCCESSFULLY,26301.860000,258.000000,26559.860000,25698.270000,25956.270000,100.605698,0-35,-1.000000,""
945,w0,delay_43,604.130000,2,65.000000,1,COMPLETED_SUCCESSFULLY,26559.860000,43.000000,26602.860000,25955.730000,25998.730000,604.621628,39-40,-1.000000,""
943,w0,delay_45,603.910000,4,68.000000,1,COMPLETED_SUCCESSFULLY,26559.860000,45.000000,26604.860000,25955.950000,26000.950000,577.798889,19-22,-1.000000,""
942,w0,ph_48,603.910000,3,72.000000,1,COMPLETED_SUCCESSFULLY,26559.860000,48.000000,26607.860000,25955.950000,26003.950000,541.748958,16-18,-1.000000,""
947,w0,delay_14,605.280000,2,21.000000,1,COMPLETED_SUCCESSFULLY,26607.860000,14.000000,26621.860000,26002.580000,26016.580000,1858.327143,16-17,-1.000000,""
946,w0,delay_96,605.000000,12,144.000000,1,COMPLETED_SUCCESSFULLY,26604.860000,96.000000,26700.860000,25999.860000,26095.860000,271.831875,19-22 39-46,-1.000000,""
941,w0,delay_156,603.900000,16,234.000000,1,COMPLETED_SUCCESSFULLY,26559.860000,156.000000,26715.860000,25955.960000,26111.960000,167.384359,0-15,-1.000000,""
944,w0,delay_166,604.010000,16,249.000000,1,COMPLETED_SUCCESSFULLY,26559.860000,166.000000,26725.860000,25955.850000,26121.850000,157.360542,23-38,-1.000000,""
949,w0,delay_13,605.650000,2,20.000000,1,COMPLETED_SUCCESSFULLY,26715.860000,13.000000,26728.860000,26110.210000,26123.210000,2009.477692,0-1,-1.000000,""
948,w0,ph_94,605.400000,16,141.000000,1,COMPLETED_SUCCESSFULLY,26700.860000,94.000000,26794.860000,26095.460000,26189.460000,278.611277,16-22 39-47,-1.000000,""
953,w0,delay_13,606.520000,2,20.000000,1,COMPLETED_SUCCESSFULLY,26794.860000,13.000000,26807.860000,26188.340000,26201.340000,2015.487692,21-22,-1.000000,""
951,w0,delay_19,605.870000,1,17.000000,0,COMPLETED_WALLTIME_REACHED,26794.860000,17.000000,26811.860000,26188.990000,26205.990000,1541.528824,16,-1.000000,""
955,w0,delay_17,606.810000,1,26.000000,1,COMPLETED_SUCCESSFULLY,26794.860000,17.000000,26811.860000,26188.050000,26205.050000,1541.473529,41,-1.000000,""
954,w0,ph_22,606.710000,2,33.000000,1,COMPLETED_SUCCESSFULLY,26794.860000,22.000000,26816.860000,26188.150000,26210.150000,1191.370455,39-40,-1.000000,""
956,w0,delay_25,607.270000,4,38.000000,1,COMPLETED_SUCCESSFULLY,26794.860000,25.000000,26819.860000,26187.590000,26212.590000,1048.503600,42-45,-1.000000,""
952,w0,delay_33,605.950000,4,50.000000,1,COMPLETED_SUCCESSFULLY,26794.860000,33.000000,26827.860000,26188.910000,26221.910000,794.603333,17-20,-1.000000,""
957,w0,delay_43,607.280000,1,65.000000,1,COMPLETED_SUCCESSFULLY,26794.860000,43.000000,26837.860000,26187.580000,26230.580000,610.013488,46,-1.000000,""
958,w0,delay_30,607.360000,3,45.000000,1,COMPLETED_SUCCESSFULLY,26807.860000,30.000000,26837.860000,26200.500000,26230.500000,874.350000,21-22 47,-1.000000,""
960,w0,ph_52,607.970000,1,78.000000,1,COMPLETED_SUCCESSFULLY,26827.860000,52.000000,26879.860000,26219.890000,26271.890000,505.228654,17,-1.000000,""
959,w0,delay_92,607.840000,8,138.000000,1,COMPLETED_SUCCESSFULLY,26819.860000,92.000000,26911.860000,26212.020000,26304.020000,285.913261,16 39-45,-1.000000,""
950,w0,delay_188,605.660000,32,282.000000,1,COMPLETED_SUCCESSFULLY,26728.860000,188.000000,26916.860000,26123.200000,26311.200000,139.953191,0-15 23-38,-1.000000,""
962,w0,delay_10,608.130000,2,15.000000,1,COMPLETED_SUCCESSFULLY,26911.860000,10.000000,26921.860000,26303.730000,26313.730000,2631.373000,44-45,-1.000000,""
967,w0,delay_26,608.720000,2,39.000000,1,COMPLETED_SUCCESSFULLY,26916.860000,26.000000,26942.860000,26308.140000,26334.140000,1012.851538,31-32,-1.000000,""
969,w0,delay_30,609.030000,3,45.000000,1,COMPLETED_SUCCESSFULLY,26916.860000,30.000000,26946.860000,26307.830000,26337.830000,877.927667,36-38,-1.000000,""
966,w0,ph_38,608.710000,3,57.000000,1,COMPLETED_SUCCESSFULLY,26916.860000,38.000000,26954.860000,26308.150000,26346.150000,693.319737,28-30,-1.000000,""
968,w0,delay_44,608.960000,3,66.000000,1,COMPLETED_SUCCESSFULLY,26916.860000,44.000000,26960.860000,26307.900000,26351.900000,598.906818,33-35,-1.000000,""
961,w0,delay_61,608.010000,12,92.000000,1,COMPLETED_SUCCESSFULLY,26911.860000,61.000000,26972.860000,26303.850000,26364.850000,432.210656,16-22 39-43,-1.000000,""
964,w0,delay_58,608.550000,3,87.000000,1,COMPLETED_SUCCESSFULLY,26916.860000,58.000000,26974.860000,26308.310000,26366.310000,454.591552,10-12,-1.000000,""
972,w0,ph_11,609.740000,2,17.000000,1,COMPLETED_SUCCESSFULLY,26972.860000,11.000000,26983.860000,26363.120000,26374.120000,2397.647273,41-42,-1.000000,""
965,w0,delay_76,608.570000,8,114.000000,1,COMPLETED_SUCCESSFULLY,26916.860000,76.000000,26992.860000,26308.290000,26384.290000,347.161711,13-15 23-27,-1.000000,""
970,w0,delay_68,609.150000,10,102.000000,1,COMPLETED_SUCCESSFULLY,26954.860000,68.000000,27022.860000,26345.710000,26413.710000,388.436912,28-32 36-38 44-45,-1.000000,""
963,w0,delay_107,608.440000,10,161.000000,1,COMPLETED_SUCCESSFULLY,26916.860000,107.000000,27023.860000,26308.420000,26415.420000,246.873084,0-9,-1.000000,""
976,w0,delay_12,611.810000,1,18.000000,1,COMPLETED_SUCCESSFULLY,27022.860000,12.000000,27034.860000,26411.050000,26423.050000,2201.920833,47,-1.000000,""
975,w0,delay_30,611.670000,3,45.000000,1,COMPLETED_SUCCESSFULLY,27022.860000,30.000000,27052.860000,26411.190000,26441.190000,881.373000,44-46,-1.000000,""
971,w0,delay_118,609.370000,12,106.000000,0,COMPLETED_WALLTIME_REACHED,26972.860000,106.000000,27078.860000,26363.490000,26469.490000,249.712170,16-22 33-35 39-40,-1.000000,""
977,w0,delay_73,611.860000,10,110.000000,1,COMPLETED_SUCCESSFULLY,27023.860000,73.000000,27096.860000,26412.000000,26485.000000,362.808219,0-9,-1.000000,""
978,w0,ph_52,611.900000,4,78.000000,1,COMPLETED_SUCCESSFULLY,27052.860000,52.000000,27104.860000,26440.960000,26492.960000,509.480000,44-47,-1.000000,""
979,w0,delay_33,612.260000,1,50.000000,1,COMPLETED_SUCCESSFULLY,27078.860000,33.000000,27111.860000,26466.600000,26499.600000,803.018182,16,-1.000000,""
981,w0,delay_33,613.520000,1,50.000000,1,COMPLETED_SUCCESSFULLY,27078.860000,33.000000,27111.860000,26465.340000,26498.340000,802.980000,19,-1.000000,""
980,w0,delay_51,612.720000,2,77.000000,1,COMPLETED_SUCCESSFULLY,27078.860000,51.000000,27129.860000,26466.140000,26517.140000,519.943922,17-18,-1.000000,""
983,w0,delay_56,615.160000,1,84.000000,1,COMPLETED_SUCCESSFULLY,27078.860000,56.000000,27134.860000,26463.700000,26519.700000,473.566071,33,-1.000000,""
982,w0,delay_60,614.530000,3,90.000000,1,COMPLETED_SUCCESSFULLY,27078.860000,60.000000,27138.860000,26464.330000,26524.330000,442.072167,20-22,-1.000000,""
973,w0,delay_152,609.900000,12,228.000000,1,COMPLETED_SUCCESSFULLY,26992.860000,152.000000,27144.860000,26382.960000,26534.960000,174.572105,10-15 23-27 41,-1.000000,""
974,w0,delay_127,611.150000,10,191.000000,1,COMPLETED_SUCCESSFULLY,27022.860000,127.000000,27149.860000,26411.710000,26538.710000,208.966220,28-32 36-38 42-43,-1.000000,""
985,w0,delay_46,615.570000,2,69.000000,1,COMPLETED_SUCCESSFULLY,27138.860000,46.000000,27184.860000,26523.290000,26569.290000,577.593261,46-47,-1.000000,""
988,w0,delay_45,616.790000,2,68.000000,1,COMPLETED_SUCCESSFULLY,27149.860000,45.000000,27194.860000,26533.070000,26578.070000,590.623778,42-43,-1.000000,""
987,w0,delay_54,616.010000,4,81.000000,1,COMPLETED_SUCCESSFULLY,27149.860000,54.000000,27203.860000,26533.850000,26587.850000,492.367593,36-38 41,-1.000000,""
989,w0,delay_32,616.940000,4,48.000000,1,COMPLETED_SUCCESSFULLY,27194.860000,32.000000,27226.860000,26577.920000,26609.920000,831.560000,42-43 46-47,-1.000000,""
984,w0,ph_145,615.300000,24,218.000000,1,COMPLETED_SUCCESSFULLY,27138.860000,145.000000,27283.860000,26523.560000,26668.560000,183.921103,0-9 16-22 33-35 39-40 44-45,-1.000000,""
986,w0,delay_155,615.640000,16,233.000000,1,COMPLETED_SUCCESSFULLY,27149.860000,155.000000,27304.860000,26534.220000,26689.220000,172.188516,10-15 23-32,-1.000000,""
