job_id,workload_name,profile,submission_time,requested_number_of_resources,requested_time,success,final_state,starting_time,execution_time,finish_time,waiting_time,turnaround_time,stretch,allocated_resources,consumed_energy,metadata
0,w0,34,0.000000,112,34.000000,0,COMPLETED_WALLTIME_REACHED,0.000000,34.000000,34.000000,0.000000,34.000000,1.000000,0-111,-1.000000,""
2,w0,18,21083.000000,1,18.000000,0,COMPLETED_WALLTIME_REACHED,21083.000000,18.000000,21101.000000,0.000000,18.000000,1.000000,4,-1.000000,""
3,w0,532,23042.000000,128,532.000000,0,COMPLETED_WALLTIME_REACHED,23042.000000,532.000000,23574.000000,0.000000,532.000000,1.000000,4-131,-1.000000,""
4,w0,179,24576.000000,160,179.000000,0,COMPLETED_WALLTIME_REACHED,24576.000000,179.000000,24755.000000,0.000000,179.000000,1.000000,4-163,-1.000000,""
5,w0,27,28374.000000,2,27.000000,0,COMPLETED_WALLTIME_REACHED,28374.000000,27.000000,28401.000000,0.000000,27.000000,1.000000,4-5,-1.000000,""
7,w0,51,35987.000000,8,51.000000,0,COMPLETED_WALLTIME_REACHED,35987.000000,51.000000,36038.000000,0.000000,51.000000,1.000000,4-11,-1.000000,""
1,w0,32080,13257.000000,4,32080.000000,0,COMPLETED_WALLTIME_REACHED,13257.000000,32080.000000,45337.000000,0.000000,32080.000000,1.000000,0-3,-1.000000,""
6,w0,289,28405.000000,170,289.000000,0,COMPLETED_WALLTIME_REACHED,45337.000000,289.000000,45626.000000,16932.000000,17221.000000,59.588235,0-169,-1.000000,""
8,w0,344,49238.000000,64,344.000000,0,COMPLETED_WALLTIME_REACHED,49238.000000,344.000000,49582.000000,0.000000,344.000000,1.000000,0-63,-1.000000,""
9,w0,161,68862.000000,64,161.000000,0,COMPLETED_WALLTIME_REACHED,68862.000000,161.000000,69023.000000,0.000000,161.000000,1.000000,0-63,-1.000000,""
10,w0,163,69431.000000,64,163.000000,0,COMPLETED_WALLTIME_REACHED,69431.000000,163.000000,69594.000000,0.000000,163.000000,1.000000,0-63,-1.000000,""
11,w0,162,69446.000000,64,162.000000,0,COMPLETED_WALLTIME_REACHED,69446.000000,162.000000,69608.000000,0.000000,162.000000,1.000000,64-127,-1.000000,""
12,w0,165,70035.000000,64,165.000000,0,COMPLETED_WALLTIME_REACHED,70035.000000,165.000000,70200.000000,0.000000,165.000000,1.000000,0-63,-1.000000,""
13,w0,163,70041.000000,64,163.000000,0,COMPLETED_WALLTIME_REACHED,70041.000000,163.000000,70204.000000,0.000000,163.000000,1.000000,64-127,-1.000000,""
14,w0,43,70524.000000,64,43.000000,0,COMPLETED_WALLTIME_REACHED,70524.000000,43.000000,70567.000000,0.000000,43.000000,1.000000,0-63,-1.000000,""
15,w0,43,70528.000000,64,43.000000,0,COMPLETED_WALLTIME_REACHED,70528.000000,43.000000,70571.000000,0.000000,43.000000,1.000000,64-127,-1.000000,""
16,w0,44,70532.000000,64,44.000000,0,COMPLETED_WALLTIME_REACHED,70567.000000,44.000000,70611.000000,35.000000,79.000000,1.795455,0-63,-1.000000,""
17,w0,48,70537.000000,64,48.000000,0,COMPLETED_WALLTIME_REACHED,70571.000000,48.000000,70619.000000,34.000000,82.000000,1.708333,64-127,-1.000000,""
18,w0,43,70550.000000,64,43.000000,0,COMPLETED_WALLTIME_REACHED,70611.000000,43.000000,70654.000000,61.000000,104.000000,2.418605,0-63,-1.000000,""
19,w0,11,83366.000000,1,11.000000,0,COMPLETED_WALLTIME_REACHED,83366.000000,11.000000,83377.000000,0.000000,11.000000,1.000000,0,-1.000000,""
20,w0,17,83464.000000,1,17.000000,0,COMPLETED_WALLTIME_REACHED,83464.000000,17.000000,83481.000000,0.000000,17.000000,1.000000,0,-1.000000,""
21,w0,103,84854.000000,1,103.000000,0,COMPLETED_WALLTIME_REACHED,84854.000000,103.000000,84957.000000,0.000000,103.000000,1.000000,0,-1.000000,""
22,w0,21,85376.000000,1,21.000000,0,COMPLETED_WALLTIME_REACHED,85376.000000,21.000000,85397.000000,0.000000,21.000000,1.000000,0,-1.000000,""
23,w0,11,86405.000000,1,11.000000,0,COMPLETED_WALLTIME_REACHED,86405.000000,11.000000,86416.000000,0.000000,11.000000,1.000000,0,-1.000000,""
24,w0,11,86492.000000,1,11.000000,0,COMPLETED_WALLTIME_REACHED,86492.000000,11.000000,86503.000000,0.000000,11.000000,1.000000,0,-1.000000,""
25,w0,21,86622.000000,1,21.000000,0,COMPLETED_WALLTIME_REACHED,86622.000000,21.000000,86643.000000,0.000000,21.000000,1.000000,0,-1.000000,""
26,w0,31,89609.000000,64,31.000000,0,COMPLETED_WALLTIME_REACHED,89609.000000,31.000000,89640.000000,0.000000,31.000000,1.000000,0-63,-1.000000,""
27,w0,311,89813.000000,64,311.000000,0,COMPLETED_WALLTIME_REACHED,89813.000000,311.000000,90124.000000,0.000000,311.000000,1.000000,0-63,-1.000000,""
28,w0,33,90545.000000,64,33.000000,0,COMPLETED_WALLTIME_REACHED,90545.000000,33.000000,90578.000000,0.000000,33.000000,1.000000,0-63,-1.000000,""
29,w0,33,90833.000000,64,33.000000,0,COMPLETED_WALLTIME_REACHED,90833.000000,33.000000,90866.000000,0.000000,33.000000,1.000000,0-63,-1.000000,""
31,w0,79,90948.000000,64,79.000000,0,COMPLETED_WALLTIME_REACHED,90948.000000,79.000000,91027.000000,0.000000,79.000000,1.000000,64-127,-1.000000,""
30,w0,347,90946.000000,64,347.000000,0,COMPLETED_WALLTIME_REACHED,90946.000000,347.000000,91293.000000,0.000000,347.000000,1.000000,0-63,-1.000000,""
32,w0,42,95944.000000,1,42.000000,0,COMPLETED_WALLTIME_REACHED,95944.000000,42.000000,95986.000000,0.000000,42.000000,1.000000,0,-1.000000,""
33,w0,21,97350.000000,1,21.000000,0,COMPLETED_WALLTIME_REACHED,97350.000000,21.000000,97371.000000,0.000000,21.000000,1.000000,0,-1.000000,""
34,w0,51,97567.000000,1,51.000000,0,COMPLETED_WALLTIME_REACHED,97567.000000,51.000000,97618.000000,0.000000,51.000000,1.000000,0,-1.000000,""
35,w0,42,98098.000000,1,42.000000,0,COMPLETED_WALLTIME_REACHED,98098.000000,42.000000,98140.000000,0.000000,42.000000,1.000000,0,-1.000000,""
36,w0,26,100037.000000,2,26.000000,0,COMPLETED_WALLTIME_REACHED,100037.000000,26.000000,100063.000000,0.000000,26.000000,1.000000,0-1,-1.000000,""
37,w0,26,100209.000000,2,26.000000,0,COMPLETED_WALLTIME_REACHED,100209.000000,26.000000,100235.000000,0.000000,26.000000,1.000000,0-1,-1.000000,""
38,w0,215,100523.000000,1,215.000000,0,COMPLETED_WALLTIME_REACHED,100523.000000,215.000000,100738.000000,0.000000,215.000000,1.000000,0,-1.000000,""
40,w0,11,101562.000000,1,11.000000,0,COMPLETED_WALLTIME_REACHED,101562.000000,11.000000,101573.000000,0.000000,11.000000,1.000000,12,-1.000000,""
39,w0,275,101460.000000,12,275.000000,0,COMPLETED_WALLTIME_REACHED,101460.000000,275.000000,101735.000000,0.000000,275.000000,1.000000,0-11,-1.000000,""
41,w0,12,103011.000000,1,12.000000,0,COMPLETED_WALLTIME_REACHED,103011.000000,12.000000,103023.000000,0.000000,12.000000,1.000000,0,-1.000000,""
42,w0,37,103770.000000,2,37.000000,0,COMPLETED_WALLTIME_REACHED,103770.000000,37.000000,103807.000000,0.000000,37.000000,1.000000,0-1,-1.000000,""
43,w0,27,111297.000000,2,27.000000,0,COMPLETED_WALLTIME_REACHED,111297.000000,27.000000,111324.000000,0.000000,27.000000,1.000000,0-1,-1.000000,""
44,w0,11,112088.000000,1,11.000000,0,COMPLETED_WALLTIME_REACHED,112088.000000,11.000000,112099.000000,0.000000,11.000000,1.000000,0,-1.000000,""
45,w0,320,114343.000000,4,320.000000,0,COMPLETED_WALLTIME_REACHED,114343.000000,320.000000,114663.000000,0.000000,320.000000,1.000000,0-3,-1.000000,""
46,w0,89,115057.000000,64,89.000000,0,COMPLETED_WALLTIME_REACHED,115057.000000,89.000000,115146.000000,0.000000,89.000000,1.000000,0-63,-1.000000,""
47,w0,321,115248.000000,64,321.000000,0,COMPLETED_WALLTIME_REACHED,115248.000000,321.000000,115569.000000,0.000000,321.000000,1.000000,0-63,-1.000000,""
48,w0,11,116691.000000,1,11.000000,0,COMPLETED_WALLTIME_REACHED,116691.000000,11.000000,116702.000000,0.000000,11.000000,1.000000,0,-1.000000,""
49,w0,11,117422.000000,1,11.000000,0,COMPLETED_WALLTIME_REACHED,117422.000000,11.000000,117433.000000,0.000000,11.000000,1.000000,0,-1.000000,""
50,w0,30,118937.000000,64,30.000000,0,COMPLETED_WALLTIME_REACHED,118937.000000,30.000000,118967.000000,0.000000,30.000000,1.000000,0-63,-1.000000,""
51,w0,159,119703.000000,64,159.000000,0,COMPLETED_WALLTIME_REACHED,119703.000000,159.000000,119862.000000,0.000000,159.000000,1.000000,0-63,-1.000000,""
52,w0,199,119707.000000,64,199.000000,0,COMPLETED_WALLTIME_REACHED,119707.000000,199.000000,119906.000000,0.000000,199.000000,1.000000,64-127,-1.000000,""
53,w0,198,120217.000000,64,198.000000,0,COMPLETED_WALLTIME_REACHED,120217.000000,198.000000,120415.000000,0.000000,198.000000,1.000000,0-63,-1.000000,""
57,w0,22,125770.000000,8,22.000000,0,COMPLETED_WALLTIME_REACHED,125770.000000,22.000000,125792.000000,0.000000,22.000000,1.000000,9-16,-1.000000,""
55,w0,6278,122094.000000,1,6278.000000,0,COMPLETED_WALLTIME_REACHED,122094.000000,6278.000000,128372.000000,0.000000,6278.000000,1.000000,0,-1.000000,""
59,w0,3498,125969.000000,1,3498.000000,0,COMPLETED_WALLTIME_REACHED,125969.000000,3498.000000,129467.000000,0.000000,3498.000000,1.000000,17,-1.000000,""
54,w0,9750,120379.000000,8,9750.000000,0,COMPLETED_WALLTIME_REACHED,120379.000000,9750.000000,130129.000000,0.000000,9750.000000,1.000000,64-71,-1.000000,""
56,w0,8215,124792.000000,8,8215.000000,0,COMPLETED_WALLTIME_REACHED,124792.000000,8215.000000,133007.000000,0.000000,8215.000000,1.000000,1-8,-1.000000,""
58,w0,7583,125842.000000,8,7583.000000,0,COMPLETED_WALLTIME_REACHED,125842.000000,7583.000000,133425.000000,0.000000,7583.000000,1.000000,9-16,-1.000000,""
61,w0,239,152327.000000,64,239.000000,0,COMPLETED_WALLTIME_REACHED,152327.000000,239.000000,152566.000000,0.000000,239.000000,1.000000,8-71,-1.000000,""
60,w0,8295,152150.000000,8,8295.000000,0,COMPLETED_WALLTIME_REACHED,152150.000000,8295.000000,160445.000000,0.000000,8295.000000,1.000000,0-7,-1.000000,""
62,w0,151,162961.000000,1,151.000000,0,COMPLETED_WALLTIME_REACHED,162961.000000,151.000000,163112.000000,0.000000,151.000000,1.000000,0,-1.000000,""
63,w0,374,165284.000000,64,374.000000,0,COMPLETED_WALLTIME_REACHED,165284.000000,374.000000,165658.000000,0.000000,374.000000,1.000000,0-63,-1.000000,""
64,w0,383,165296.000000,64,383.000000,0,COMPLETED_WALLTIME_REACHED,165296.000000,383.000000,165679.000000,0.000000,383.000000,1.000000,64-127,-1.000000,""
65,w0,402,165300.000000,64,402.000000,0,COMPLETED_WALLTIME_REACHED,165658.000000,402.000000,166060.000000,358.000000,760.000000,1.890547,0-63,-1.000000,""
66,w0,357,165753.000000,64,357.000000,0,COMPLETED_WALLTIME_REACHED,165753.000000,357.000000,166110.000000,0.000000,357.000000,1.000000,64-127,-1.000000,""
67,w0,357,165764.000000,64,357.000000,0,COMPLETED_WALLTIME_REACHED,166060.000000,357.000000,166417.000000,296.000000,653.000000,1.829132,0-63,-1.000000,""
68,w0,375,166553.000000,64,375.000000,0,COMPLETED_WALLTIME_REACHED,166553.000000,375.000000,166928.000000,0.000000,375.000000,1.000000,0-63,-1.000000,""
69,w0,392,166558.000000,64,392.000000,0,COMPLETED_WALLTIME_REACHED,166558.000000,392.000000,166950.000000,0.000000,392.000000,1.000000,64-127,-1.000000,""
71,w0,365,166566.000000,64,365.000000,0,COMPLETED_WALLTIME_REACHED,166950.000000,365.000000,167315.000000,384.000000,749.000000,2.052055,64-127,-1.000000,""
70,w0,444,166562.000000,64,444.000000,0,COMPLETED_WALLTIME_REACHED,166928.000000,444.000000,167372.000000,366.000000,810.000000,1.824324,0-63,-1.000000,""
72,w0,423,166575.000000,64,423.000000,0,COMPLETED_WALLTIME_REACHED,167315.000000,423.000000,167738.000000,740.000000,1163.000000,2.749409,64-127,-1.000000,""
73,w0,61,168731.000000,170,61.000000,0,COMPLETED_WALLTIME_REACHED,168731.000000,61.000000,168792.000000,0.000000,61.000000,1.000000,0-169,-1.000000,""
74,w0,144,173388.000000,4,144.000000,0,COMPLETED_WALLTIME_REACHED,173388.000000,144.000000,173532.000000,0.000000,144.000000,1.000000,0-3,-1.000000,""
75,w0,189,173418.000000,8,189.000000,0,COMPLETED_WALLTIME_REACHED,173418.000000,189.000000,173607.000000,0.000000,189.000000,1.000000,4-11,-1.000000,""
79,w0,525,174067.000000,8,525.000000,0,COMPLETED_WALLTIME_REACHED,174067.000000,525.000000,174592.000000,0.000000,525.000000,1.000000,136-143,-1.000000,""
76,w0,3150,173793.000000,128,3150.000000,0,COMPLETED_WALLTIME_REACHED,173793.000000,3150.000000,176943.000000,0.000000,3150.000000,1.000000,0-127,-1.000000,""
122,w0,157,177241.000000,12,157.000000,0,COMPLETED_WALLTIME_REACHED,177241.000000,157.000000,177398.000000,0.000000,157.000000,1.000000,71-82,-1.000000,""
77,w0,733,173886.000000,64,733.000000,0,COMPLETED_WALLTIME_REACHED,176943.000000,733.000000,177676.000000,3057.000000,3790.000000,5.170532,0-63,-1.000000,""
80,w0,1925,176295.000000,1,1925.000000,0,COMPLETED_WALLTIME_REACHED,176295.000000,1925.000000,178220.000000,0.000000,1925.000000,1.000000,136,-1.000000,""
82,w0,1925,176306.000000,1,1925.000000,0,COMPLETED_WALLTIME_REACHED,176306.000000,1925.000000,178231.000000,0.000000,1925.000000,1.000000,138,-1.000000,""
81,w0,1927,176305.000000,1,1927.000000,0,COMPLETED_WALLTIME_REACHED,176305.000000,1927.000000,178232.000000,0.000000,1927.000000,1.000000,137,-1.000000,""
84,w0,1925,176307.000000,1,1925.000000,0,COMPLETED_WALLTIME_REACHED,176307.000000,1925.000000,178232.000000,0.000000,1925.000000,1.000000,140,-1.000000,""
83,w0,1928,176306.000000,1,1928.000000,0,COMPLETED_WALLTIME_REACHED,176306.000000,1928.000000,178234.000000,0.000000,1928.000000,1.000000,139,-1.000000,""
85,w0,1927,176307.000000,1,1927.000000,0,COMPLETED_WALLTIME_REACHED,176307.000000,1927.000000,178234.000000,0.000000,1927.000000,1.000000,141,-1.000000,""
87,w0,1925,176309.000000,1,1925.000000,0,COMPLETED_WALLTIME_REACHED,176309.000000,1925.000000,178234.000000,0.000000,1925.000000,1.000000,143,-1.000000,""
86,w0,1927,176308.000000,1,1927.000000,0,COMPLETED_WALLTIME_REACHED,176308.000000,1927.000000,178235.000000,0.000000,1927.000000,1.000000,142,-1.000000,""
89,w0,1925,176310.000000,1,1925.000000,0,COMPLETED_WALLTIME_REACHED,176310.000000,1925.000000,178235.000000,0.000000,1925.000000,1.000000,145,-1.000000,""
88,w0,1927,176309.000000,1,1927.000000,0,COMPLETED_WALLTIME_REACHED,176309.000000,1927.000000,178236.000000,0.000000,1927.000000,1.000000,144,-1.000000,""
90,w0,1927,176310.000000,1,1927.000000,0,COMPLETED_WALLTIME_REACHED,176310.000000,1927.000000,178237.000000,0.000000,1927.000000,1.000000,146,-1.000000,""
91,w0,1927,176311.000000,1,1927.000000,0,COMPLETED_WALLTIME_REACHED,176311.000000,1927.000000,178238.000000,0.000000,1927.000000,1.000000,147,-1.000000,""
92,w0,1926,176312.000000,1,1926.000000,0,COMPLETED_WALLTIME_REACHED,176312.000000,1926.000000,178238.000000,0.000000,1926.000000,1.000000,148,-1.000000,""
95,w0,1925,176314.000000,1,1925.000000,0,COMPLETED_WALLTIME_REACHED,176314.000000,1925.000000,178239.000000,0.000000,1925.000000,1.000000,151,-1.000000,""
94,w0,1927,176313.000000,1,1927.000000,0,COMPLETED_WALLTIME_REACHED,176313.000000,1927.000000,178240.000000,0.000000,1927.000000,1.000000,150,-1.000000,""
93,w0,1929,176312.000000,1,1929.000000,0,COMPLETED_WALLTIME_REACHED,176312.000000,1929.000000,178241.000000,0.000000,1929.000000,1.000000,149,-1.000000,""
96,w0,1927,176314.000000,1,1927.000000,0,COMPLETED_WALLTIME_REACHED,176314.000000,1927.000000,178241.000000,0.000000,1927.000000,1.000000,152,-1.000000,""
98,w0,1925,176316.000000,1,1925.000000,0,COMPLETED_WALLTIME_REACHED,176316.000000,1925.000000,178241.000000,0.000000,1925.000000,1.000000,154,-1.000000,""
97,w0,1927,176315.000000,1,1927.000000,0,COMPLETED_WALLTIME_REACHED,176315.000000,1927.000000,178242.000000,0.000000,1927.000000,1.000000,153,-1.000000,""
99,w0,1926,176316.000000,1,1926.000000,0,COMPLETED_WALLTIME_REACHED,176316.000000,1926.000000,178242.000000,0.000000,1926.000000,1.000000,155,-1.000000,""
100,w0,1925,176317.000000,1,1925.000000,0,COMPLETED_WALLTIME_REACHED,176317.000000,1925.000000,178242.000000,0.000000,1925.000000,1.000000,156,-1.000000,""
101,w0,1926,176317.000000,1,1926.000000,0,COMPLETED_WALLTIME_REACHED,176317.000000,1926.000000,178243.000000,0.000000,1926.000000,1.000000,157,-1.000000,""
103,w0,1925,176319.000000,1,1925.000000,0,COMPLETED_WALLTIME_REACHED,176319.000000,1925.000000,178244.000000,0.000000,1925.000000,1.000000,159,-1.000000,""
104,w0,1925,176319.000000,1,1925.000000,0,COMPLETED_WALLTIME_REACHED,176319.000000,1925.000000,178244.000000,0.000000,1925.000000,1.000000,160,-1.000000,""
102,w0,1927,176318.000000,1,1927.000000,0,COMPLETED_WALLTIME_REACHED,176318.000000,1927.000000,178245.000000,0.000000,1927.000000,1.000000,158,-1.000000,""
105,w0,1925,176320.000000,1,1925.000000,0,COMPLETED_WALLTIME_REACHED,176320.000000,1925.000000,178245.000000,0.000000,1925.000000,1.000000,161,-1.000000,""
106,w0,1925,176320.000000,1,1925.000000,0,COMPLETED_WALLTIME_REACHED,176320.000000,1925.000000,178245.000000,0.000000,1925.000000,1.000000,162,-1.000000,""
107,w0,1924,176321.000000,1,1924.000000,0,COMPLETED_WALLTIME_REACHED,176321.000000,1924.000000,178245.000000,0.000000,1924.000000,1.000000,163,-1.000000,""
108,w0,1925,176321.000000,1,1925.000000,0,COMPLETED_WALLTIME_REACHED,176321.000000,1925.000000,178246.000000,0.000000,1925.000000,1.000000,164,-1.000000,""
110,w0,1924,176323.000000,1,1924.000000,0,COMPLETED_WALLTIME_REACHED,176323.000000,1924.000000,178247.000000,0.000000,1924.000000,1.000000,166,-1.000000,""
111,w0,1926,176323.000000,1,1926.000000,0,COMPLETED_WALLTIME_REACHED,176323.000000,1926.000000,178249.000000,0.000000,1926.000000,1.000000,167,-1.000000,""
112,w0,1925,176324.000000,1,1925.000000,0,COMPLETED_WALLTIME_REACHED,176324.000000,1925.000000,178249.000000,0.000000,1925.000000,1.000000,168,-1.000000,""
113,w0,1926,176324.000000,1,1926.000000,0,COMPLETED_WALLTIME_REACHED,176324.000000,1926.000000,178250.000000,0.000000,1926.000000,1.000000,169,-1.000000,""
109,w0,1929,176322.000000,1,1929.000000,0,COMPLETED_WALLTIME_REACHED,176322.000000,1929.000000,178251.000000,0.000000,1929.000000,1.000000,165,-1.000000,""
114,w0,1926,176325.000000,1,1926.000000,0,COMPLETED_WALLTIME_REACHED,176325.000000,1926.000000,178251.000000,0.000000,1926.000000,1.000000,170,-1.000000,""
115,w0,1923,176326.000000,1,1923.000000,0,COMPLETED_WALLTIME_REACHED,176943.000000,1923.000000,178866.000000,617.000000,2540.000000,1.320853,64,-1.000000,""
117,w0,1923,176327.000000,1,1923.000000,0,COMPLETED_WALLTIME_REACHED,176943.000000,1923.000000,178866.000000,616.000000,2539.000000,1.320333,66,-1.000000,""
118,w0,1923,176327.000000,1,1923.000000,0,COMPLETED_WALLTIME_REACHED,176943.000000,1923.000000,178866.000000,616.000000,2539.000000,1.320333,67,-1.000000,""
119,w0,1923,176328.000000,1,1923.000000,0,COMPLETED_WALLTIME_REACHED,176943.000000,1923.000000,178866.000000,615.000000,2538.000000,1.319813,68,-1.000000,""
121,w0,1923,176329.000000,1,1923.000000,0,COMPLETED_WALLTIME_REACHED,176943.000000,1923.000000,178866.000000,614.000000,2537.000000,1.319293,70,-1.000000,""
116,w0,1925,176326.000000,1,1925.000000,0,COMPLETED_WALLTIME_REACHED,176943.000000,1925.000000,178868.000000,617.000000,2542.000000,1.320519,65,-1.000000,""
120,w0,1928,176328.000000,1,1928.000000,0,COMPLETED_WALLTIME_REACHED,176943.000000,1928.000000,178871.000000,615.000000,2543.000000,1.318983,69,-1.000000,""
78,w0,8211,173989.000000,8,8211.000000,0,COMPLETED_WALLTIME_REACHED,173989.000000,8211.000000,182200.000000,0.000000,8211.000000,1.000000,128-135,-1.000000,""
123,w0,78,178727.000000,170,78.000000,0,COMPLETED_WALLTIME_REACHED,182200.000000,78.000000,182278.000000,3473.000000,3551.000000,45.525641,0-169,-1.000000,""
125,w0,17,182530.000000,1,17.000000,0,COMPLETED_WALLTIME_REACHED,182530.000000,17.000000,182547.000000,0.000000,17.000000,1.000000,0,-1.000000,""
124,w0,521,181375.000000,1,521.000000,0,COMPLETED_WALLTIME_REACHED,182200.000000,521.000000,182721.000000,825.000000,1346.000000,2.583493,170,-1.000000,""
126,w0,260,182920.000000,1,260.000000,0,COMPLETED_WALLTIME_REACHED,182920.000000,260.000000,183180.000000,0.000000,260.000000,1.000000,0,-1.000000,""
128,w0,17,183708.000000,1,17.000000,0,COMPLETED_WALLTIME_REACHED,183708.000000,17.000000,183725.000000,0.000000,17.000000,1.000000,32,-1.000000,""
129,w0,16,183790.000000,1,16.000000,0,COMPLETED_WALLTIME_REACHED,183790.000000,16.000000,183806.000000,0.000000,16.000000,1.000000,32,-1.000000,""
131,w0,17,183856.000000,1,17.000000,0,COMPLETED_WALLTIME_REACHED,183856.000000,17.000000,183873.000000,0.000000,17.000000,1.000000,48,-1.000000,""
130,w0,343,183838.000000,16,343.000000,0,COMPLETED_WALLTIME_REACHED,183838.000000,343.000000,184181.000000,0.000000,343.000000,1.000000,32-47,-1.000000,""
132,w0,11,184257.000000,1,11.000000,0,COMPLETED_WALLTIME_REACHED,184257.000000,11.000000,184268.000000,0.000000,11.000000,1.000000,32,-1.000000,""
133,w0,16,184348.000000,1,16.000000,0,COMPLETED_WALLTIME_REACHED,184348.000000,16.000000,184364.000000,0.000000,16.000000,1.000000,32,-1.000000,""
134,w0,146,184548.000000,1,146.000000,0,COMPLETED_WALLTIME_REACHED,184548.000000,146.000000,184694.000000,0.000000,146.000000,1.000000,32,-1.000000,""
135,w0,242,184579.000000,8,242.000000,0,COMPLETED_WALLTIME_REACHED,184579.000000,242.000000,184821.000000,0.000000,242.000000,1.000000,33-40,-1.000000,""
137,w0,17,184853.000000,1,17.000000,0,COMPLETED_WALLTIME_REACHED,184853.000000,17.000000,184870.000000,0.000000,17.000000,1.000000,160,-1.000000,""
138,w0,17,185063.000000,1,17.000000,0,COMPLETED_WALLTIME_REACHED,185063.000000,17.000000,185080.000000,0.000000,17.000000,1.000000,160,-1.000000,""
139,w0,17,185117.000000,1,17.000000,0,COMPLETED_WALLTIME_REACHED,185117.000000,17.000000,185134.000000,0.000000,17.000000,1.000000,160,-1.000000,""
140,w0,17,185263.000000,1,17.000000,0,COMPLETED_WALLTIME_REACHED,185263.000000,17.000000,185280.000000,0.000000,17.000000,1.000000,160,-1.000000,""
141,w0,78,185545.000000,1,78.000000,0,COMPLETED_WALLTIME_REACHED,185545.000000,78.000000,185623.000000,0.000000,78.000000,1.000000,160,-1.000000,""
142,w0,17,186404.000000,1,17.000000,0,COMPLETED_WALLTIME_REACHED,186404.000000,17.000000,186421.000000,0.000000,17.000000,1.000000,160,-1.000000,""
143,w0,17,186583.000000,1,17.000000,0,COMPLETED_WALLTIME_REACHED,186583.000000,17.000000,186600.000000,0.000000,17.000000,1.000000,160,-1.000000,""
145,w0,17,187958.000000,1,17.000000,0,COMPLETED_WALLTIME_REACHED,187958.000000,17.000000,187975.000000,0.000000,17.000000,1.000000,160,-1.000000,""
146,w0,17,188208.000000,1,17.000000,0,COMPLETED_WALLTIME_REACHED,188208.000000,17.000000,188225.000000,0.000000,17.000000,1.000000,160,-1.000000,""
136,w0,3535,184827.000000,128,3535.000000,0,COMPLETED_WALLTIME_REACHED,184827.000000,3535.000000,188362.000000,0.000000,3535.000000,1.000000,32-159,-1.000000,""
144,w0,237,187098.000000,64,237.000000,0,COMPLETED_WALLTIME_REACHED,188362.000000,237.000000,188599.000000,1264.000000,1501.000000,6.333333,32-95,-1.000000,""
147,w0,17,188875.000000,1,17.000000,0,COMPLETED_WALLTIME_REACHED,188875.000000,17.000000,188892.000000,0.000000,17.000000,1.000000,32,-1.000000,""
148,w0,16,189230.000000,1,16.000000,0,COMPLETED_WALLTIME_REACHED,189230.000000,16.000000,189246.000000,0.000000,16.000000,1.000000,32,-1.000000,""
149,w0,273,189581.000000,64,273.000000,0,COMPLETED_WALLTIME_REACHED,189581.000000,273.000000,189854.000000,0.000000,273.000000,1.000000,32-95,-1.000000,""
127,w0,6528,183426.000000,32,6528.000000,0,COMPLETED_WALLTIME_REACHED,183426.000000,6528.000000,189954.000000,0.000000,6528.000000,1.000000,0-31,-1.000000,""
152,w0,17,191022.000000,1,17.000000,0,COMPLETED_WALLTIME_REACHED,191022.000000,17.000000,191039.000000,0.000000,17.000000,1.000000,82,-1.000000,""
151,w0,280,190767.000000,18,280.000000,0,COMPLETED_WALLTIME_REACHED,190767.000000,280.000000,191047.000000,0.000000,280.000000,1.000000,64-81,-1.000000,""
150,w0,318,190745.000000,64,318.000000,0,COMPLETED_WALLTIME_REACHED,190745.000000,318.000000,191063.000000,0.000000,318.000000,1.000000,0-63,-1.000000,""
153,w0,214,191140.000000,64,214.000000,0,COMPLETED_WALLTIME_REACHED,191140.000000,214.000000,191354.000000,0.000000,214.000000,1.000000,0-63,-1.000000,""
154,w0,416,191142.000000,64,416.000000,0,COMPLETED_WALLTIME_REACHED,191142.000000,416.000000,191558.000000,0.000000,416.000000,1.000000,64-127,-1.000000,""
155,w0,33,191725.000000,64,33.000000,0,COMPLETED_WALLTIME_REACHED,191725.000000,33.000000,191758.000000,0.000000,33.000000,1.000000,0-63,-1.000000,""
156,w0,33,191812.000000,64,33.000000,0,COMPLETED_WALLTIME_REACHED,191812.000000,33.000000,191845.000000,0.000000,33.000000,1.000000,0-63,-1.000000,""
157,w0,236,191959.000000,64,236.000000,0,COMPLETED_WALLTIME_REACHED,191959.000000,236.000000,192195.000000,0.000000,236.000000,1.000000,0-63,-1.000000,""
158,w0,17,192196.000000,1,17.000000,0,COMPLETED_WALLTIME_REACHED,192196.000000,17.000000,192213.000000,0.000000,17.000000,1.000000,0,-1.000000,""
159,w0,17,192316.000000,1,17.000000,0,COMPLETED_WALLTIME_REACHED,192316.000000,17.000000,192333.000000,0.000000,17.000000,1.000000,0,-1.000000,""
160,w0,17,192534.000000,1,17.000000,0,COMPLETED_WALLTIME_REACHED,192534.000000,17.000000,192551.000000,0.000000,17.000000,1.000000,0,-1.000000,""
161,w0,18,192651.000000,1,18.000000,0,COMPLETED_WALLTIME_REACHED,192651.000000,18.000000,192669.000000,0.000000,18.000000,1.000000,0,-1.000000,""
162,w0,17,192996.000000,1,17.000000,0,COMPLETED_WALLTIME_REACHED,192996.000000,17.000000,193013.000000,0.000000,17.000000,1.000000,0,-1.000000,""
163,w0,17,193251.000000,1,17.000000,0,COMPLETED_WALLTIME_REACHED,193251.000000,17.000000,193268.000000,0.000000,17.000000,1.000000,0,-1.000000,""
164,w0,16,193336.000000,1,16.000000,0,COMPLETED_WALLTIME_REACHED,193336.000000,16.000000,193352.000000,0.000000,16.000000,1.000000,0,-1.000000,""
165,w0,16,193844.000000,1,16.000000,0,COMPLETED_WALLTIME_REACHED,193844.000000,16.000000,193860.000000,0.000000,16.000000,1.000000,0,-1.000000,""
166,w0,17,194009.000000,1,17.000000,0,COMPLETED_WALLTIME_REACHED,194009.000000,17.000000,194026.000000,0.000000,17.000000,1.000000,0,-1.000000,""
167,w0,27,194133.000000,1,27.000000,0,COMPLETED_WALLTIME_REACHED,194133.000000,27.000000,194160.000000,0.000000,27.000000,1.000000,0,-1.000000,""
168,w0,159,194384.000000,1,159.000000,0,COMPLETED_WALLTIME_REACHED,194384.000000,159.000000,194543.000000,0.000000,159.000000,1.000000,0,-1.000000,""
169,w0,164,194691.000000,1,164.000000,0,COMPLETED_WALLTIME_REACHED,194691.000000,164.000000,194855.000000,0.000000,164.000000,1.000000,0,-1.000000,""
170,w0,178,194790.000000,1,178.000000,0,COMPLETED_WALLTIME_REACHED,194790.000000,178.000000,194968.000000,0.000000,178.000000,1.000000,1,-1.000000,""
171,w0,35,196376.000000,130,35.000000,0,COMPLETED_WALLTIME_REACHED,196376.000000,35.000000,196411.000000,0.000000,35.000000,1.000000,0-129,-1.000000,""
172,w0,156,197311.000000,170,156.000000,0,COMPLETED_WALLTIME_REACHED,197311.000000,156.000000,197467.000000,0.000000,156.000000,1.000000,0-169,-1.000000,""
173,w0,32,198196.000000,8,32.000000,0,COMPLETED_WALLTIME_REACHED,198196.000000,32.000000,198228.000000,0.000000,32.000000,1.000000,0-7,-1.000000,""
174,w0,363,201161.000000,8,363.000000,0,COMPLETED_WALLTIME_REACHED,201161.000000,363.000000,201524.000000,0.000000,363.000000,1.000000,0-7,-1.000000,""
177,w0,416,201373.000000,32,416.000000,0,COMPLETED_WALLTIME_REACHED,201373.000000,416.000000,201789.000000,0.000000,416.000000,1.000000,72-103,-1.000000,""
175,w0,418,201372.000000,32,418.000000,0,COMPLETED_WALLTIME_REACHED,201372.000000,418.000000,201790.000000,0.000000,418.000000,1.000000,8-39,-1.000000,""
178,w0,417,201373.000000,32,417.000000,0,COMPLETED_WALLTIME_REACHED,201373.000000,417.000000,201790.000000,0.000000,417.000000,1.000000,104-135,-1.000000,""
179,w0,422,201374.000000,32,422.000000,0,COMPLETED_WALLTIME_REACHED,201374.000000,422.000000,201796.000000,0.000000,422.000000,1.000000,136-167,-1.000000,""
176,w0,427,201372.000000,32,427.000000,0,COMPLETED_WALLTIME_REACHED,201372.000000,427.000000,201799.000000,0.000000,427.000000,1.000000,40-71,-1.000000,""
182,w0,416,201376.000000,32,416.000000,0,COMPLETED_WALLTIME_REACHED,201790.000000,416.000000,202206.000000,414.000000,830.000000,1.995192,96-127,-1.000000,""
183,w0,415,201376.000000,32,415.000000,0,COMPLETED_WALLTIME_REACHED,201796.000000,415.000000,202211.000000,420.000000,835.000000,2.012048,128-159,-1.000000,""
180,w0,423,201374.000000,32,423.000000,0,COMPLETED_WALLTIME_REACHED,201789.000000,423.000000,202212.000000,415.000000,838.000000,1.981087,0-7 72-95,-1.000000,""
184,w0,420,201377.000000,32,420.000000,0,COMPLETED_WALLTIME_REACHED,201799.000000,420.000000,202219.000000,422.000000,842.000000,2.004762,40-71,-1.000000,""
181,w0,430,201375.000000,32,430.000000,0,COMPLETED_WALLTIME_REACHED,201790.000000,430.000000,202220.000000,415.000000,845.000000,1.965116,8-39,-1.000000,""
185,w0,474,204522.000000,8,474.000000,0,COMPLETED_WALLTIME_REACHED,204522.000000,474.000000,204996.000000,0.000000,474.000000,1.000000,0-7,-1.000000,""
186,w0,22,205299.000000,8,22.000000,0,COMPLETED_WALLTIME_REACHED,205299.000000,22.000000,205321.000000,0.000000,22.000000,1.000000,0-7,-1.000000,""
188,w0,170,206283.000000,32,170.000000,0,COMPLETED_WALLTIME_REACHED,206283.000000,170.000000,206453.000000,0.000000,170.000000,1.000000,8-39,-1.000000,""
189,w0,241,210596.000000,8,241.000000,0,COMPLETED_WALLTIME_REACHED,210596.000000,241.000000,210837.000000,0.000000,241.000000,1.000000,8-15,-1.000000,""
191,w0,167,214854.000000,24,167.000000,0,COMPLETED_WALLTIME_REACHED,214854.000000,167.000000,215021.000000,0.000000,167.000000,1.000000,16-39,-1.000000,""
187,w0,11940,205437.000000,8,11940.000000,0,COMPLETED_WALLTIME_REACHED,205437.000000,11940.000000,217377.000000,0.000000,11940.000000,1.000000,0-7,-1.000000,""
193,w0,102,218302.000000,32,102.000000,0,COMPLETED_WALLTIME_REACHED,218302.000000,102.000000,218404.000000,0.000000,102.000000,1.000000,0-7 144-167,-1.000000,""
192,w0,4562,216018.000000,128,4562.000000,0,COMPLETED_WALLTIME_REACHED,216018.000000,4562.000000,220580.000000,0.000000,4562.000000,1.000000,16-143,-1.000000,""
190,w0,15862,211092.000000,8,15862.000000,0,COMPLETED_WALLTIME_REACHED,211092.000000,15862.000000,226954.000000,0.000000,15862.000000,1.000000,8-15,-1.000000,""
194,w0,659,236719.000000,2,659.000000,0,COMPLETED_WALLTIME_REACHED,236719.000000,659.000000,237378.000000,0.000000,659.000000,1.000000,0-1,-1.000000,""
196,w0,162,237423.000000,8,162.000000,0,COMPLETED_WALLTIME_REACHED,237423.000000,162.000000,237585.000000,0.000000,162.000000,1.000000,0-1 3-8,-1.000000,""
195,w0,609,237236.000000,1,609.000000,0,COMPLETED_WALLTIME_REACHED,237236.000000,609.000000,237845.000000,0.000000,609.000000,1.000000,2,-1.000000,""
198,w0,607,237970.000000,1,607.000000,0,COMPLETED_WALLTIME_REACHED,237970.000000,607.000000,238577.000000,0.000000,607.000000,1.000000,1,-1.000000,""
197,w0,922,237911.000000,1,922.000000,0,COMPLETED_WALLTIME_REACHED,237911.000000,922.000000,238833.000000,0.000000,922.000000,1.000000,0,-1.000000,""
200,w0,168,243369.000000,64,168.000000,0,COMPLETED_WALLTIME_REACHED,243369.000000,168.000000,243537.000000,0.000000,168.000000,1.000000,0-1 10-71,-1.000000,""
201,w0,170,243373.000000,64,170.000000,0,COMPLETED_WALLTIME_REACHED,243373.000000,170.000000,243543.000000,0.000000,170.000000,1.000000,72-135,-1.000000,""
203,w0,166,243381.000000,64,166.000000,0,COMPLETED_WALLTIME_REACHED,243543.000000,166.000000,243709.000000,162.000000,328.000000,1.975904,72-135,-1.000000,""
202,w0,201,243377.000000,64,201.000000,0,COMPLETED_WALLTIME_REACHED,243537.000000,201.000000,243738.000000,160.000000,361.000000,1.796020,0-1 10-71,-1.000000,""
204,w0,165,243385.000000,64,165.000000,0,COMPLETED_WALLTIME_REACHED,243709.000000,165.000000,243874.000000,324.000000,489.000000,2.963636,72-135,-1.000000,""
205,w0,166,243401.000000,64,166.000000,0,COMPLETED_WALLTIME_REACHED,243738.000000,166.000000,243904.000000,337.000000,503.000000,3.030120,0-1 10-71,-1.000000,""
206,w0,200,243408.000000,64,200.000000,0,COMPLETED_WALLTIME_REACHED,243874.000000,200.000000,244074.000000,466.000000,666.000000,3.330000,72-135,-1.000000,""
207,w0,172,243415.000000,64,172.000000,0,COMPLETED_WALLTIME_REACHED,243904.000000,172.000000,244076.000000,489.000000,661.000000,3.843023,0-1 10-71,-1.000000,""
208,w0,166,243420.000000,64,166.000000,0,COMPLETED_WALLTIME_REACHED,244074.000000,166.000000,244240.000000,654.000000,820.000000,4.939759,72-135,-1.000000,""
209,w0,168,243426.000000,64,168.000000,0,COMPLETED_WALLTIME_REACHED,244076.000000,168.000000,244244.000000,650.000000,818.000000,4.869048,0-1 10-71,-1.000000,""
210,w0,144,246336.000000,128,144.000000,0,COMPLETED_WALLTIME_REACHED,246336.000000,144.000000,246480.000000,0.000000,144.000000,1.000000,0-1 10-135,-1.000000,""
211,w0,160,246364.000000,128,160.000000,0,COMPLETED_WALLTIME_REACHED,246480.000000,160.000000,246640.000000,116.000000,276.000000,1.725000,0-1 10-135,-1.000000,""
212,w0,139,246370.000000,128,139.000000,0,COMPLETED_WALLTIME_REACHED,246640.000000,139.000000,246779.000000,270.000000,409.000000,2.942446,0-1 10-135,-1.000000,""
214,w0,444,246379.000000,32,444.000000,0,COMPLETED_WALLTIME_REACHED,246379.000000,444.000000,246823.000000,0.000000,444.000000,1.000000,136-167,-1.000000,""
213,w0,160,246375.000000,128,160.000000,0,COMPLETED_WALLTIME_REACHED,246779.000000,160.000000,246939.000000,404.000000,564.000000,3.525000,0-1 10-135,-1.000000,""
215,w0,141,246386.000000,128,141.000000,0,COMPLETED_WALLTIME_REACHED,246939.000000,141.000000,247080.000000,553.000000,694.000000,4.921986,0-1 10-135,-1.000000,""
216,w0,18,248353.000000,1,18.000000,0,COMPLETED_WALLTIME_REACHED,248353.000000,18.000000,248371.000000,0.000000,18.000000,1.000000,0,-1.000000,""
222,w0,22,248760.000000,5,22.000000,0,COMPLETED_WALLTIME_REACHED,248760.000000,22.000000,248782.000000,0.000000,22.000000,1.000000,136-140,-1.000000,""
223,w0,22,248760.000000,5,22.000000,0,COMPLETED_WALLTIME_REACHED,248760.000000,22.000000,248782.000000,0.000000,22.000000,1.000000,141-145,-1.000000,""
225,w0,22,248760.000000,5,22.000000,0,COMPLETED_WALLTIME_REACHED,248760.000000,22.000000,248782.000000,0.000000,22.000000,1.000000,151-155,-1.000000,""
224,w0,23,248760.000000,5,23.000000,0,COMPLETED_WALLTIME_REACHED,248760.000000,23.000000,248783.000000,0.000000,23.000000,1.000000,146-150,-1.000000,""
217,w0,140,248653.000000,128,140.000000,0,COMPLETED_WALLTIME_REACHED,248653.000000,140.000000,248793.000000,0.000000,140.000000,1.000000,0-1 10-135,-1.000000,""
218,w0,161,248661.000000,128,161.000000,0,COMPLETED_WALLTIME_REACHED,248793.000000,161.000000,248954.000000,132.000000,293.000000,1.819876,0-1 10-135,-1.000000,""
219,w0,139,248666.000000,128,139.000000,0,COMPLETED_WALLTIME_REACHED,248954.000000,139.000000,249093.000000,288.000000,427.000000,3.071942,0-1 10-135,-1.000000,""
220,w0,161,248671.000000,128,161.000000,0,COMPLETED_WALLTIME_REACHED,249093.000000,161.000000,249254.000000,422.000000,583.000000,3.621118,0-1 10-135,-1.000000,""
221,w0,139,248676.000000,128,139.000000,0,COMPLETED_WALLTIME_REACHED,249254.000000,139.000000,249393.000000,578.000000,717.000000,5.158273,0-1 10-135,-1.000000,""
227,w0,22,249990.000000,5,22.000000,0,COMPLETED_WALLTIME_REACHED,249990.000000,22.000000,250012.000000,0.000000,22.000000,1.000000,0-1 10-12,-1.000000,""
229,w0,23,249990.000000,5,23.000000,0,COMPLETED_WALLTIME_REACHED,249990.000000,23.000000,250013.000000,0.000000,23.000000,1.000000,18-22,-1.000000,""
230,w0,23,249990.000000,5,23.000000,0,COMPLETED_WALLTIME_REACHED,249990.000000,23.000000,250013.000000,0.000000,23.000000,1.000000,23-27,-1.000000,""
228,w0,225,249990.000000,5,225.000000,0,COMPLETED_WALLTIME_REACHED,249990.000000,225.000000,250215.000000,0.000000,225.000000,1.000000,13-17,-1.000000,""
231,w0,231,254242.000000,89,231.000000,0,COMPLETED_WALLTIME_REACHED,254242.000000,231.000000,254473.000000,0.000000,231.000000,1.000000,0-1 10-96,-1.000000,""
232,w0,229,254610.000000,89,229.000000,0,COMPLETED_WALLTIME_REACHED,254610.000000,229.000000,254839.000000,0.000000,229.000000,1.000000,0-1 10-96,-1.000000,""
199,w0,17052,238008.000000,8,17052.000000,0,COMPLETED_WALLTIME_REACHED,238008.000000,17052.000000,255060.000000,0.000000,17052.000000,1.000000,2-9,-1.000000,""
233,w0,229,254756.000000,89,229.000000,0,COMPLETED_WALLTIME_REACHED,254839.000000,229.000000,255068.000000,83.000000,312.000000,1.362445,0-1 10-96,-1.000000,""
234,w0,36,254759.000000,89,36.000000,0,COMPLETED_WALLTIME_REACHED,255068.000000,36.000000,255104.000000,309.000000,345.000000,9.583333,0-88,-1.000000,""
235,w0,227,255321.000000,89,227.000000,0,COMPLETED_WALLTIME_REACHED,255321.000000,227.000000,255548.000000,0.000000,227.000000,1.000000,0-88,-1.000000,""
236,w0,227,255591.000000,89,227.000000,0,COMPLETED_WALLTIME_REACHED,255591.000000,227.000000,255818.000000,0.000000,227.000000,1.000000,0-88,-1.000000,""
243,w0,173,258847.000000,5,173.000000,0,COMPLETED_WALLTIME_REACHED,258847.000000,173.000000,259020.000000,0.000000,173.000000,1.000000,0-4,-1.000000,""
245,w0,363,264892.000000,8,363.000000,0,COMPLETED_WALLTIME_REACHED,264892.000000,363.000000,265255.000000,0.000000,363.000000,1.000000,0-7,-1.000000,""
246,w0,29,265445.000000,8,29.000000,0,COMPLETED_WALLTIME_REACHED,265445.000000,29.000000,265474.000000,0.000000,29.000000,1.000000,0-7,-1.000000,""
226,w0,18355,248899.000000,32,18355.000000,0,COMPLETED_WALLTIME_REACHED,248899.000000,18355.000000,267254.000000,0.000000,18355.000000,1.000000,136-167,-1.000000,""
237,w0,234,255959.000000,140,234.000000,0,COMPLETED_WALLTIME_REACHED,267254.000000,234.000000,267488.000000,11295.000000,11529.000000,49.269231,8-147,-1.000000,""
238,w0,235,255964.000000,140,235.000000,0,COMPLETED_WALLTIME_REACHED,267488.000000,235.000000,267723.000000,11524.000000,11759.000000,50.038298,8-147,-1.000000,""
239,w0,231,255966.000000,140,231.000000,0,COMPLETED_WALLTIME_REACHED,267723.000000,231.000000,267954.000000,11757.000000,11988.000000,51.896104,8-147,-1.000000,""
240,w0,135,256924.000000,53,135.000000,0,COMPLETED_WALLTIME_REACHED,267954.000000,135.000000,268089.000000,11030.000000,11165.000000,82.703704,8-60,-1.000000,""
241,w0,211,257100.000000,53,211.000000,0,COMPLETED_WALLTIME_REACHED,267954.000000,211.000000,268165.000000,10854.000000,11065.000000,52.440758,61-113,-1.000000,""
242,w0,211,257112.000000,53,211.000000,0,COMPLETED_WALLTIME_REACHED,267954.000000,211.000000,268165.000000,10842.000000,11053.000000,52.383886,114-166,-1.000000,""
244,w0,201,260049.000000,64,201.000000,0,COMPLETED_WALLTIME_REACHED,268165.000000,201.000000,268366.000000,8116.000000,8317.000000,41.378109,8-71,-1.000000,""
248,w0,252,270203.000000,1,252.000000,0,COMPLETED_WALLTIME_REACHED,270203.000000,252.000000,270455.000000,0.000000,252.000000,1.000000,8,-1.000000,""
249,w0,50,273937.000000,8,50.000000,0,COMPLETED_WALLTIME_REACHED,273937.000000,50.000000,273987.000000,0.000000,50.000000,1.000000,8-15,-1.000000,""
247,w0,9064,265608.000000,8,9064.000000,0,COMPLETED_WALLTIME_REACHED,265608.000000,9064.000000,274672.000000,0.000000,9064.000000,1.000000,0-7,-1.000000,""
250,w0,50,274700.000000,8,50.000000,0,COMPLETED_WALLTIME_REACHED,274700.000000,50.000000,274750.000000,0.000000,50.000000,1.000000,0-7,-1.000000,""
251,w0,51,275668.000000,8,51.000000,0,COMPLETED_WALLTIME_REACHED,275668.000000,51.000000,275719.000000,0.000000,51.000000,1.000000,0-7,-1.000000,""
254,w0,47,276849.000000,1,47.000000,0,COMPLETED_WALLTIME_REACHED,276849.000000,47.000000,276896.000000,0.000000,47.000000,1.000000,40,-1.000000,""
255,w0,33,276904.000000,1,33.000000,0,COMPLETED_WALLTIME_REACHED,276904.000000,33.000000,276937.000000,0.000000,33.000000,1.000000,40,-1.000000,""
252,w0,1140,276175.000000,8,1140.000000,0,COMPLETED_WALLTIME_REACHED,276175.000000,1140.000000,277315.000000,0.000000,1140.000000,1.000000,0-7,-1.000000,""
256,w0,8891,277185.000000,8,8891.000000,0,COMPLETED_WALLTIME_REACHED,277185.000000,8891.000000,286076.000000,0.000000,8891.000000,1.000000,40-47,-1.000000,""
253,w0,13297,276289.000000,32,13297.000000,0,COMPLETED_WALLTIME_REACHED,276289.000000,13297.000000,289586.000000,0.000000,13297.000000,1.000000,8-39,-1.000000,""
258,w0,21,289987.000000,8,21.000000,0,COMPLETED_WALLTIME_REACHED,289987.000000,21.000000,290008.000000,0.000000,21.000000,1.000000,8-15,-1.000000,""
260,w0,33,290470.000000,64,33.000000,0,COMPLETED_WALLTIME_REACHED,290470.000000,33.000000,290503.000000,0.000000,33.000000,1.000000,16-79,-1.000000,""
261,w0,33,290575.000000,64,33.000000,0,COMPLETED_WALLTIME_REACHED,290575.000000,33.000000,290608.000000,0.000000,33.000000,1.000000,16-79,-1.000000,""
262,w0,33,290577.000000,64,33.000000,0,COMPLETED_WALLTIME_REACHED,290577.000000,33.000000,290610.000000,0.000000,33.000000,1.000000,80-143,-1.000000,""
263,w0,31,290999.000000,64,31.000000,0,COMPLETED_WALLTIME_REACHED,290999.000000,31.000000,291030.000000,0.000000,31.000000,1.000000,16-79,-1.000000,""
264,w0,31,291171.000000,64,31.000000,0,COMPLETED_WALLTIME_REACHED,291171.000000,31.000000,291202.000000,0.000000,31.000000,1.000000,16-79,-1.000000,""
265,w0,30,291511.000000,64,30.000000,0,COMPLETED_WALLTIME_REACHED,291511.000000,30.000000,291541.000000,0.000000,30.000000,1.000000,16-79,-1.000000,""
266,w0,665,293454.000000,64,665.000000,0,COMPLETED_WALLTIME_REACHED,293454.000000,665.000000,294119.000000,0.000000,665.000000,1.000000,16-79,-1.000000,""
259,w0,9141,290061.000000,8,9141.000000,0,COMPLETED_WALLTIME_REACHED,290061.000000,9141.000000,299202.000000,0.000000,9141.000000,1.000000,8-15,-1.000000,""
268,w0,622,303740.000000,1,622.000000,0,COMPLETED_WALLTIME_REACHED,303740.000000,622.000000,304362.000000,0.000000,622.000000,1.000000,8,-1.000000,""
269,w0,623,304408.000000,1,623.000000,0,COMPLETED_WALLTIME_REACHED,304408.000000,623.000000,305031.000000,0.000000,623.000000,1.000000,8,-1.000000,""
270,w0,608,304864.000000,1,608.000000,0,COMPLETED_WALLTIME_REACHED,304864.000000,608.000000,305472.000000,0.000000,608.000000,1.000000,9,-1.000000,""
257,w0,23795,281881.000000,8,23795.000000,0,COMPLETED_WALLTIME_REACHED,281881.000000,23795.000000,305676.000000,0.000000,23795.000000,1.000000,0-7,-1.000000,""
271,w0,617,305619.000000,1,617.000000,0,COMPLETED_WALLTIME_REACHED,305619.000000,617.000000,306236.000000,0.000000,617.000000,1.000000,8,-1.000000,""
272,w0,17,306650.000000,1,17.000000,0,COMPLETED_WALLTIME_REACHED,306650.000000,17.000000,306667.000000,0.000000,17.000000,1.000000,0,-1.000000,""
273,w0,618,307809.000000,1,618.000000,0,COMPLETED_WALLTIME_REACHED,307809.000000,618.000000,308427.000000,0.000000,618.000000,1.000000,0,-1.000000,""
267,w0,15003,293522.000000,32,15003.000000,0,COMPLETED_WALLTIME_REACHED,293522.000000,15003.000000,308525.000000,0.000000,15003.000000,1.000000,80-111,-1.000000,""
274,w0,621,308502.000000,1,621.000000,0,COMPLETED_WALLTIME_REACHED,308502.000000,621.000000,309123.000000,0.000000,621.000000,1.000000,0,-1.000000,""
275,w0,619,309336.000000,1,619.000000,0,COMPLETED_WALLTIME_REACHED,309336.000000,619.000000,309955.000000,0.000000,619.000000,1.000000,0,-1.000000,""
276,w0,618,310088.000000,1,618.000000,0,COMPLETED_WALLTIME_REACHED,310088.000000,618.000000,310706.000000,0.000000,618.000000,1.000000,0,-1.000000,""
277,w0,312,311044.000000,1,312.000000,0,COMPLETED_WALLTIME_REACHED,311044.000000,312.000000,311356.000000,0.000000,312.000000,1.000000,0,-1.000000,""
278,w0,304,311520.000000,1,304.000000,0,COMPLETED_WALLTIME_REACHED,311520.000000,304.000000,311824.000000,0.000000,304.000000,1.000000,0,-1.000000,""
279,w0,304,316596.000000,1,304.000000,0,COMPLETED_WALLTIME_REACHED,316596.000000,304.000000,316900.000000,0.000000,304.000000,1.000000,0,-1.000000,""
280,w0,305,317016.000000,1,305.000000,0,COMPLETED_WALLTIME_REACHED,317016.000000,305.000000,317321.000000,0.000000,305.000000,1.000000,0,-1.000000,""
281,w0,8413,325627.000000,8,8413.000000,0,COMPLETED_WALLTIME_REACHED,325627.000000,8413.000000,334040.000000,0.000000,8413.000000,1.000000,0-7,-1.000000,""
282,w0,176,336444.000000,64,176.000000,0,COMPLETED_WALLTIME_REACHED,336444.000000,176.000000,336620.000000,0.000000,176.000000,1.000000,0-63,-1.000000,""
283,w0,201,336448.000000,64,201.000000,0,COMPLETED_WALLTIME_REACHED,336448.000000,201.000000,336649.000000,0.000000,201.000000,1.000000,64-127,-1.000000,""
284,w0,175,336452.000000,64,175.000000,0,COMPLETED_WALLTIME_REACHED,336620.000000,175.000000,336795.000000,168.000000,343.000000,1.960000,0-63,-1.000000,""
285,w0,204,336456.000000,64,204.000000,0,COMPLETED_WALLTIME_REACHED,336649.000000,204.000000,336853.000000,193.000000,397.000000,1.946078,64-127,-1.000000,""
286,w0,175,336469.000000,64,175.000000,0,COMPLETED_WALLTIME_REACHED,336795.000000,175.000000,336970.000000,326.000000,501.000000,2.862857,0-63,-1.000000,""
287,w0,203,336499.000000,64,203.000000,0,COMPLETED_WALLTIME_REACHED,336853.000000,203.000000,337056.000000,354.000000,557.000000,2.743842,64-127,-1.000000,""
288,w0,205,336507.000000,64,205.000000,0,COMPLETED_WALLTIME_REACHED,336970.000000,205.000000,337175.000000,463.000000,668.000000,3.258537,0-63,-1.000000,""
289,w0,176,336511.000000,64,176.000000,0,COMPLETED_WALLTIME_REACHED,337056.000000,176.000000,337232.000000,545.000000,721.000000,4.096591,64-127,-1.000000,""
290,w0,203,336515.000000,64,203.000000,0,COMPLETED_WALLTIME_REACHED,337175.000000,203.000000,337378.000000,660.000000,863.000000,4.251232,0-63,-1.000000,""
293,w0,30,348520.000000,8,30.000000,0,COMPLETED_WALLTIME_REACHED,348520.000000,30.000000,348550.000000,0.000000,30.000000,1.000000,8-15,-1.000000,""
294,w0,29,348693.000000,8,29.000000,0,COMPLETED_WALLTIME_REACHED,348693.000000,29.000000,348722.000000,0.000000,29.000000,1.000000,8-15,-1.000000,""
295,w0,55,348925.000000,8,55.000000,0,COMPLETED_WALLTIME_REACHED,348925.000000,55.000000,348980.000000,0.000000,55.000000,1.000000,8-15,-1.000000,""
291,w0,12736,337317.000000,32,12736.000000,0,COMPLETED_WALLTIME_REACHED,337317.000000,12736.000000,350053.000000,0.000000,12736.000000,1.000000,64-95,-1.000000,""
297,w0,177,354587.000000,64,177.000000,0,COMPLETED_WALLTIME_REACHED,354587.000000,177.000000,354764.000000,0.000000,177.000000,1.000000,16-79,-1.000000,""
301,w0,18,355845.000000,1,18.000000,0,COMPLETED_WALLTIME_REACHED,355845.000000,18.000000,355863.000000,0.000000,18.000000,1.000000,24,-1.000000,""
302,w0,17,356203.000000,1,17.000000,0,COMPLETED_WALLTIME_REACHED,356203.000000,17.000000,356220.000000,0.000000,17.000000,1.000000,24,-1.000000,""
303,w0,17,356284.000000,1,17.000000,0,COMPLETED_WALLTIME_REACHED,356284.000000,17.000000,356301.000000,0.000000,17.000000,1.000000,24,-1.000000,""
304,w0,1624,356581.000000,1,1624.000000,0,COMPLETED_WALLTIME_REACHED,356581.000000,1624.000000,358205.000000,0.000000,1624.000000,1.000000,24,-1.000000,""
296,w0,9163,349129.000000,8,9163.000000,0,COMPLETED_WALLTIME_REACHED,349129.000000,9163.000000,358292.000000,0.000000,9163.000000,1.000000,8-15,-1.000000,""
300,w0,7832,355766.000000,8,7832.000000,0,COMPLETED_WALLTIME_REACHED,355766.000000,7832.000000,363598.000000,0.000000,7832.000000,1.000000,16-23,-1.000000,""
298,w0,10004,354587.000000,8,10004.000000,0,COMPLETED_WALLTIME_REACHED,354587.000000,10004.000000,364591.000000,0.000000,10004.000000,1.000000,80-87,-1.000000,""
308,w0,1343,363330.000000,1,1343.000000,0,COMPLETED_WALLTIME_REACHED,363330.000000,1343.000000,364673.000000,0.000000,1343.000000,1.000000,48,-1.000000,""
305,w0,7495,358369.000000,8,7495.000000,0,COMPLETED_WALLTIME_REACHED,358369.000000,7495.000000,365864.000000,0.000000,7495.000000,1.000000,8-15,-1.000000,""
306,w0,9014,359825.000000,8,9014.000000,0,COMPLETED_WALLTIME_REACHED,359825.000000,9014.000000,368839.000000,0.000000,9014.000000,1.000000,24-31,-1.000000,""
307,w0,9555,361001.000000,16,9555.000000,0,COMPLETED_WALLTIME_REACHED,361001.000000,9555.000000,370556.000000,0.000000,9555.000000,1.000000,32-47,-1.000000,""
299,w0,16005,354655.000000,32,16005.000000,0,COMPLETED_WALLTIME_REACHED,354655.000000,16005.000000,370660.000000,0.000000,16005.000000,1.000000,88-119,-1.000000,""
309,w0,29,371341.000000,8,29.000000,0,COMPLETED_WALLTIME_REACHED,371341.000000,29.000000,371370.000000,0.000000,29.000000,1.000000,8-15,-1.000000,""
341,w0,4275,375241.000000,1,4275.000000,0,COMPLETED_WALLTIME_REACHED,375241.000000,4275.000000,379516.000000,0.000000,4275.000000,1.000000,98,-1.000000,""
343,w0,4275,375242.000000,1,4275.000000,0,COMPLETED_WALLTIME_REACHED,375242.000000,4275.000000,379517.000000,0.000000,4275.000000,1.000000,100,-1.000000,""
344,w0,4274,375243.000000,1,4274.000000,0,COMPLETED_WALLTIME_REACHED,375243.000000,4274.000000,379517.000000,0.000000,4274.000000,1.000000,101,-1.000000,""
345,w0,4273,375244.000000,1,4273.000000,0,COMPLETED_WALLTIME_REACHED,375244.000000,4273.000000,379517.000000,0.000000,4273.000000,1.000000,102,-1.000000,""
349,w0,4271,375246.000000,1,4271.000000,0,COMPLETED_WALLTIME_REACHED,375246.000000,4271.000000,379517.000000,0.000000,4271.000000,1.000000,106,-1.000000,""
346,w0,4274,375244.000000,1,4274.000000,0,COMPLETED_WALLTIME_REACHED,375244.000000,4274.000000,379518.000000,0.000000,4274.000000,1.000000,103,-1.000000,""
348,w0,4272,375246.000000,1,4272.000000,0,COMPLETED_WALLTIME_REACHED,375246.000000,4272.000000,379518.000000,0.000000,4272.000000,1.000000,105,-1.000000,""
350,w0,4271,375247.000000,1,4271.000000,0,COMPLETED_WALLTIME_REACHED,375247.000000,4271.000000,379518.000000,0.000000,4271.000000,1.000000,107,-1.000000,""
351,w0,4270,375248.000000,1,4270.000000,0,COMPLETED_WALLTIME_REACHED,375248.000000,4270.000000,379518.000000,0.000000,4270.000000,1.000000,108,-1.000000,""
352,w0,4270,375248.000000,1,4270.000000,0,COMPLETED_WALLTIME_REACHED,375248.000000,4270.000000,379518.000000,0.000000,4270.000000,1.000000,109,-1.000000,""
353,w0,4270,375249.000000,1,4270.000000,0,COMPLETED_WALLTIME_REACHED,375249.000000,4270.000000,379519.000000,0.000000,4270.000000,1.000000,110,-1.000000,""
355,w0,4268,375251.000000,1,4268.000000,0,COMPLETED_WALLTIME_REACHED,375251.000000,4268.000000,379519.000000,0.000000,4268.000000,1.000000,112,-1.000000,""
347,w0,4275,375245.000000,1,4275.000000,0,COMPLETED_WALLTIME_REACHED,375245.000000,4275.000000,379520.000000,0.000000,4275.000000,1.000000,104,-1.000000,""
354,w0,4270,375250.000000,1,4270.000000,0,COMPLETED_WALLTIME_REACHED,375250.000000,4270.000000,379520.000000,0.000000,4270.000000,1.000000,111,-1.000000,""
357,w0,4268,375252.000000,1,4268.000000,0,COMPLETED_WALLTIME_REACHED,375252.000000,4268.000000,379520.000000,0.000000,4268.000000,1.000000,114,-1.000000,""
356,w0,4270,375251.000000,1,4270.000000,0,COMPLETED_WALLTIME_REACHED,375251.000000,4270.000000,379521.000000,0.000000,4270.000000,1.000000,113,-1.000000,""
315,w0,4318,375224.000000,1,4318.000000,0,COMPLETED_WALLTIME_REACHED,375224.000000,4318.000000,379542.000000,0.000000,4318.000000,1.000000,72,-1.000000,""
317,w0,4316,375227.000000,1,4316.000000,0,COMPLETED_WALLTIME_REACHED,375227.000000,4316.000000,379543.000000,0.000000,4316.000000,1.000000,74,-1.000000,""
316,w0,4318,375226.000000,1,4318.000000,0,COMPLETED_WALLTIME_REACHED,375226.000000,4318.000000,379544.000000,0.000000,4318.000000,1.000000,73,-1.000000,""
319,w0,4316,375228.000000,1,4316.000000,0,COMPLETED_WALLTIME_REACHED,375228.000000,4316.000000,379544.000000,0.000000,4316.000000,1.000000,76,-1.000000,""
320,w0,4316,375228.000000,1,4316.000000,0,COMPLETED_WALLTIME_REACHED,375228.000000,4316.000000,379544.000000,0.000000,4316.000000,1.000000,77,-1.000000,""
321,w0,4315,375229.000000,1,4315.000000,0,COMPLETED_WALLTIME_REACHED,375229.000000,4315.000000,379544.000000,0.000000,4315.000000,1.000000,78,-1.000000,""
322,w0,4314,375230.000000,1,4314.000000,0,COMPLETED_WALLTIME_REACHED,375230.000000,4314.000000,379544.000000,0.000000,4314.000000,1.000000,79,-1.000000,""
324,w0,4313,375231.000000,1,4313.000000,0,COMPLETED_WALLTIME_REACHED,375231.000000,4313.000000,379544.000000,0.000000,4313.000000,1.000000,81,-1.000000,""
325,w0,4313,375231.000000,1,4313.000000,0,COMPLETED_WALLTIME_REACHED,375231.000000,4313.000000,379544.000000,0.000000,4313.000000,1.000000,82,-1.000000,""
328,w0,4311,375233.000000,1,4311.000000,0,COMPLETED_WALLTIME_REACHED,375233.000000,4311.000000,379544.000000,0.000000,4311.000000,1.000000,85,-1.000000,""
329,w0,4310,375234.000000,1,4310.000000,0,COMPLETED_WALLTIME_REACHED,375234.000000,4310.000000,379544.000000,0.000000,4310.000000,1.000000,86,-1.000000,""
331,w0,4309,375235.000000,1,4309.000000,0,COMPLETED_WALLTIME_REACHED,375235.000000,4309.000000,379544.000000,0.000000,4309.000000,1.000000,88,-1.000000,""
318,w0,4318,375227.000000,1,4318.000000,0,COMPLETED_WALLTIME_REACHED,375227.000000,4318.000000,379545.000000,0.000000,4318.000000,1.000000,75,-1.000000,""
323,w0,4315,375230.000000,1,4315.000000,0,COMPLETED_WALLTIME_REACHED,375230.000000,4315.000000,379545.000000,0.000000,4315.000000,1.000000,80,-1.000000,""
326,w0,4313,375232.000000,1,4313.000000,0,COMPLETED_WALLTIME_REACHED,375232.000000,4313.000000,379545.000000,0.000000,4313.000000,1.000000,83,-1.000000,""
327,w0,4313,375232.000000,1,4313.000000,0,COMPLETED_WALLTIME_REACHED,375232.000000,4313.000000,379545.000000,0.000000,4313.000000,1.000000,84,-1.000000,""
332,w0,4310,375235.000000,1,4310.000000,0,COMPLETED_WALLTIME_REACHED,375235.000000,4310.000000,379545.000000,0.000000,4310.000000,1.000000,89,-1.000000,""
333,w0,4309,375236.000000,1,4309.000000,0,COMPLETED_WALLTIME_REACHED,375236.000000,4309.000000,379545.000000,0.000000,4309.000000,1.000000,90,-1.000000,""
334,w0,4308,375237.000000,1,4308.000000,0,COMPLETED_WALLTIME_REACHED,375237.000000,4308.000000,379545.000000,0.000000,4308.000000,1.000000,91,-1.000000,""
335,w0,4308,375237.000000,1,4308.000000,0,COMPLETED_WALLTIME_REACHED,375237.000000,4308.000000,379545.000000,0.000000,4308.000000,1.000000,92,-1.000000,""
336,w0,4307,375238.000000,1,4307.000000,0,COMPLETED_WALLTIME_REACHED,375238.000000,4307.000000,379545.000000,0.000000,4307.000000,1.000000,93,-1.000000,""
337,w0,4307,375238.000000,1,4307.000000,0,COMPLETED_WALLTIME_REACHED,375238.000000,4307.000000,379545.000000,0.000000,4307.000000,1.000000,94,-1.000000,""
338,w0,4306,375239.000000,1,4306.000000,0,COMPLETED_WALLTIME_REACHED,375239.000000,4306.000000,379545.000000,0.000000,4306.000000,1.000000,95,-1.000000,""
330,w0,4312,375234.000000,1,4312.000000,0,COMPLETED_WALLTIME_REACHED,375234.000000,4312.000000,379546.000000,0.000000,4312.000000,1.000000,87,-1.000000,""
339,w0,4306,375240.000000,1,4306.000000,0,COMPLETED_WALLTIME_REACHED,375240.000000,4306.000000,379546.000000,0.000000,4306.000000,1.000000,96,-1.000000,""
340,w0,4306,375240.000000,1,4306.000000,0,COMPLETED_WALLTIME_REACHED,375240.000000,4306.000000,379546.000000,0.000000,4306.000000,1.000000,97,-1.000000,""
342,w0,4305,375241.000000,1,4305.000000,0,COMPLETED_WALLTIME_REACHED,375241.000000,4305.000000,379546.000000,0.000000,4305.000000,1.000000,99,-1.000000,""
359,w0,29,378151.000000,8,29.000000,0,COMPLETED_WALLTIME_REACHED,379521.000000,29.000000,379550.000000,1370.000000,1399.000000,48.241379,104 108-114,-1.000000,""
360,w0,490,378289.000000,8,490.000000,0,COMPLETED_WALLTIME_REACHED,379544.000000,490.000000,380034.000000,1255.000000,1745.000000,3.561224,72-74 76-79 81,-1.000000,""
358,w0,2318,376087.000000,64,2318.000000,0,COMPLETED_WALLTIME_REACHED,379518.000000,2318.000000,381836.000000,3431.000000,5749.000000,2.480155,98 100-103 105-107 115-170,-1.000000,""
313,w0,9227,373247.000000,8,9227.000000,0,COMPLETED_WALLTIME_REACHED,373247.000000,9227.000000,382474.000000,0.000000,9227.000000,1.000000,32-39,-1.000000,""
361,w0,318,382208.000000,8,318.000000,0,COMPLETED_WALLTIME_REACHED,382208.000000,318.000000,382526.000000,0.000000,318.000000,1.000000,72-79,-1.000000,""
314,w0,13095,374518.000000,32,13095.000000,0,COMPLETED_WALLTIME_REACHED,374518.000000,13095.000000,387613.000000,0.000000,13095.000000,1.000000,40-71,-1.000000,""
292,w0,49014,338765.000000,8,49014.000000,0,COMPLETED_WALLTIME_REACHED,338765.000000,49014.000000,387779.000000,0.000000,49014.000000,1.000000,0-7,-1.000000,""
312,w0,23075,372757.000000,8,23075.000000,0,COMPLETED_WALLTIME_REACHED,372757.000000,23075.000000,395832.000000,0.000000,23075.000000,1.000000,24-31,-1.000000,""
311,w0,23853,372674.000000,8,23853.000000,0,COMPLETED_WALLTIME_REACHED,372674.000000,23853.000000,396527.000000,0.000000,23853.000000,1.000000,16-23,-1.000000,""
310,w0,26491,372057.000000,8,26491.000000,0,COMPLETED_WALLTIME_REACHED,372057.000000,26491.000000,398548.000000,0.000000,26491.000000,1.000000,8-15,-1.000000,""
405,w0,205,410857.000000,64,205.000000,0,COMPLETED_WALLTIME_REACHED,410857.000000,205.000000,411062.000000,0.000000,205.000000,1.000000,8-31 109-148,-1.000000,""
406,w0,179,410878.000000,64,179.000000,0,COMPLETED_WALLTIME_REACHED,411062.000000,179.000000,411241.000000,184.000000,363.000000,2.027933,8-31 109-148,-1.000000,""
407,w0,221,410885.000000,64,221.000000,0,COMPLETED_WALLTIME_REACHED,411241.000000,221.000000,411462.000000,356.000000,577.000000,2.610860,8-31 109-148,-1.000000,""
408,w0,204,410894.000000,64,204.000000,0,COMPLETED_WALLTIME_REACHED,411462.000000,204.000000,411666.000000,568.000000,772.000000,3.784314,8-31 109-148,-1.000000,""
409,w0,219,410899.000000,64,219.000000,0,COMPLETED_WALLTIME_REACHED,411666.000000,219.000000,411885.000000,767.000000,986.000000,4.502283,8-31 109-148,-1.000000,""
363,w0,24040,391243.000000,2,24040.000000,0,COMPLETED_WALLTIME_REACHED,391243.000000,24040.000000,415283.000000,0.000000,24040.000000,1.000000,1-2,-1.000000,""
364,w0,24040,391243.000000,2,24040.000000,0,COMPLETED_WALLTIME_REACHED,391243.000000,24040.000000,415283.000000,0.000000,24040.000000,1.000000,3-4,-1.000000,""
365,w0,24039,391244.000000,2,24039.000000,0,COMPLETED_WALLTIME_REACHED,391244.000000,24039.000000,415283.000000,0.000000,24039.000000,1.000000,5-6,-1.000000,""
367,w0,24038,391245.000000,2,24038.000000,0,COMPLETED_WALLTIME_REACHED,391245.000000,24038.000000,415283.000000,0.000000,24038.000000,1.000000,33-34,-1.000000,""
366,w0,24039,391245.000000,2,24039.000000,0,COMPLETED_WALLTIME_REACHED,391245.000000,24039.000000,415284.000000,0.000000,24039.000000,1.000000,7 32,-1.000000,""
370,w0,24037,391247.000000,2,24037.000000,0,COMPLETED_WALLTIME_REACHED,391247.000000,24037.000000,415284.000000,0.000000,24037.000000,1.000000,39-40,-1.000000,""
372,w0,24036,391248.000000,2,24036.000000,0,COMPLETED_WALLTIME_REACHED,391248.000000,24036.000000,415284.000000,0.000000,24036.000000,1.000000,43-44,-1.000000,""
375,w0,24034,391250.000000,2,24034.000000,0,COMPLETED_WALLTIME_REACHED,391250.000000,24034.000000,415284.000000,0.000000,24034.000000,1.000000,49-50,-1.000000,""
368,w0,24039,391246.000000,2,24039.000000,0,COMPLETED_WALLTIME_REACHED,391246.000000,24039.000000,415285.000000,0.000000,24039.000000,1.000000,35-36,-1.000000,""
369,w0,24039,391246.000000,2,24039.000000,0,COMPLETED_WALLTIME_REACHED,391246.000000,24039.000000,415285.000000,0.000000,24039.000000,1.000000,37-38,-1.000000,""
371,w0,24037,391248.000000,2,24037.000000,0,COMPLETED_WALLTIME_REACHED,391248.000000,24037.000000,415285.000000,0.000000,24037.000000,1.000000,41-42,-1.000000,""
373,w0,24036,391249.000000,2,24036.000000,0,COMPLETED_WALLTIME_REACHED,391249.000000,24036.000000,415285.000000,0.000000,24036.000000,1.000000,45-46,-1.000000,""
374,w0,24035,391250.000000,2,24035.000000,0,COMPLETED_WALLTIME_REACHED,391250.000000,24035.000000,415285.000000,0.000000,24035.000000,1.000000,47-48,-1.000000,""
376,w0,24034,391251.000000,2,24034.000000,0,COMPLETED_WALLTIME_REACHED,391251.000000,24034.000000,415285.000000,0.000000,24034.000000,1.000000,51-52,-1.000000,""
377,w0,24034,391251.000000,2,24034.000000,0,COMPLETED_WALLTIME_REACHED,391251.000000,24034.000000,415285.000000,0.000000,24034.000000,1.000000,53-54,-1.000000,""
378,w0,24033,391252.000000,2,24033.000000,0,COMPLETED_WALLTIME_REACHED,391252.000000,24033.000000,415285.000000,0.000000,24033.000000,1.000000,55-56,-1.000000,""
379,w0,24032,391253.000000,2,24032.000000,0,COMPLETED_WALLTIME_REACHED,391253.000000,24032.000000,415285.000000,0.000000,24032.000000,1.000000,57-58,-1.000000,""
380,w0,24032,391253.000000,2,24032.000000,0,COMPLETED_WALLTIME_REACHED,391253.000000,24032.000000,415285.000000,0.000000,24032.000000,1.000000,59-60,-1.000000,""
381,w0,24031,391254.000000,2,24031.000000,0,COMPLETED_WALLTIME_REACHED,391254.000000,24031.000000,415285.000000,0.000000,24031.000000,1.000000,61-62,-1.000000,""
383,w0,24030,391255.000000,2,24030.000000,0,COMPLETED_WALLTIME_REACHED,391255.000000,24030.000000,415285.000000,0.000000,24030.000000,1.000000,65-66,-1.000000,""
384,w0,24029,391256.000000,2,24029.000000,0,COMPLETED_WALLTIME_REACHED,391256.000000,24029.000000,415285.000000,0.000000,24029.000000,1.000000,67-68,-1.000000,""
386,w0,24028,391257.000000,2,24028.000000,0,COMPLETED_WALLTIME_REACHED,391257.000000,24028.000000,415285.000000,0.000000,24028.000000,1.000000,71-72,-1.000000,""
382,w0,24032,391254.000000,2,24032.000000,0,COMPLETED_WALLTIME_REACHED,391254.000000,24032.000000,415286.000000,0.000000,24032.000000,1.000000,63-64,-1.000000,""
385,w0,24030,391256.000000,2,24030.000000,0,COMPLETED_WALLTIME_REACHED,391256.000000,24030.000000,415286.000000,0.000000,24030.000000,1.000000,69-70,-1.000000,""
387,w0,24029,391257.000000,2,24029.000000,0,COMPLETED_WALLTIME_REACHED,391257.000000,24029.000000,415286.000000,0.000000,24029.000000,1.000000,73-74,-1.000000,""
388,w0,24028,391258.000000,2,24028.000000,0,COMPLETED_WALLTIME_REACHED,391258.000000,24028.000000,415286.000000,0.000000,24028.000000,1.000000,75-76,-1.000000,""
389,w0,24027,391259.000000,2,24027.000000,0,COMPLETED_WALLTIME_REACHED,391259.000000,24027.000000,415286.000000,0.000000,24027.000000,1.000000,77-78,-1.000000,""
390,w0,24027,391259.000000,2,24027.000000,0,COMPLETED_WALLTIME_REACHED,391259.000000,24027.000000,415286.000000,0.000000,24027.000000,1.000000,79-80,-1.000000,""
391,w0,24026,391260.000000,2,24026.000000,0,COMPLETED_WALLTIME_REACHED,391260.000000,24026.000000,415286.000000,0.000000,24026.000000,1.000000,81-82,-1.000000,""
392,w0,24026,391260.000000,2,24026.000000,0,COMPLETED_WALLTIME_REACHED,391260.000000,24026.000000,415286.000000,0.000000,24026.000000,1.000000,83-84,-1.000000,""
393,w0,24026,391261.000000,2,24026.000000,0,COMPLETED_WALLTIME_REACHED,391261.000000,24026.000000,415287.000000,0.000000,24026.000000,1.000000,85-86,-1.000000,""
394,w0,24025,391262.000000,2,24025.000000,0,COMPLETED_WALLTIME_REACHED,391262.000000,24025.000000,415287.000000,0.000000,24025.000000,1.000000,87-88,-1.000000,""
396,w0,24024,391263.000000,2,24024.000000,0,COMPLETED_WALLTIME_REACHED,391263.000000,24024.000000,415287.000000,0.000000,24024.000000,1.000000,91-92,-1.000000,""
397,w0,24024,391263.000000,2,24024.000000,0,COMPLETED_WALLTIME_REACHED,391263.000000,24024.000000,415287.000000,0.000000,24024.000000,1.000000,93-94,-1.000000,""
400,w0,24022,391265.000000,2,24022.000000,0,COMPLETED_WALLTIME_REACHED,391265.000000,24022.000000,415287.000000,0.000000,24022.000000,1.000000,99-100,-1.000000,""
395,w0,24026,391262.000000,2,24026.000000,0,COMPLETED_WALLTIME_REACHED,391262.000000,24026.000000,415288.000000,0.000000,24026.000000,1.000000,89-90,-1.000000,""
398,w0,24024,391264.000000,2,24024.000000,0,COMPLETED_WALLTIME_REACHED,391264.000000,24024.000000,415288.000000,0.000000,24024.000000,1.000000,95-96,-1.000000,""
399,w0,24023,391265.000000,2,24023.000000,0,COMPLETED_WALLTIME_REACHED,391265.000000,24023.000000,415288.000000,0.000000,24023.000000,1.000000,97-98,-1.000000,""
401,w0,24022,391266.000000,2,24022.000000,0,COMPLETED_WALLTIME_REACHED,391266.000000,24022.000000,415288.000000,0.000000,24022.000000,1.000000,101-102,-1.000000,""
402,w0,24022,391266.000000,2,24022.000000,0,COMPLETED_WALLTIME_REACHED,391266.000000,24022.000000,415288.000000,0.000000,24022.000000,1.000000,103-104,-1.000000,""
403,w0,24021,391267.000000,2,24021.000000,0,COMPLETED_WALLTIME_REACHED,391267.000000,24021.000000,415288.000000,0.000000,24021.000000,1.000000,105-106,-1.000000,""
404,w0,24021,391268.000000,2,24021.000000,0,COMPLETED_WALLTIME_REACHED,391268.000000,24021.000000,415289.000000,0.000000,24021.000000,1.000000,107-108,-1.000000,""
362,w0,24059,391241.000000,1,24059.000000,0,COMPLETED_WALLTIME_REACHED,391241.000000,24059.000000,415300.000000,0.000000,24059.000000,1.000000,0,-1.000000,""
410,w0,181,415741.000000,64,181.000000,0,COMPLETED_WALLTIME_REACHED,415741.000000,181.000000,415922.000000,0.000000,181.000000,1.000000,0-63,-1.000000,""
411,w0,208,415747.000000,64,208.000000,0,COMPLETED_WALLTIME_REACHED,415747.000000,208.000000,415955.000000,0.000000,208.000000,1.000000,64-127,-1.000000,""
412,w0,177,415752.000000,64,177.000000,0,COMPLETED_WALLTIME_REACHED,415922.000000,177.000000,416099.000000,170.000000,347.000000,1.960452,0-63,-1.000000,""
413,w0,218,415757.000000,64,218.000000,0,COMPLETED_WALLTIME_REACHED,415955.000000,218.000000,416173.000000,198.000000,416.000000,1.908257,64-127,-1.000000,""
414,w0,184,415760.000000,64,184.000000,0,COMPLETED_WALLTIME_REACHED,416099.000000,184.000000,416283.000000,339.000000,523.000000,2.842391,0-63,-1.000000,""
445,w0,2236,417332.000000,2,2236.000000,0,COMPLETED_WALLTIME_REACHED,417332.000000,2236.000000,419568.000000,0.000000,2236.000000,1.000000,59-60,-1.000000,""
446,w0,2238,417332.000000,2,2238.000000,0,COMPLETED_WALLTIME_REACHED,417332.000000,2238.000000,419570.000000,0.000000,2238.000000,1.000000,61-62,-1.000000,""
447,w0,2237,417333.000000,2,2237.000000,0,COMPLETED_WALLTIME_REACHED,417333.000000,2237.000000,419570.000000,0.000000,2237.000000,1.000000,63-64,-1.000000,""
448,w0,2236,417334.000000,2,2236.000000,0,COMPLETED_WALLTIME_REACHED,417334.000000,2236.000000,419570.000000,0.000000,2236.000000,1.000000,65-66,-1.000000,""
449,w0,2236,417334.000000,2,2236.000000,0,COMPLETED_WALLTIME_REACHED,417334.000000,2236.000000,419570.000000,0.000000,2236.000000,1.000000,67-68,-1.000000,""
450,w0,2235,417335.000000,2,2235.000000,0,COMPLETED_WALLTIME_REACHED,417335.000000,2235.000000,419570.000000,0.000000,2235.000000,1.000000,69-70,-1.000000,""
451,w0,2234,417336.000000,2,2234.000000,0,COMPLETED_WALLTIME_REACHED,417336.000000,2234.000000,419570.000000,0.000000,2234.000000,1.000000,71-72,-1.000000,""
452,w0,2233,417337.000000,2,2233.000000,0,COMPLETED_WALLTIME_REACHED,417337.000000,2233.000000,419570.000000,0.000000,2233.000000,1.000000,73-74,-1.000000,""
453,w0,2234,417337.000000,2,2234.000000,0,COMPLETED_WALLTIME_REACHED,417337.000000,2234.000000,419571.000000,0.000000,2234.000000,1.000000,75-76,-1.000000,""
456,w0,2231,417340.000000,2,2231.000000,0,COMPLETED_WALLTIME_REACHED,417340.000000,2231.000000,419571.000000,0.000000,2231.000000,1.000000,81-82,-1.000000,""
454,w0,2234,417338.000000,2,2234.000000,0,COMPLETED_WALLTIME_REACHED,417338.000000,2234.000000,419572.000000,0.000000,2234.000000,1.000000,77-78,-1.000000,""
455,w0,2233,417339.000000,2,2233.000000,0,COMPLETED_WALLTIME_REACHED,417339.000000,2233.000000,419572.000000,0.000000,2233.000000,1.000000,79-80,-1.000000,""
415,w0,2272,417312.000000,1,2272.000000,0,COMPLETED_WALLTIME_REACHED,417312.000000,2272.000000,419584.000000,0.000000,2272.000000,1.000000,0,-1.000000,""
419,w0,2280,417316.000000,2,2280.000000,0,COMPLETED_WALLTIME_REACHED,417316.000000,2280.000000,419596.000000,0.000000,2280.000000,1.000000,7-8,-1.000000,""
416,w0,2283,417314.000000,2,2283.000000,0,COMPLETED_WALLTIME_REACHED,417314.000000,2283.000000,419597.000000,0.000000,2283.000000,1.000000,1-2,-1.000000,""
417,w0,2282,417315.000000,2,2282.000000,0,COMPLETED_WALLTIME_REACHED,417315.000000,2282.000000,419597.000000,0.000000,2282.000000,1.000000,3-4,-1.000000,""
420,w0,2281,417316.000000,2,2281.000000,0,COMPLETED_WALLTIME_REACHED,417316.000000,2281.000000,419597.000000,0.000000,2281.000000,1.000000,9-10,-1.000000,""
421,w0,2280,417317.000000,2,2280.000000,0,COMPLETED_WALLTIME_REACHED,417317.000000,2280.000000,419597.000000,0.000000,2280.000000,1.000000,11-12,-1.000000,""
422,w0,2279,417318.000000,2,2279.000000,0,COMPLETED_WALLTIME_REACHED,417318.000000,2279.000000,419597.000000,0.000000,2279.000000,1.000000,13-14,-1.000000,""
423,w0,2279,417318.000000,2,2279.000000,0,COMPLETED_WALLTIME_REACHED,417318.000000,2279.000000,419597.000000,0.000000,2279.000000,1.000000,15-16,-1.000000,""
425,w0,2278,417319.000000,2,2278.000000,0,COMPLETED_WALLTIME_REACHED,417319.000000,2278.000000,419597.000000,0.000000,2278.000000,1.000000,19-20,-1.000000,""
426,w0,2277,417320.000000,2,2277.000000,0,COMPLETED_WALLTIME_REACHED,417320.000000,2277.000000,419597.000000,0.000000,2277.000000,1.000000,21-22,-1.000000,""
428,w0,2276,417321.000000,2,2276.000000,0,COMPLETED_WALLTIME_REACHED,417321.000000,2276.000000,419597.000000,0.000000,2276.000000,1.000000,25-26,-1.000000,""
429,w0,2275,417322.000000,2,2275.000000,0,COMPLETED_WALLTIME_REACHED,417322.000000,2275.000000,419597.000000,0.000000,2275.000000,1.000000,27-28,-1.000000,""
431,w0,2274,417323.000000,2,2274.000000,0,COMPLETED_WALLTIME_REACHED,417323.000000,2274.000000,419597.000000,0.000000,2274.000000,1.000000,31-32,-1.000000,""
434,w0,2272,417325.000000,2,2272.000000,0,COMPLETED_WALLTIME_REACHED,417325.000000,2272.000000,419597.000000,0.000000,2272.000000,1.000000,37-38,-1.000000,""
424,w0,2279,417319.000000,2,2279.000000,0,COMPLETED_WALLTIME_REACHED,417319.000000,2279.000000,419598.000000,0.000000,2279.000000,1.000000,17-18,-1.000000,""
427,w0,2277,417321.000000,2,2277.000000,0,COMPLETED_WALLTIME_REACHED,417321.000000,2277.000000,419598.000000,0.000000,2277.000000,1.000000,23-24,-1.000000,""
430,w0,2276,417322.000000,2,2276.000000,0,COMPLETED_WALLTIME_REACHED,417322.000000,2276.000000,419598.000000,0.000000,2276.000000,1.000000,29-30,-1.000000,""
432,w0,2274,417324.000000,2,2274.000000,0,COMPLETED_WALLTIME_REACHED,417324.000000,2274.000000,419598.000000,0.000000,2274.000000,1.000000,33-34,-1.000000,""
433,w0,2274,417324.000000,2,2274.000000,0,COMPLETED_WALLTIME_REACHED,417324.000000,2274.000000,419598.000000,0.000000,2274.000000,1.000000,35-36,-1.000000,""
435,w0,2273,417325.000000,2,2273.000000,0,COMPLETED_WALLTIME_REACHED,417325.000000,2273.000000,419598.000000,0.000000,2273.000000,1.000000,39-40,-1.000000,""
437,w0,2271,417327.000000,2,2271.000000,0,COMPLETED_WALLTIME_REACHED,417327.000000,2271.000000,419598.000000,0.000000,2271.000000,1.000000,43-44,-1.000000,""
439,w0,2270,417328.000000,2,2270.000000,0,COMPLETED_WALLTIME_REACHED,417328.000000,2270.000000,419598.000000,0.000000,2270.000000,1.000000,47-48,-1.000000,""
418,w0,2283,417315.000000,2,2283.000000,0,COMPLETED_WALLTIME_REACHED,417315.000000,2283.000000,419598.000000,0.000000,2283.000000,1.000000,5-6,-1.000000,""
436,w0,2273,417326.000000,2,2273.000000,0,COMPLETED_WALLTIME_REACHED,417326.000000,2273.000000,419599.000000,0.000000,2273.000000,1.000000,41-42,-1.000000,""
438,w0,2272,417327.000000,2,2272.000000,0,COMPLETED_WALLTIME_REACHED,417327.000000,2272.000000,419599.000000,0.000000,2272.000000,1.000000,45-46,-1.000000,""
440,w0,2271,417328.000000,2,2271.000000,0,COMPLETED_WALLTIME_REACHED,417328.000000,2271.000000,419599.000000,0.000000,2271.000000,1.000000,49-50,-1.000000,""
441,w0,2270,417329.000000,2,2270.000000,0,COMPLETED_WALLTIME_REACHED,417329.000000,2270.000000,419599.000000,0.000000,2270.000000,1.000000,51-52,-1.000000,""
442,w0,2269,417330.000000,2,2269.000000,0,COMPLETED_WALLTIME_REACHED,417330.000000,2269.000000,419599.000000,0.000000,2269.000000,1.000000,53-54,-1.000000,""
443,w0,2270,417330.000000,2,2270.000000,0,COMPLETED_WALLTIME_REACHED,417330.000000,2270.000000,419600.000000,0.000000,2270.000000,1.000000,55-56,-1.000000,""
444,w0,2269,417331.000000,2,2269.000000,0,COMPLETED_WALLTIME_REACHED,417331.000000,2269.000000,419600.000000,0.000000,2269.000000,1.000000,57-58,-1.000000,""
458,w0,157,622151.000000,64,157.000000,0,COMPLETED_WALLTIME_REACHED,622151.000000,157.000000,622308.000000,0.000000,157.000000,1.000000,64-127,-1.000000,""
457,w0,167,622144.000000,64,167.000000,0,COMPLETED_WALLTIME_REACHED,622144.000000,167.000000,622311.000000,0.000000,167.000000,1.000000,0-63,-1.000000,""
459,w0,163,622155.000000,64,163.000000,0,COMPLETED_WALLTIME_REACHED,622308.000000,163.000000,622471.000000,153.000000,316.000000,1.938650,64-127,-1.000000,""
460,w0,161,622160.000000,64,161.000000,0,COMPLETED_WALLTIME_REACHED,622311.000000,161.000000,622472.000000,151.000000,312.000000,1.937888,0-63,-1.000000,""
461,w0,157,622166.000000,64,157.000000,0,COMPLETED_WALLTIME_REACHED,622471.000000,157.000000,622628.000000,305.000000,462.000000,2.942675,64-127,-1.000000,""
462,w0,166,622174.000000,64,166.000000,0,COMPLETED_WALLTIME_REACHED,622472.000000,166.000000,622638.000000,298.000000,464.000000,2.795181,0-63,-1.000000,""
463,w0,158,622179.000000,64,158.000000,0,COMPLETED_WALLTIME_REACHED,622628.000000,158.000000,622786.000000,449.000000,607.000000,3.841772,64-127,-1.000000,""
464,w0,161,622184.000000,64,161.000000,0,COMPLETED_WALLTIME_REACHED,622638.000000,161.000000,622799.000000,454.000000,615.000000,3.819876,0-63,-1.000000,""
465,w0,160,622188.000000,64,160.000000,0,COMPLETED_WALLTIME_REACHED,622786.000000,160.000000,622946.000000,598.000000,758.000000,4.737500,64-127,-1.000000,""
466,w0,159,622198.000000,64,159.000000,0,COMPLETED_WALLTIME_REACHED,622799.000000,159.000000,622958.000000,601.000000,760.000000,4.779874,0-63,-1.000000,""
467,w0,130,622444.000000,128,130.000000,0,COMPLETED_WALLTIME_REACHED,622958.000000,130.000000,623088.000000,514.000000,644.000000,4.953846,0-127,-1.000000,""
468,w0,126,622451.000000,128,126.000000,0,COMPLETED_WALLTIME_REACHED,623088.000000,126.000000,623214.000000,637.000000,763.000000,6.055556,0-127,-1.000000,""
469,w0,132,622456.000000,128,132.000000,0,COMPLETED_WALLTIME_REACHED,623214.000000,132.000000,623346.000000,758.000000,890.000000,6.742424,0-127,-1.000000,""
470,w0,128,622465.000000,128,128.000000,0,COMPLETED_WALLTIME_REACHED,623346.000000,128.000000,623474.000000,881.000000,1009.000000,7.882813,0-127,-1.000000,""
471,w0,130,622471.000000,128,130.000000,0,COMPLETED_WALLTIME_REACHED,623474.000000,130.000000,623604.000000,1003.000000,1133.000000,8.715385,0-127,-1.000000,""
472,w0,128,622505.000000,128,128.000000,0,COMPLETED_WALLTIME_REACHED,623604.000000,128.000000,623732.000000,1099.000000,1227.000000,9.585938,0-127,-1.000000,""
473,w0,133,622509.000000,128,133.000000,0,COMPLETED_WALLTIME_REACHED,623732.000000,133.000000,623865.000000,1223.000000,1356.000000,10.195489,0-127,-1.000000,""
474,w0,126,622515.000000,128,126.000000,0,COMPLETED_WALLTIME_REACHED,623865.000000,126.000000,623991.000000,1350.000000,1476.000000,11.714286,0-127,-1.000000,""
475,w0,130,622520.000000,128,130.000000,0,COMPLETED_WALLTIME_REACHED,623991.000000,130.000000,624121.000000,1471.000000,1601.000000,12.315385,0-127,-1.000000,""
476,w0,126,622526.000000,128,126.000000,0,COMPLETED_WALLTIME_REACHED,624121.000000,126.000000,624247.000000,1595.000000,1721.000000,13.658730,0-127,-1.000000,""
477,w0,461,623104.000000,64,461.000000,0,COMPLETED_WALLTIME_REACHED,624247.000000,461.000000,624708.000000,1143.000000,1604.000000,3.479393,0-63,-1.000000,""
478,w0,156,623272.000000,160,156.000000,0,COMPLETED_WALLTIME_REACHED,624708.000000,156.000000,624864.000000,1436.000000,1592.000000,10.205128,0-159,-1.000000,""
479,w0,550,623281.000000,160,550.000000,0,COMPLETED_WALLTIME_REACHED,624864.000000,550.000000,625414.000000,1583.000000,2133.000000,3.878182,0-159,-1.000000,""
481,w0,348,626726.000000,1,348.000000,0,COMPLETED_WALLTIME_REACHED,626726.000000,348.000000,627074.000000,0.000000,348.000000,1.000000,1,-1.000000,""
480,w0,1098,626658.000000,1,1098.000000,0,COMPLETED_WALLTIME_REACHED,626658.000000,1098.000000,627756.000000,0.000000,1098.000000,1.000000,0,-1.000000,""
482,w0,1105,626769.000000,1,1105.000000,0,COMPLETED_WALLTIME_REACHED,626769.000000,1105.000000,627874.000000,0.000000,1105.000000,1.000000,2,-1.000000,""
485,w0,303,628699.000000,1,303.000000,0,COMPLETED_WALLTIME_REACHED,628699.000000,303.000000,629002.000000,0.000000,303.000000,1.000000,2,-1.000000,""
483,w0,3166,628329.000000,1,3166.000000,0,COMPLETED_WALLTIME_REACHED,628329.000000,3166.000000,631495.000000,0.000000,3166.000000,1.000000,0,-1.000000,""
486,w0,3453,629103.000000,1,3453.000000,0,COMPLETED_WALLTIME_REACHED,629103.000000,3453.000000,632556.000000,0.000000,3453.000000,1.000000,2,-1.000000,""
488,w0,141,632700.000000,1,141.000000,0,COMPLETED_WALLTIME_REACHED,632700.000000,141.000000,632841.000000,0.000000,141.000000,1.000000,2,-1.000000,""
489,w0,131,632774.000000,1,131.000000,0,COMPLETED_WALLTIME_REACHED,632774.000000,131.000000,632905.000000,0.000000,131.000000,1.000000,3,-1.000000,""
491,w0,212,633097.000000,1,212.000000,0,COMPLETED_WALLTIME_REACHED,633097.000000,212.000000,633309.000000,0.000000,212.000000,1.000000,2,-1.000000,""
492,w0,948,633268.000000,1,948.000000,0,COMPLETED_WALLTIME_REACHED,633268.000000,948.000000,634216.000000,0.000000,948.000000,1.000000,3,-1.000000,""
493,w0,443,634076.000000,8,443.000000,0,COMPLETED_WALLTIME_REACHED,634076.000000,443.000000,634519.000000,0.000000,443.000000,1.000000,2 132-138,-1.000000,""
494,w0,608,634287.000000,1,608.000000,0,COMPLETED_WALLTIME_REACHED,634287.000000,608.000000,634895.000000,0.000000,608.000000,1.000000,3,-1.000000,""
495,w0,863,634929.000000,1,863.000000,0,COMPLETED_WALLTIME_REACHED,634929.000000,863.000000,635792.000000,0.000000,863.000000,1.000000,2,-1.000000,""
490,w0,6896,632795.000000,128,6896.000000,0,COMPLETED_WALLTIME_REACHED,632795.000000,6896.000000,639691.000000,0.000000,6896.000000,1.000000,4-131,-1.000000,""
484,w0,11175,628573.000000,1,11175.000000,0,COMPLETED_WALLTIME_REACHED,628573.000000,11175.000000,639748.000000,0.000000,11175.000000,1.000000,1,-1.000000,""
496,w0,2086,639162.000000,1,2086.000000,0,COMPLETED_WALLTIME_REACHED,639162.000000,2086.000000,641248.000000,0.000000,2086.000000,1.000000,2,-1.000000,""
497,w0,3230,640489.000000,8,3230.000000,0,COMPLETED_WALLTIME_REACHED,640489.000000,3230.000000,643719.000000,0.000000,3230.000000,1.000000,1 3-9,-1.000000,""
498,w0,2976,641336.000000,1,2976.000000,0,COMPLETED_WALLTIME_REACHED,641336.000000,2976.000000,644312.000000,0.000000,2976.000000,1.000000,2,-1.000000,""
487,w0,13554,632138.000000,1,13554.000000,0,COMPLETED_WALLTIME_REACHED,632138.000000,13554.000000,645692.000000,0.000000,13554.000000,1.000000,0,-1.000000,""
499,w0,3051,645908.000000,1,3051.000000,0,COMPLETED_WALLTIME_REACHED,645908.000000,3051.000000,648959.000000,0.000000,3051.000000,1.000000,0,-1.000000,""
500,w0,1792,649955.000000,1,1792.000000,0,COMPLETED_WALLTIME_REACHED,649955.000000,1792.000000,651747.000000,0.000000,1792.000000,1.000000,0,-1.000000,""
501,w0,166,652855.000000,1,166.000000,0,COMPLETED_WALLTIME_REACHED,652855.000000,166.000000,653021.000000,0.000000,166.000000,1.000000,0,-1.000000,""
502,w0,1648,653632.000000,1,1648.000000,0,COMPLETED_WALLTIME_REACHED,653632.000000,1648.000000,655280.000000,0.000000,1648.000000,1.000000,0,-1.000000,""
503,w0,3401,654655.000000,1,3401.000000,0,COMPLETED_WALLTIME_REACHED,654655.000000,3401.000000,658056.000000,0.000000,3401.000000,1.000000,1,-1.000000,""
504,w0,158,674767.000000,2,158.000000,0,COMPLETED_WALLTIME_REACHED,674767.000000,158.000000,674925.000000,0.000000,158.000000,1.000000,0-1,-1.000000,""
505,w0,165,674903.000000,64,165.000000,0,COMPLETED_WALLTIME_REACHED,674903.000000,165.000000,675068.000000,0.000000,165.000000,1.000000,2-65,-1.000000,""
506,w0,160,674915.000000,64,160.000000,0,COMPLETED_WALLTIME_REACHED,674915.000000,160.000000,675075.000000,0.000000,160.000000,1.000000,66-129,-1.000000,""
507,w0,162,674920.000000,64,162.000000,0,COMPLETED_WALLTIME_REACHED,675068.000000,162.000000,675230.000000,148.000000,310.000000,1.913580,0-63,-1.000000,""
508,w0,165,674924.000000,64,165.000000,0,COMPLETED_WALLTIME_REACHED,675075.000000,165.000000,675240.000000,151.000000,316.000000,1.915152,64-127,-1.000000,""
509,w0,160,674927.000000,64,160.000000,0,COMPLETED_WALLTIME_REACHED,675230.000000,160.000000,675390.000000,303.000000,463.000000,2.893750,0-63,-1.000000,""
510,w0,164,674938.000000,64,164.000000,0,COMPLETED_WALLTIME_REACHED,675240.000000,164.000000,675404.000000,302.000000,466.000000,2.841463,64-127,-1.000000,""
511,w0,163,674942.000000,64,163.000000,0,COMPLETED_WALLTIME_REACHED,675390.000000,163.000000,675553.000000,448.000000,611.000000,3.748466,0-63,-1.000000,""
512,w0,164,674950.000000,64,164.000000,0,COMPLETED_WALLTIME_REACHED,675404.000000,164.000000,675568.000000,454.000000,618.000000,3.768293,64-127,-1.000000,""
513,w0,163,674954.000000,64,163.000000,0,COMPLETED_WALLTIME_REACHED,675553.000000,163.000000,675716.000000,599.000000,762.000000,4.674847,0-63,-1.000000,""
514,w0,161,674962.000000,64,161.000000,0,COMPLETED_WALLTIME_REACHED,675568.000000,161.000000,675729.000000,606.000000,767.000000,4.763975,64-127,-1.000000,""
516,w0,679,676094.000000,1,679.000000,0,COMPLETED_WALLTIME_REACHED,676094.000000,679.000000,676773.000000,0.000000,679.000000,1.000000,170,-1.000000,""
515,w0,6916,675022.000000,170,6916.000000,0,COMPLETED_WALLTIME_REACHED,675729.000000,6916.000000,682645.000000,707.000000,7623.000000,1.102227,0-169,-1.000000,""
518,w0,21,677777.000000,2,21.000000,0,COMPLETED_WALLTIME_REACHED,682645.000000,21.000000,682666.000000,4868.000000,4889.000000,232.809524,8-9,-1.000000,""
520,w0,52,685656.000000,64,52.000000,0,COMPLETED_WALLTIME_REACHED,685656.000000,52.000000,685708.000000,0.000000,52.000000,1.000000,40-103,-1.000000,""
521,w0,11,689086.000000,1,11.000000,0,COMPLETED_WALLTIME_REACHED,689086.000000,11.000000,689097.000000,0.000000,11.000000,1.000000,40,-1.000000,""
522,w0,11,689087.000000,1,11.000000,0,COMPLETED_WALLTIME_REACHED,689087.000000,11.000000,689098.000000,0.000000,11.000000,1.000000,41,-1.000000,""
523,w0,138,689258.000000,1,138.000000,0,COMPLETED_WALLTIME_REACHED,689258.000000,138.000000,689396.000000,0.000000,138.000000,1.000000,40,-1.000000,""
524,w0,167,689862.000000,2,167.000000,0,COMPLETED_WALLTIME_REACHED,689862.000000,167.000000,690029.000000,0.000000,167.000000,1.000000,40-41,-1.000000,""
526,w0,168,691967.000000,2,168.000000,0,COMPLETED_WALLTIME_REACHED,691967.000000,168.000000,692135.000000,0.000000,168.000000,1.000000,40-41,-1.000000,""
527,w0,22,692304.000000,2,22.000000,0,COMPLETED_WALLTIME_REACHED,692304.000000,22.000000,692326.000000,0.000000,22.000000,1.000000,40-41,-1.000000,""
519,w0,9583,682807.000000,32,9583.000000,0,COMPLETED_WALLTIME_REACHED,682807.000000,9583.000000,692390.000000,0.000000,9583.000000,1.000000,8-39,-1.000000,""
528,w0,157,692395.000000,1,157.000000,0,COMPLETED_WALLTIME_REACHED,692395.000000,157.000000,692552.000000,0.000000,157.000000,1.000000,8,-1.000000,""
517,w0,16720,677068.000000,8,16720.000000,0,COMPLETED_WALLTIME_REACHED,682645.000000,16720.000000,699365.000000,5577.000000,22297.000000,1.333553,0-7,-1.000000,""
529,w0,17,692427.000000,1,17.000000,0,COMPLETED_WALLTIME_REACHED,699365.000000,17.000000,699382.000000,6938.000000,6955.000000,409.117647,170,-1.000000,""
530,w0,17,693040.000000,1,17.000000,0,COMPLETED_WALLTIME_REACHED,699382.000000,17.000000,699399.000000,6342.000000,6359.000000,374.058824,170,-1.000000,""
531,w0,16,693262.000000,1,16.000000,0,COMPLETED_WALLTIME_REACHED,699399.000000,16.000000,699415.000000,6137.000000,6153.000000,384.562500,170,-1.000000,""
525,w0,64,690391.000000,170,64.000000,0,COMPLETED_WALLTIME_REACHED,699365.000000,64.000000,699429.000000,8974.000000,9038.000000,141.218750,0-169,-1.000000,""
532,w0,17,693360.000000,1,17.000000,0,COMPLETED_WALLTIME_REACHED,699415.000000,17.000000,699432.000000,6055.000000,6072.000000,357.176471,170,-1.000000,""
537,w0,16,693908.000000,1,16.000000,0,COMPLETED_WALLTIME_REACHED,699429.000000,16.000000,699445.000000,5521.000000,5537.000000,346.062500,4,-1.000000,""
538,w0,16,694089.000000,1,16.000000,0,COMPLETED_WALLTIME_REACHED,699429.000000,16.000000,699445.000000,5340.000000,5356.000000,334.750000,5,-1.000000,""
533,w0,17,693418.000000,1,17.000000,0,COMPLETED_WALLTIME_REACHED,699429.000000,17.000000,699446.000000,6011.000000,6028.000000,354.588235,0,-1.000000,""
534,w0,17,693530.000000,1,17.000000,0,COMPLETED_WALLTIME_REACHED,699429.000000,17.000000,699446.000000,5899.000000,5916.000000,348.000000,1,-1.000000,""
536,w0,17,693726.000000,1,17.000000,0,COMPLETED_WALLTIME_REACHED,699429.000000,17.000000,699446.000000,5703.000000,5720.000000,336.470588,3,-1.000000,""
543,w0,17,695014.000000,1,17.000000,0,COMPLETED_WALLTIME_REACHED,699429.000000,17.000000,699446.000000,4415.000000,4432.000000,260.705882,10,-1.000000,""
545,w0,17,696620.000000,1,17.000000,0,COMPLETED_WALLTIME_REACHED,699429.000000,17.000000,699446.000000,2809.000000,2826.000000,166.235294,12,-1.000000,""
546,w0,17,697216.000000,1,17.000000,0,COMPLETED_WALLTIME_REACHED,699429.000000,17.000000,699446.000000,2213.000000,2230.000000,131.176471,13,-1.000000,""
535,w0,18,693656.000000,1,18.000000,0,COMPLETED_WALLTIME_REACHED,699429.000000,18.000000,699447.000000,5773.000000,5791.000000,321.722222,2,-1.000000,""
547,w0,18,698508.000000,1,18.000000,0,COMPLETED_WALLTIME_REACHED,699429.000000,18.000000,699447.000000,921.000000,939.000000,52.166667,14,-1.000000,""
544,w0,22,696529.000000,1,22.000000,0,COMPLETED_WALLTIME_REACHED,699429.000000,22.000000,699451.000000,2900.000000,2922.000000,132.818182,11,-1.000000,""
539,w0,23,694267.000000,1,23.000000,0,COMPLETED_WALLTIME_REACHED,699429.000000,23.000000,699452.000000,5162.000000,5185.000000,225.434783,6,-1.000000,""
541,w0,27,694602.000000,1,27.000000,0,COMPLETED_WALLTIME_REACHED,699429.000000,27.000000,699456.000000,4827.000000,4854.000000,179.777778,8,-1.000000,""
542,w0,27,694756.000000,1,27.000000,0,COMPLETED_WALLTIME_REACHED,699429.000000,27.000000,699456.000000,4673.000000,4700.000000,174.074074,9,-1.000000,""
540,w0,28,694373.000000,1,28.000000,0,COMPLETED_WALLTIME_REACHED,699429.000000,28.000000,699457.000000,5056.000000,5084.000000,181.571429,7,-1.000000,""
548,w0,124,698780.000000,1,124.000000,0,COMPLETED_WALLTIME_REACHED,699429.000000,124.000000,699553.000000,649.000000,773.000000,6.233871,15,-1.000000,""
549,w0,31,699667.000000,16,31.000000,0,COMPLETED_WALLTIME_REACHED,699667.000000,31.000000,699698.000000,0.000000,31.000000,1.000000,0-15,-1.000000,""
550,w0,11,700577.000000,1,11.000000,0,COMPLETED_WALLTIME_REACHED,700577.000000,11.000000,700588.000000,0.000000,11.000000,1.000000,0,-1.000000,""
551,w0,11,701285.000000,1,11.000000,0,COMPLETED_WALLTIME_REACHED,701285.000000,11.000000,701296.000000,0.000000,11.000000,1.000000,0,-1.000000,""
552,w0,165,702693.000000,12,165.000000,0,COMPLETED_WALLTIME_REACHED,702693.000000,165.000000,702858.000000,0.000000,165.000000,1.000000,0-11,-1.000000,""
553,w0,16,703534.000000,1,16.000000,0,COMPLETED_WALLTIME_REACHED,703534.000000,16.000000,703550.000000,0.000000,16.000000,1.000000,0,-1.000000,""
554,w0,117,703562.000000,32,117.000000,0,COMPLETED_WALLTIME_REACHED,703562.000000,117.000000,703679.000000,0.000000,117.000000,1.000000,0-31,-1.000000,""
558,w0,33,704072.000000,7,33.000000,0,COMPLETED_WALLTIME_REACHED,704072.000000,33.000000,704105.000000,0.000000,33.000000,1.000000,72-78,-1.000000,""
559,w0,39,704079.000000,35,39.000000,0,COMPLETED_WALLTIME_REACHED,704079.000000,39.000000,704118.000000,0.000000,39.000000,1.000000,79-113,-1.000000,""
555,w0,512,703906.000000,8,512.000000,0,COMPLETED_WALLTIME_REACHED,703906.000000,512.000000,704418.000000,0.000000,512.000000,1.000000,0-7,-1.000000,""
556,w0,515,703921.000000,64,515.000000,0,COMPLETED_WALLTIME_REACHED,703921.000000,515.000000,704436.000000,0.000000,515.000000,1.000000,8-71,-1.000000,""
557,w0,229,704059.000000,100,229.000000,0,COMPLETED_WALLTIME_REACHED,704418.000000,229.000000,704647.000000,359.000000,588.000000,2.567686,0-7 72-113 115-164,-1.000000,""
561,w0,80,704243.000000,128,80.000000,0,COMPLETED_WALLTIME_REACHED,704647.000000,80.000000,704727.000000,404.000000,484.000000,6.050000,0-113 115-128,-1.000000,""
562,w0,565,704295.000000,160,565.000000,0,COMPLETED_WALLTIME_REACHED,704727.000000,565.000000,705292.000000,432.000000,997.000000,1.764602,0-113 115-160,-1.000000,""
565,w0,11,705547.000000,1,11.000000,0,COMPLETED_WALLTIME_REACHED,705547.000000,11.000000,705558.000000,0.000000,11.000000,1.000000,64,-1.000000,""
564,w0,501,705078.000000,8,501.000000,0,COMPLETED_WALLTIME_REACHED,705078.000000,501.000000,705579.000000,0.000000,501.000000,1.000000,161-168,-1.000000,""
566,w0,11,705693.000000,1,11.000000,0,COMPLETED_WALLTIME_REACHED,705693.000000,11.000000,705704.000000,0.000000,11.000000,1.000000,64,-1.000000,""
563,w0,506,704671.000000,64,506.000000,0,COMPLETED_WALLTIME_REACHED,705292.000000,506.000000,705798.000000,621.000000,1127.000000,2.227273,0-63,-1.000000,""
567,w0,45,706032.000000,35,45.000000,0,COMPLETED_WALLTIME_REACHED,706032.000000,45.000000,706077.000000,0.000000,45.000000,1.000000,0-34,-1.000000,""
568,w0,100,706060.000000,64,100.000000,0,COMPLETED_WALLTIME_REACHED,706060.000000,100.000000,706160.000000,0.000000,100.000000,1.000000,35-98,-1.000000,""
570,w0,11,706242.000000,1,11.000000,0,COMPLETED_WALLTIME_REACHED,706242.000000,11.000000,706253.000000,0.000000,11.000000,1.000000,7,-1.000000,""
569,w0,92,706182.000000,7,92.000000,0,COMPLETED_WALLTIME_REACHED,706182.000000,92.000000,706274.000000,0.000000,92.000000,1.000000,0-6,-1.000000,""
571,w0,299,706282.000000,35,299.000000,0,COMPLETED_WALLTIME_REACHED,706282.000000,299.000000,706581.000000,0.000000,299.000000,1.000000,0-34,-1.000000,""
574,w0,169,706855.000000,16,169.000000,0,COMPLETED_WALLTIME_REACHED,706855.000000,169.000000,707024.000000,0.000000,169.000000,1.000000,72-87,-1.000000,""
572,w0,547,706715.000000,64,547.000000,0,COMPLETED_WALLTIME_REACHED,706715.000000,547.000000,707262.000000,0.000000,547.000000,1.000000,0-63,-1.000000,""
573,w0,534,706749.000000,8,534.000000,0,COMPLETED_WALLTIME_REACHED,706749.000000,534.000000,707283.000000,0.000000,534.000000,1.000000,64-71,-1.000000,""
577,w0,35,707155.000000,7,35.000000,0,COMPLETED_WALLTIME_REACHED,707283.000000,35.000000,707318.000000,128.000000,163.000000,4.657143,164-170,-1.000000,""
576,w0,313,707122.000000,35,313.000000,0,COMPLETED_WALLTIME_REACHED,707122.000000,313.000000,707435.000000,0.000000,313.000000,1.000000,72-106,-1.000000,""
580,w0,51,707447.000000,16,51.000000,0,COMPLETED_WALLTIME_REACHED,707447.000000,51.000000,707498.000000,0.000000,51.000000,1.000000,79-94,-1.000000,""
579,w0,93,707392.000000,7,93.000000,0,COMPLETED_WALLTIME_REACHED,707435.000000,93.000000,707528.000000,43.000000,136.000000,1.462366,72-78,-1.000000,""
578,w0,286,707317.000000,1,286.000000,0,COMPLETED_WALLTIME_REACHED,707318.000000,286.000000,707604.000000,1.000000,287.000000,1.003497,164,-1.000000,""
575,w0,548,707076.000000,128,548.000000,0,COMPLETED_WALLTIME_REACHED,707283.000000,548.000000,707831.000000,207.000000,755.000000,1.377737,0-71 107-113 115-163,-1.000000,""
582,w0,92,707794.000000,7,92.000000,0,COMPLETED_WALLTIME_REACHED,707794.000000,92.000000,707886.000000,0.000000,92.000000,1.000000,72-78,-1.000000,""
581,w0,79,707787.000000,64,79.000000,0,COMPLETED_WALLTIME_REACHED,707831.000000,79.000000,707910.000000,44.000000,123.000000,1.556962,0-63,-1.000000,""
583,w0,284,707901.000000,35,284.000000,0,COMPLETED_WALLTIME_REACHED,707901.000000,284.000000,708185.000000,0.000000,284.000000,1.000000,64-98,-1.000000,""
585,w0,553,708461.000000,128,553.000000,0,COMPLETED_WALLTIME_REACHED,708461.000000,553.000000,709014.000000,0.000000,553.000000,1.000000,1-113 115-129,-1.000000,""
584,w0,1093,708163.000000,1,1093.000000,0,COMPLETED_WALLTIME_REACHED,708163.000000,1093.000000,709256.000000,0.000000,1093.000000,1.000000,0,-1.000000,""
586,w0,855,708746.000000,1,855.000000,0,COMPLETED_WALLTIME_REACHED,708746.000000,855.000000,709601.000000,0.000000,855.000000,1.000000,130,-1.000000,""
591,w0,21,710170.000000,5,21.000000,0,COMPLETED_WALLTIME_REACHED,710170.000000,21.000000,710191.000000,0.000000,21.000000,1.000000,138-142,-1.000000,""
589,w0,22,710170.000000,5,22.000000,0,COMPLETED_WALLTIME_REACHED,710170.000000,22.000000,710192.000000,0.000000,22.000000,1.000000,128-132,-1.000000,""
590,w0,22,710170.000000,5,22.000000,0,COMPLETED_WALLTIME_REACHED,710170.000000,22.000000,710192.000000,0.000000,22.000000,1.000000,133-137,-1.000000,""
592,w0,22,710170.000000,5,22.000000,0,COMPLETED_WALLTIME_REACHED,710170.000000,22.000000,710192.000000,0.000000,22.000000,1.000000,143-147,-1.000000,""
587,w0,950,709408.000000,2,950.000000,0,COMPLETED_WALLTIME_REACHED,709408.000000,950.000000,710358.000000,0.000000,950.000000,1.000000,0-1,-1.000000,""
593,w0,24,710677.000000,1,24.000000,0,COMPLETED_WALLTIME_REACHED,710677.000000,24.000000,710701.000000,0.000000,24.000000,1.000000,0,-1.000000,""
595,w0,21,710696.000000,5,21.000000,0,COMPLETED_WALLTIME_REACHED,710696.000000,21.000000,710717.000000,0.000000,21.000000,1.000000,132-136,-1.000000,""
596,w0,21,710696.000000,5,21.000000,0,COMPLETED_WALLTIME_REACHED,710696.000000,21.000000,710717.000000,0.000000,21.000000,1.000000,137-141,-1.000000,""
594,w0,22,710696.000000,5,22.000000,0,COMPLETED_WALLTIME_REACHED,710696.000000,22.000000,710718.000000,0.000000,22.000000,1.000000,1 128-131,-1.000000,""
597,w0,22,710696.000000,5,22.000000,0,COMPLETED_WALLTIME_REACHED,710696.000000,22.000000,710718.000000,0.000000,22.000000,1.000000,142-146,-1.000000,""
560,w0,6864,704091.000000,1,6864.000000,0,COMPLETED_WALLTIME_REACHED,704091.000000,6864.000000,710955.000000,0.000000,6864.000000,1.000000,114,-1.000000,""
600,w0,35,711000.000000,32,35.000000,0,COMPLETED_WALLTIME_REACHED,711000.000000,35.000000,711035.000000,0.000000,35.000000,1.000000,114 129-159,-1.000000,""
599,w0,403,710917.000000,1,403.000000,0,COMPLETED_WALLTIME_REACHED,710917.000000,403.000000,711320.000000,0.000000,403.000000,1.000000,128,-1.000000,""
588,w0,1429,710101.000000,125,1429.000000,0,COMPLETED_WALLTIME_REACHED,710101.000000,1429.000000,711530.000000,0.000000,1429.000000,1.000000,2-113 115-127,-1.000000,""
598,w0,941,710859.000000,2,941.000000,0,COMPLETED_WALLTIME_REACHED,710859.000000,941.000000,711800.000000,0.000000,941.000000,1.000000,0-1,-1.000000,""
601,w0,387,711677.000000,2,387.000000,0,COMPLETED_WALLTIME_REACHED,711677.000000,387.000000,712064.000000,0.000000,387.000000,1.000000,2-3,-1.000000,""
603,w0,33,712173.000000,2,33.000000,0,COMPLETED_WALLTIME_REACHED,712173.000000,33.000000,712206.000000,0.000000,33.000000,1.000000,2-3,-1.000000,""
604,w0,32,712370.000000,2,32.000000,0,COMPLETED_WALLTIME_REACHED,712370.000000,32.000000,712402.000000,0.000000,32.000000,1.000000,2-3,-1.000000,""
605,w0,32,712438.000000,2,32.000000,0,COMPLETED_WALLTIME_REACHED,712438.000000,32.000000,712470.000000,0.000000,32.000000,1.000000,2-3,-1.000000,""
602,w0,363,712116.000000,2,363.000000,0,COMPLETED_WALLTIME_REACHED,712116.000000,363.000000,712479.000000,0.000000,363.000000,1.000000,0-1,-1.000000,""
606,w0,22,712472.000000,8,22.000000,0,COMPLETED_WALLTIME_REACHED,712472.000000,22.000000,712494.000000,0.000000,22.000000,1.000000,2-9,-1.000000,""
607,w0,33,712533.000000,2,33.000000,0,COMPLETED_WALLTIME_REACHED,712533.000000,33.000000,712566.000000,0.000000,33.000000,1.000000,0-1,-1.000000,""
644,w0,22,712732.000000,8,22.000000,0,COMPLETED_WALLTIME_REACHED,712732.000000,22.000000,712754.000000,0.000000,22.000000,1.000000,36-43,-1.000000,""
623,w0,418,712647.000000,1,418.000000,0,COMPLETED_WALLTIME_REACHED,712647.000000,418.000000,713065.000000,0.000000,418.000000,1.000000,15,-1.000000,""
626,w0,419,712649.000000,1,419.000000,0,COMPLETED_WALLTIME_REACHED,712649.000000,419.000000,713068.000000,0.000000,419.000000,1.000000,18,-1.000000,""
624,w0,421,712648.000000,1,421.000000,0,COMPLETED_WALLTIME_REACHED,712648.000000,421.000000,713069.000000,0.000000,421.000000,1.000000,16,-1.000000,""
622,w0,423,712647.000000,1,423.000000,0,COMPLETED_WALLTIME_REACHED,712647.000000,423.000000,713070.000000,0.000000,423.000000,1.000000,14,-1.000000,""
620,w0,425,712646.000000,1,425.000000,0,COMPLETED_WALLTIME_REACHED,712646.000000,425.000000,713071.000000,0.000000,425.000000,1.000000,12,-1.000000,""
621,w0,426,712646.000000,1,426.000000,0,COMPLETED_WALLTIME_REACHED,712646.000000,426.000000,713072.000000,0.000000,426.000000,1.000000,13,-1.000000,""
619,w0,432,712645.000000,1,432.000000,0,COMPLETED_WALLTIME_REACHED,712645.000000,432.000000,713077.000000,0.000000,432.000000,1.000000,11,-1.000000,""
625,w0,431,712649.000000,1,431.000000,0,COMPLETED_WALLTIME_REACHED,712649.000000,431.000000,713080.000000,0.000000,431.000000,1.000000,17,-1.000000,""
628,w0,434,712650.000000,1,434.000000,0,COMPLETED_WALLTIME_REACHED,712650.000000,434.000000,713084.000000,0.000000,434.000000,1.000000,20,-1.000000,""
617,w0,448,712644.000000,1,448.000000,0,COMPLETED_WALLTIME_REACHED,712644.000000,448.000000,713092.000000,0.000000,448.000000,1.000000,9,-1.000000,""
627,w0,443,712650.000000,1,443.000000,0,COMPLETED_WALLTIME_REACHED,712650.000000,443.000000,713093.000000,0.000000,443.000000,1.000000,19,-1.000000,""
618,w0,459,712644.000000,1,459.000000,0,COMPLETED_WALLTIME_REACHED,712644.000000,459.000000,713103.000000,0.000000,459.000000,1.000000,10,-1.000000,""
629,w0,461,712651.000000,1,461.000000,0,COMPLETED_WALLTIME_REACHED,712651.000000,461.000000,713112.000000,0.000000,461.000000,1.000000,21,-1.000000,""
631,w0,469,712652.000000,1,469.000000,0,COMPLETED_WALLTIME_REACHED,712652.000000,469.000000,713121.000000,0.000000,469.000000,1.000000,23,-1.000000,""
615,w0,480,712643.000000,1,480.000000,0,COMPLETED_WALLTIME_REACHED,712643.000000,480.000000,713123.000000,0.000000,480.000000,1.000000,7,-1.000000,""
645,w0,40,713088.000000,2,40.000000,0,COMPLETED_WALLTIME_REACHED,713088.000000,40.000000,713128.000000,0.000000,40.000000,1.000000,11-12,-1.000000,""
616,w0,504,712643.000000,1,504.000000,0,COMPLETED_WALLTIME_REACHED,712643.000000,504.000000,713147.000000,0.000000,504.000000,1.000000,8,-1.000000,""
630,w0,495,712652.000000,1,495.000000,0,COMPLETED_WALLTIME_REACHED,712652.000000,495.000000,713147.000000,0.000000,495.000000,1.000000,22,-1.000000,""
614,w0,525,712642.000000,1,525.000000,0,COMPLETED_WALLTIME_REACHED,712642.000000,525.000000,713167.000000,0.000000,525.000000,1.000000,6,-1.000000,""
632,w0,528,712653.000000,1,528.000000,0,COMPLETED_WALLTIME_REACHED,712653.000000,528.000000,713181.000000,0.000000,528.000000,1.000000,24,-1.000000,""
612,w0,546,712641.000000,1,546.000000,0,COMPLETED_WALLTIME_REACHED,712641.000000,546.000000,713187.000000,0.000000,546.000000,1.000000,4,-1.000000,""
613,w0,563,712641.000000,1,563.000000,0,COMPLETED_WALLTIME_REACHED,712641.000000,563.000000,713204.000000,0.000000,563.000000,1.000000,5,-1.000000,""
610,w0,579,712640.000000,1,579.000000,0,COMPLETED_WALLTIME_REACHED,712640.000000,579.000000,713219.000000,0.000000,579.000000,1.000000,2,-1.000000,""
634,w0,566,712654.000000,1,566.000000,0,COMPLETED_WALLTIME_REACHED,712654.000000,566.000000,713220.000000,0.000000,566.000000,1.000000,26,-1.000000,""
611,w0,582,712640.000000,1,582.000000,0,COMPLETED_WALLTIME_REACHED,712640.000000,582.000000,713222.000000,0.000000,582.000000,1.000000,3,-1.000000,""
633,w0,632,712654.000000,1,632.000000,0,COMPLETED_WALLTIME_REACHED,712654.000000,632.000000,713286.000000,0.000000,632.000000,1.000000,25,-1.000000,""
643,w0,676,712660.000000,1,676.000000,0,COMPLETED_WALLTIME_REACHED,712660.000000,676.000000,713336.000000,0.000000,676.000000,1.000000,35,-1.000000,""
636,w0,707,712655.000000,1,707.000000,0,COMPLETED_WALLTIME_REACHED,712655.000000,707.000000,713362.000000,0.000000,707.000000,1.000000,28,-1.000000,""
646,w0,33,713379.000000,2,33.000000,0,COMPLETED_WALLTIME_REACHED,713379.000000,33.000000,713412.000000,0.000000,33.000000,1.000000,2-3,-1.000000,""
647,w0,45,713396.000000,2,45.000000,0,COMPLETED_WALLTIME_REACHED,713396.000000,45.000000,713441.000000,0.000000,45.000000,1.000000,4-5,-1.000000,""
635,w0,816,712655.000000,1,816.000000,0,COMPLETED_WALLTIME_REACHED,712655.000000,816.000000,713471.000000,0.000000,816.000000,1.000000,27,-1.000000,""
641,w0,818,712659.000000,1,818.000000,0,COMPLETED_WALLTIME_REACHED,712659.000000,818.000000,713477.000000,0.000000,818.000000,1.000000,33,-1.000000,""
648,w0,28,713484.000000,8,28.000000,0,COMPLETED_WALLTIME_REACHED,713484.000000,28.000000,713512.000000,0.000000,28.000000,1.000000,2-9,-1.000000,""
649,w0,21,713523.000000,8,21.000000,0,COMPLETED_WALLTIME_REACHED,713523.000000,21.000000,713544.000000,0.000000,21.000000,1.000000,2-9,-1.000000,""
609,w0,910,712639.000000,1,910.000000,0,COMPLETED_WALLTIME_REACHED,712639.000000,910.000000,713549.000000,0.000000,910.000000,1.000000,1,-1.000000,""
637,w0,918,712656.000000,1,918.000000,0,COMPLETED_WALLTIME_REACHED,712656.000000,918.000000,713574.000000,0.000000,918.000000,1.000000,29,-1.000000,""
639,w0,921,712657.000000,1,921.000000,0,COMPLETED_WALLTIME_REACHED,712657.000000,921.000000,713578.000000,0.000000,921.000000,1.000000,31,-1.000000,""
642,w0,949,712659.000000,1,949.000000,0,COMPLETED_WALLTIME_REACHED,712659.000000,949.000000,713608.000000,0.000000,949.000000,1.000000,34,-1.000000,""
638,w0,959,712657.000000,1,959.000000,0,COMPLETED_WALLTIME_REACHED,712657.000000,959.000000,713616.000000,0.000000,959.000000,1.000000,30,-1.000000,""
640,w0,999,712658.000000,1,999.000000,0,COMPLETED_WALLTIME_REACHED,712658.000000,999.000000,713657.000000,0.000000,999.000000,1.000000,32,-1.000000,""
650,w0,152,713892.000000,5,152.000000,0,COMPLETED_WALLTIME_REACHED,713892.000000,152.000000,714044.000000,0.000000,152.000000,1.000000,1-5,-1.000000,""
651,w0,33,714376.000000,2,33.000000,0,COMPLETED_WALLTIME_REACHED,714376.000000,33.000000,714409.000000,0.000000,33.000000,1.000000,1-2,-1.000000,""
652,w0,21,714526.000000,8,21.000000,0,COMPLETED_WALLTIME_REACHED,714526.000000,21.000000,714547.000000,0.000000,21.000000,1.000000,1-8,-1.000000,""
653,w0,26,714614.000000,1,26.000000,0,COMPLETED_WALLTIME_REACHED,714614.000000,26.000000,714640.000000,0.000000,26.000000,1.000000,1,-1.000000,""
654,w0,27,714647.000000,1,27.000000,0,COMPLETED_WALLTIME_REACHED,714647.000000,27.000000,714674.000000,0.000000,27.000000,1.000000,1,-1.000000,""
655,w0,27,714957.000000,1,27.000000,0,COMPLETED_WALLTIME_REACHED,714957.000000,27.000000,714984.000000,0.000000,27.000000,1.000000,1,-1.000000,""
656,w0,21,715031.000000,8,21.000000,0,COMPLETED_WALLTIME_REACHED,715031.000000,21.000000,715052.000000,0.000000,21.000000,1.000000,1-8,-1.000000,""
657,w0,22,715419.000000,8,22.000000,0,COMPLETED_WALLTIME_REACHED,715419.000000,22.000000,715441.000000,0.000000,22.000000,1.000000,1-8,-1.000000,""
658,w0,36,715462.000000,1,36.000000,0,COMPLETED_WALLTIME_REACHED,715462.000000,36.000000,715498.000000,0.000000,36.000000,1.000000,1,-1.000000,""
659,w0,26,715595.000000,1,26.000000,0,COMPLETED_WALLTIME_REACHED,715595.000000,26.000000,715621.000000,0.000000,26.000000,1.000000,1,-1.000000,""
608,w0,3143,712638.000000,1,3143.000000,0,COMPLETED_WALLTIME_REACHED,712638.000000,3143.000000,715781.000000,0.000000,3143.000000,1.000000,0,-1.000000,""
660,w0,27,715765.000000,1,27.000000,0,COMPLETED_WALLTIME_REACHED,715765.000000,27.000000,715792.000000,0.000000,27.000000,1.000000,1,-1.000000,""
661,w0,36,715895.000000,1,36.000000,0,COMPLETED_WALLTIME_REACHED,715895.000000,36.000000,715931.000000,0.000000,36.000000,1.000000,0,-1.000000,""
662,w0,262,716457.000000,8,262.000000,0,COMPLETED_WALLTIME_REACHED,716457.000000,262.000000,716719.000000,0.000000,262.000000,1.000000,0-7,-1.000000,""
663,w0,28,717298.000000,2,28.000000,0,COMPLETED_WALLTIME_REACHED,717298.000000,28.000000,717326.000000,0.000000,28.000000,1.000000,0-1,-1.000000,""
664,w0,94,717985.000000,64,94.000000,0,COMPLETED_WALLTIME_REACHED,717985.000000,94.000000,718079.000000,0.000000,94.000000,1.000000,0-63,-1.000000,""
665,w0,310,718081.000000,8,310.000000,0,COMPLETED_WALLTIME_REACHED,718081.000000,310.000000,718391.000000,0.000000,310.000000,1.000000,0-7,-1.000000,""
666,w0,103,718539.000000,80,103.000000,0,COMPLETED_WALLTIME_REACHED,718539.000000,103.000000,718642.000000,0.000000,103.000000,1.000000,0-79,-1.000000,""
667,w0,119,719423.000000,112,119.000000,0,COMPLETED_WALLTIME_REACHED,719423.000000,119.000000,719542.000000,0.000000,119.000000,1.000000,0-111,-1.000000,""
668,w0,39,720064.000000,1,39.000000,0,COMPLETED_WALLTIME_REACHED,720064.000000,39.000000,720103.000000,0.000000,39.000000,1.000000,0,-1.000000,""
669,w0,283,720180.000000,64,283.000000,0,COMPLETED_WALLTIME_REACHED,720180.000000,283.000000,720463.000000,0.000000,283.000000,1.000000,0-63,-1.000000,""
670,w0,165,720320.000000,64,165.000000,0,COMPLETED_WALLTIME_REACHED,720320.000000,165.000000,720485.000000,0.000000,165.000000,1.000000,64-127,-1.000000,""
671,w0,161,720324.000000,64,161.000000,0,COMPLETED_WALLTIME_REACHED,720463.000000,161.000000,720624.000000,139.000000,300.000000,1.863354,0-63,-1.000000,""
672,w0,166,720692.000000,64,166.000000,0,COMPLETED_WALLTIME_REACHED,720692.000000,166.000000,720858.000000,0.000000,166.000000,1.000000,0-63,-1.000000,""
673,w0,165,720698.000000,64,165.000000,0,COMPLETED_WALLTIME_REACHED,720698.000000,165.000000,720863.000000,0.000000,165.000000,1.000000,64-127,-1.000000,""
674,w0,163,720796.000000,64,163.000000,0,COMPLETED_WALLTIME_REACHED,720858.000000,163.000000,721021.000000,62.000000,225.000000,1.380368,0-63,-1.000000,""
675,w0,165,720801.000000,64,165.000000,0,COMPLETED_WALLTIME_REACHED,720863.000000,165.000000,721028.000000,62.000000,227.000000,1.375758,64-127,-1.000000,""
679,w0,168,720955.000000,1,168.000000,0,COMPLETED_WALLTIME_REACHED,720955.000000,168.000000,721123.000000,0.000000,168.000000,1.000000,128,-1.000000,""
676,w0,163,720805.000000,64,163.000000,0,COMPLETED_WALLTIME_REACHED,721021.000000,163.000000,721184.000000,216.000000,379.000000,2.325153,0-63,-1.000000,""
677,w0,164,720817.000000,64,164.000000,0,COMPLETED_WALLTIME_REACHED,721028.000000,164.000000,721192.000000,211.000000,375.000000,2.286585,64-127,-1.000000,""
678,w0,164,720835.000000,64,164.000000,0,COMPLETED_WALLTIME_REACHED,721184.000000,164.000000,721348.000000,349.000000,513.000000,3.128049,0-63,-1.000000,""
680,w0,179,721793.000000,64,179.000000,0,COMPLETED_WALLTIME_REACHED,721793.000000,179.000000,721972.000000,0.000000,179.000000,1.000000,0-63,-1.000000,""
682,w0,398,729481.000000,1,398.000000,0,COMPLETED_WALLTIME_REACHED,729481.000000,398.000000,729879.000000,0.000000,398.000000,1.000000,2,-1.000000,""
683,w0,982,731205.000000,64,982.000000,0,COMPLETED_WALLTIME_REACHED,731205.000000,982.000000,732187.000000,0.000000,982.000000,1.000000,2-65,-1.000000,""
684,w0,1167,731831.000000,64,1167.000000,0,COMPLETED_WALLTIME_REACHED,731831.000000,1167.000000,732998.000000,0.000000,1167.000000,1.000000,66-129,-1.000000,""
681,w0,9972,727934.000000,2,9972.000000,0,COMPLETED_WALLTIME_REACHED,727934.000000,9972.000000,737906.000000,0.000000,9972.000000,1.000000,0-1,-1.000000,""
688,w0,487,744942.000000,64,487.000000,0,COMPLETED_WALLTIME_REACHED,744942.000000,487.000000,745429.000000,0.000000,487.000000,1.000000,6-69,-1.000000,""
689,w0,2793,745500.000000,64,2793.000000,0,COMPLETED_WALLTIME_REACHED,745500.000000,2793.000000,748293.000000,0.000000,2793.000000,1.000000,6-69,-1.000000,""
691,w0,1141,749070.000000,8,1141.000000,0,COMPLETED_WALLTIME_REACHED,749070.000000,1141.000000,750211.000000,0.000000,1141.000000,1.000000,70-77,-1.000000,""
692,w0,167,755523.000000,64,167.000000,0,COMPLETED_WALLTIME_REACHED,755523.000000,167.000000,755690.000000,0.000000,167.000000,1.000000,70-133,-1.000000,""
693,w0,170,755529.000000,64,170.000000,0,COMPLETED_WALLTIME_REACHED,755690.000000,170.000000,755860.000000,161.000000,331.000000,1.947059,70-133,-1.000000,""
694,w0,167,755536.000000,64,167.000000,0,COMPLETED_WALLTIME_REACHED,755860.000000,167.000000,756027.000000,324.000000,491.000000,2.940120,70-133,-1.000000,""
695,w0,168,755540.000000,64,168.000000,0,COMPLETED_WALLTIME_REACHED,756027.000000,168.000000,756195.000000,487.000000,655.000000,3.898810,70-133,-1.000000,""
696,w0,165,755545.000000,64,165.000000,0,COMPLETED_WALLTIME_REACHED,756195.000000,165.000000,756360.000000,650.000000,815.000000,4.939394,70-133,-1.000000,""
697,w0,167,755567.000000,64,167.000000,0,COMPLETED_WALLTIME_REACHED,756360.000000,167.000000,756527.000000,793.000000,960.000000,5.748503,70-133,-1.000000,""
698,w0,170,755572.000000,64,170.000000,0,COMPLETED_WALLTIME_REACHED,756527.000000,170.000000,756697.000000,955.000000,1125.000000,6.617647,70-133,-1.000000,""
699,w0,167,755577.000000,64,167.000000,0,COMPLETED_WALLTIME_REACHED,756697.000000,167.000000,756864.000000,1120.000000,1287.000000,7.706587,70-133,-1.000000,""
700,w0,171,755585.000000,64,171.000000,0,COMPLETED_WALLTIME_REACHED,756864.000000,171.000000,757035.000000,1279.000000,1450.000000,8.479532,70-133,-1.000000,""
701,w0,165,755603.000000,64,165.000000,0,COMPLETED_WALLTIME_REACHED,757035.000000,165.000000,757200.000000,1432.000000,1597.000000,9.678788,70-133,-1.000000,""
702,w0,22,757309.000000,2,22.000000,0,COMPLETED_WALLTIME_REACHED,757309.000000,22.000000,757331.000000,0.000000,22.000000,1.000000,70-71,-1.000000,""
703,w0,28,757418.000000,2,28.000000,0,COMPLETED_WALLTIME_REACHED,757418.000000,28.000000,757446.000000,0.000000,28.000000,1.000000,70-71,-1.000000,""
704,w0,28,757486.000000,2,28.000000,0,COMPLETED_WALLTIME_REACHED,757486.000000,28.000000,757514.000000,0.000000,28.000000,1.000000,70-71,-1.000000,""
690,w0,9611,748798.000000,64,9611.000000,0,COMPLETED_WALLTIME_REACHED,748798.000000,9611.000000,758409.000000,0.000000,9611.000000,1.000000,6-69,-1.000000,""
686,w0,28013,738978.000000,2,28013.000000,0,COMPLETED_WALLTIME_REACHED,738978.000000,28013.000000,766991.000000,0.000000,28013.000000,1.000000,2-3,-1.000000,""
705,w0,400,768421.000000,1,400.000000,0,COMPLETED_WALLTIME_REACHED,768421.000000,400.000000,768821.000000,0.000000,400.000000,1.000000,2,-1.000000,""
706,w0,398,768899.000000,1,398.000000,0,COMPLETED_WALLTIME_REACHED,768899.000000,398.000000,769297.000000,0.000000,398.000000,1.000000,2,-1.000000,""
707,w0,94,770741.000000,7,94.000000,0,COMPLETED_WALLTIME_REACHED,770741.000000,94.000000,770835.000000,0.000000,94.000000,1.000000,2-3 6-10,-1.000000,""
715,w0,34,772238.000000,2,34.000000,0,COMPLETED_WALLTIME_REACHED,772238.000000,34.000000,772272.000000,0.000000,34.000000,1.000000,68-69,-1.000000,""
752,w0,41,772565.000000,2,41.000000,0,COMPLETED_WALLTIME_REACHED,772565.000000,41.000000,772606.000000,0.000000,41.000000,1.000000,104-105,-1.000000,""
754,w0,114,772878.000000,5,114.000000,0,COMPLETED_WALLTIME_REACHED,772878.000000,114.000000,772992.000000,0.000000,114.000000,1.000000,139-143,-1.000000,""
755,w0,117,772890.000000,5,117.000000,0,COMPLETED_WALLTIME_REACHED,772890.000000,117.000000,773007.000000,0.000000,117.000000,1.000000,144-148,-1.000000,""
756,w0,115,772895.000000,5,115.000000,0,COMPLETED_WALLTIME_REACHED,772895.000000,115.000000,773010.000000,0.000000,115.000000,1.000000,149-153,-1.000000,""
753,w0,304,772721.000000,35,304.000000,0,COMPLETED_WALLTIME_REACHED,772721.000000,304.000000,773025.000000,0.000000,304.000000,1.000000,104-138,-1.000000,""
757,w0,41,773239.000000,2,41.000000,0,COMPLETED_WALLTIME_REACHED,773239.000000,41.000000,773280.000000,0.000000,41.000000,1.000000,104-105,-1.000000,""
759,w0,41,773567.000000,2,41.000000,0,COMPLETED_WALLTIME_REACHED,773567.000000,41.000000,773608.000000,0.000000,41.000000,1.000000,139-140,-1.000000,""
685,w0,35096,738587.000000,2,35096.000000,0,COMPLETED_WALLTIME_REACHED,738587.000000,35096.000000,773683.000000,0.000000,35096.000000,1.000000,0-1,-1.000000,""
758,w0,301,773448.000000,35,301.000000,0,COMPLETED_WALLTIME_REACHED,773448.000000,301.000000,773749.000000,0.000000,301.000000,1.000000,104-138,-1.000000,""
708,w0,2166,771654.000000,16,2166.000000,0,COMPLETED_WALLTIME_REACHED,771654.000000,2166.000000,773820.000000,0.000000,2166.000000,1.000000,2-3 6-19,-1.000000,""
731,w0,1297,772543.000000,1,1297.000000,0,COMPLETED_WALLTIME_REACHED,772543.000000,1297.000000,773840.000000,0.000000,1297.000000,1.000000,83,-1.000000,""
730,w0,1305,772543.000000,1,1305.000000,0,COMPLETED_WALLTIME_REACHED,772543.000000,1305.000000,773848.000000,0.000000,1305.000000,1.000000,82,-1.000000,""
728,w0,1318,772542.000000,1,1318.000000,0,COMPLETED_WALLTIME_REACHED,772542.000000,1318.000000,773860.000000,0.000000,1318.000000,1.000000,80,-1.000000,""
732,w0,1322,772544.000000,1,1322.000000,0,COMPLETED_WALLTIME_REACHED,772544.000000,1322.000000,773866.000000,0.000000,1322.000000,1.000000,84,-1.000000,""
729,w0,1347,772542.000000,1,1347.000000,0,COMPLETED_WALLTIME_REACHED,772542.000000,1347.000000,773889.000000,0.000000,1347.000000,1.000000,81,-1.000000,""
734,w0,1350,772545.000000,1,1350.000000,0,COMPLETED_WALLTIME_REACHED,772545.000000,1350.000000,773895.000000,0.000000,1350.000000,1.000000,86,-1.000000,""
733,w0,1404,772545.000000,1,1404.000000,0,COMPLETED_WALLTIME_REACHED,772545.000000,1404.000000,773949.000000,0.000000,1404.000000,1.000000,85,-1.000000,""
727,w0,1429,772541.000000,1,1429.000000,0,COMPLETED_WALLTIME_REACHED,772541.000000,1429.000000,773970.000000,0.000000,1429.000000,1.000000,79,-1.000000,""
735,w0,1478,772546.000000,1,1478.000000,0,COMPLETED_WALLTIME_REACHED,772546.000000,1478.000000,774024.000000,0.000000,1478.000000,1.000000,87,-1.000000,""
725,w0,1518,772540.000000,1,1518.000000,0,COMPLETED_WALLTIME_REACHED,772540.000000,1518.000000,774058.000000,0.000000,1518.000000,1.000000,77,-1.000000,""
736,w0,1584,772547.000000,1,1584.000000,0,COMPLETED_WALLTIME_REACHED,772547.000000,1584.000000,774131.000000,0.000000,1584.000000,1.000000,88,-1.000000,""
726,w0,1658,772540.000000,1,1658.000000,0,COMPLETED_WALLTIME_REACHED,772540.000000,1658.000000,774198.000000,0.000000,1658.000000,1.000000,78,-1.000000,""
737,w0,1719,772547.000000,1,1719.000000,0,COMPLETED_WALLTIME_REACHED,772547.000000,1719.000000,774266.000000,0.000000,1719.000000,1.000000,89,-1.000000,""
761,w0,28,774297.000000,32,28.000000,0,COMPLETED_WALLTIME_REACHED,774297.000000,28.000000,774325.000000,0.000000,28.000000,1.000000,1-3 6-19 77-89 104-105,-1.000000,""
724,w0,1843,772539.000000,1,1843.000000,0,COMPLETED_WALLTIME_REACHED,772539.000000,1843.000000,774382.000000,0.000000,1843.000000,1.000000,76,-1.000000,""
762,w0,28,774398.000000,32,28.000000,0,COMPLETED_WALLTIME_REACHED,774398.000000,28.000000,774426.000000,0.000000,28.000000,1.000000,1-3 6-19 76-89 104,-1.000000,""
738,w0,1904,772548.000000,1,1904.000000,0,COMPLETED_WALLTIME_REACHED,772548.000000,1904.000000,774452.000000,0.000000,1904.000000,1.000000,90,-1.000000,""
722,w0,2045,772538.000000,1,2045.000000,0,COMPLETED_WALLTIME_REACHED,772538.000000,2045.000000,774583.000000,0.000000,2045.000000,1.000000,74,-1.000000,""
763,w0,49,774552.000000,4,49.000000,0,COMPLETED_WALLTIME_REACHED,774552.000000,49.000000,774601.000000,0.000000,49.000000,1.000000,1-3 6,-1.000000,""
739,w0,2152,772549.000000,1,2152.000000,0,COMPLETED_WALLTIME_REACHED,772549.000000,2152.000000,774701.000000,0.000000,2152.000000,1.000000,91,-1.000000,""
765,w0,22,774746.000000,4,22.000000,0,COMPLETED_WALLTIME_REACHED,774746.000000,22.000000,774768.000000,0.000000,22.000000,1.000000,3 6-8,-1.000000,""
723,w0,2269,772538.000000,1,2269.000000,0,COMPLETED_WALLTIME_REACHED,772538.000000,2269.000000,774807.000000,0.000000,2269.000000,1.000000,75,-1.000000,""
766,w0,44,774827.000000,4,44.000000,0,COMPLETED_WALLTIME_REACHED,774827.000000,44.000000,774871.000000,0.000000,44.000000,1.000000,3 6-8,-1.000000,""
767,w0,81,774935.000000,8,81.000000,0,COMPLETED_WALLTIME_REACHED,774935.000000,81.000000,775016.000000,0.000000,81.000000,1.000000,3 6-12,-1.000000,""
740,w0,2479,772549.000000,1,2479.000000,0,COMPLETED_WALLTIME_REACHED,772549.000000,2479.000000,775028.000000,0.000000,2479.000000,1.000000,92,-1.000000,""
721,w0,2515,772537.000000,1,2515.000000,0,COMPLETED_WALLTIME_REACHED,772537.000000,2515.000000,775052.000000,0.000000,2515.000000,1.000000,73,-1.000000,""
768,w0,80,775087.000000,8,80.000000,0,COMPLETED_WALLTIME_REACHED,775087.000000,80.000000,775167.000000,0.000000,80.000000,1.000000,3 6-12,-1.000000,""
719,w0,2693,772536.000000,1,2693.000000,0,COMPLETED_WALLTIME_REACHED,772536.000000,2693.000000,775229.000000,0.000000,2693.000000,1.000000,71,-1.000000,""
720,w0,2835,772536.000000,1,2835.000000,0,COMPLETED_WALLTIME_REACHED,772536.000000,2835.000000,775371.000000,0.000000,2835.000000,1.000000,72,-1.000000,""
716,w0,2847,772534.000000,1,2847.000000,0,COMPLETED_WALLTIME_REACHED,772534.000000,2847.000000,775381.000000,0.000000,2847.000000,1.000000,68,-1.000000,""
718,w0,2930,772535.000000,1,2930.000000,0,COMPLETED_WALLTIME_REACHED,772535.000000,2930.000000,775465.000000,0.000000,2930.000000,1.000000,70,-1.000000,""
717,w0,2954,772534.000000,1,2954.000000,0,COMPLETED_WALLTIME_REACHED,772534.000000,2954.000000,775488.000000,0.000000,2954.000000,1.000000,69,-1.000000,""
741,w0,2938,772550.000000,1,2938.000000,0,COMPLETED_WALLTIME_REACHED,772550.000000,2938.000000,775488.000000,0.000000,2938.000000,1.000000,93,-1.000000,""
769,w0,97,775421.000000,4,97.000000,0,COMPLETED_WALLTIME_REACHED,775421.000000,97.000000,775518.000000,0.000000,97.000000,1.000000,3 6-8,-1.000000,""
772,w0,27,775650.000000,5,27.000000,0,COMPLETED_WALLTIME_REACHED,775650.000000,27.000000,775677.000000,0.000000,27.000000,1.000000,8-12,-1.000000,""
770,w0,153,775559.000000,2,153.000000,0,COMPLETED_WALLTIME_REACHED,775559.000000,153.000000,775712.000000,0.000000,153.000000,1.000000,3 6,-1.000000,""
771,w0,203,775634.000000,1,203.000000,0,COMPLETED_WALLTIME_REACHED,775634.000000,203.000000,775837.000000,0.000000,203.000000,1.000000,7,-1.000000,""
773,w0,23,775845.000000,1,23.000000,0,COMPLETED_WALLTIME_REACHED,775845.000000,23.000000,775868.000000,0.000000,23.000000,1.000000,3,-1.000000,""
774,w0,24,775852.000000,1,24.000000,0,COMPLETED_WALLTIME_REACHED,775852.000000,24.000000,775876.000000,0.000000,24.000000,1.000000,6,-1.000000,""
775,w0,21,775863.000000,5,21.000000,0,COMPLETED_WALLTIME_REACHED,775863.000000,21.000000,775884.000000,0.000000,21.000000,1.000000,7-11,-1.000000,""
776,w0,21,775863.000000,5,21.000000,0,COMPLETED_WALLTIME_REACHED,775863.000000,21.000000,775884.000000,0.000000,21.000000,1.000000,12-16,-1.000000,""
777,w0,22,775863.000000,5,22.000000,0,COMPLETED_WALLTIME_REACHED,775863.000000,22.000000,775885.000000,0.000000,22.000000,1.000000,17-19 68-69,-1.000000,""
778,w0,22,775863.000000,5,22.000000,0,COMPLETED_WALLTIME_REACHED,775863.000000,22.000000,775885.000000,0.000000,22.000000,1.000000,70-74,-1.000000,""
781,w0,21,775879.000000,5,21.000000,0,COMPLETED_WALLTIME_REACHED,775879.000000,21.000000,775900.000000,0.000000,21.000000,1.000000,83-87,-1.000000,""
779,w0,22,775879.000000,5,22.000000,0,COMPLETED_WALLTIME_REACHED,775879.000000,22.000000,775901.000000,0.000000,22.000000,1.000000,3 6 75-77,-1.000000,""
780,w0,22,775879.000000,5,22.000000,0,COMPLETED_WALLTIME_REACHED,775879.000000,22.000000,775901.000000,0.000000,22.000000,1.000000,78-82,-1.000000,""
782,w0,22,775879.000000,5,22.000000,0,COMPLETED_WALLTIME_REACHED,775879.000000,22.000000,775901.000000,0.000000,22.000000,1.000000,88-92,-1.000000,""
783,w0,23,775990.000000,1,23.000000,0,COMPLETED_WALLTIME_REACHED,775990.000000,23.000000,776013.000000,0.000000,23.000000,1.000000,3,-1.000000,""
784,w0,23,775996.000000,1,23.000000,0,COMPLETED_WALLTIME_REACHED,775996.000000,23.000000,776019.000000,0.000000,23.000000,1.000000,6,-1.000000,""
786,w0,21,776021.000000,5,21.000000,0,COMPLETED_WALLTIME_REACHED,776021.000000,21.000000,776042.000000,0.000000,21.000000,1.000000,10-14,-1.000000,""
787,w0,21,776021.000000,5,21.000000,0,COMPLETED_WALLTIME_REACHED,776021.000000,21.000000,776042.000000,0.000000,21.000000,1.000000,15-19,-1.000000,""
788,w0,21,776021.000000,5,21.000000,0,COMPLETED_WALLTIME_REACHED,776021.000000,21.000000,776042.000000,0.000000,21.000000,1.000000,68-72,-1.000000,""
792,w0,21,776021.000000,5,21.000000,0,COMPLETED_WALLTIME_REACHED,776021.000000,21.000000,776042.000000,0.000000,21.000000,1.000000,88-92,-1.000000,""
785,w0,22,776021.000000,5,22.000000,0,COMPLETED_WALLTIME_REACHED,776021.000000,22.000000,776043.000000,0.000000,22.000000,1.000000,3 6-9,-1.000000,""
789,w0,22,776021.000000,5,22.000000,0,COMPLETED_WALLTIME_REACHED,776021.000000,22.000000,776043.000000,0.000000,22.000000,1.000000,73-77,-1.000000,""
790,w0,22,776021.000000,5,22.000000,0,COMPLETED_WALLTIME_REACHED,776021.000000,22.000000,776043.000000,0.000000,22.000000,1.000000,78-82,-1.000000,""
791,w0,22,776021.000000,5,22.000000,0,COMPLETED_WALLTIME_REACHED,776021.000000,22.000000,776043.000000,0.000000,22.000000,1.000000,83-87,-1.000000,""
742,w0,3565,772551.000000,1,3565.000000,0,COMPLETED_WALLTIME_REACHED,772551.000000,3565.000000,776116.000000,0.000000,3565.000000,1.000000,94,-1.000000,""
793,w0,27,776123.000000,4,27.000000,0,COMPLETED_WALLTIME_REACHED,776123.000000,27.000000,776150.000000,0.000000,27.000000,1.000000,3 6-8,-1.000000,""
794,w0,23,776181.000000,1,23.000000,0,COMPLETED_WALLTIME_REACHED,776181.000000,23.000000,776204.000000,0.000000,23.000000,1.000000,3,-1.000000,""
795,w0,23,776202.000000,1,23.000000,0,COMPLETED_WALLTIME_REACHED,776202.000000,23.000000,776225.000000,0.000000,23.000000,1.000000,6,-1.000000,""
796,w0,21,776219.000000,5,21.000000,0,COMPLETED_WALLTIME_REACHED,776219.000000,21.000000,776240.000000,0.000000,21.000000,1.000000,3 7-10,-1.000000,""
797,w0,21,776219.000000,5,21.000000,0,COMPLETED_WALLTIME_REACHED,776219.000000,21.000000,776240.000000,0.000000,21.000000,1.000000,11-15,-1.000000,""
798,w0,22,776219.000000,5,22.000000,0,COMPLETED_WALLTIME_REACHED,776219.000000,22.000000,776241.000000,0.000000,22.000000,1.000000,16-19 68,-1.000000,""
799,w0,22,776219.000000,5,22.000000,0,COMPLETED_WALLTIME_REACHED,776219.000000,22.000000,776241.000000,0.000000,22.000000,1.000000,69-73,-1.000000,""
800,w0,23,776306.000000,1,23.000000,0,COMPLETED_WALLTIME_REACHED,776306.000000,23.000000,776329.000000,0.000000,23.000000,1.000000,3,-1.000000,""
801,w0,23,776331.000000,1,23.000000,0,COMPLETED_WALLTIME_REACHED,776331.000000,23.000000,776354.000000,0.000000,23.000000,1.000000,3,-1.000000,""
806,w0,27,776351.000000,5,27.000000,0,COMPLETED_WALLTIME_REACHED,776351.000000,27.000000,776378.000000,0.000000,27.000000,1.000000,74-78,-1.000000,""
807,w0,27,776351.000000,5,27.000000,0,COMPLETED_WALLTIME_REACHED,776351.000000,27.000000,776378.000000,0.000000,27.000000,1.000000,79-83,-1.000000,""
808,w0,27,776351.000000,5,27.000000,0,COMPLETED_WALLTIME_REACHED,776351.000000,27.000000,776378.000000,0.000000,27.000000,1.000000,84-88,-1.000000,""
809,w0,28,776351.000000,5,28.000000,0,COMPLETED_WALLTIME_REACHED,776351.000000,28.000000,776379.000000,0.000000,28.000000,1.000000,89-93,-1.000000,""
802,w0,70,776331.000000,5,70.000000,0,COMPLETED_WALLTIME_REACHED,776331.000000,70.000000,776401.000000,0.000000,70.000000,1.000000,6-10,-1.000000,""
804,w0,75,776331.000000,5,75.000000,0,COMPLETED_WALLTIME_REACHED,776331.000000,75.000000,776406.000000,0.000000,75.000000,1.000000,16-19 68,-1.000000,""
805,w0,76,776331.000000,5,76.000000,0,COMPLETED_WALLTIME_REACHED,776331.000000,76.000000,776407.000000,0.000000,76.000000,1.000000,69-73,-1.000000,""
803,w0,116,776331.000000,5,116.000000,0,COMPLETED_WALLTIME_REACHED,776331.000000,116.000000,776447.000000,0.000000,116.000000,1.000000,11-15,-1.000000,""
687,w0,37534,739077.000000,2,37534.000000,0,COMPLETED_WALLTIME_REACHED,739077.000000,37534.000000,776611.000000,0.000000,37534.000000,1.000000,4-5,-1.000000,""
751,w0,4178,772557.000000,1,4178.000000,0,COMPLETED_WALLTIME_REACHED,772557.000000,4178.000000,776735.000000,0.000000,4178.000000,1.000000,103,-1.000000,""
810,w0,27,776760.000000,4,27.000000,0,COMPLETED_WALLTIME_REACHED,776760.000000,27.000000,776787.000000,0.000000,27.000000,1.000000,3-6,-1.000000,""
811,w0,27,776885.000000,4,27.000000,0,COMPLETED_WALLTIME_REACHED,776885.000000,27.000000,776912.000000,0.000000,27.000000,1.000000,3-6,-1.000000,""
812,w0,34,776901.000000,2,34.000000,0,COMPLETED_WALLTIME_REACHED,776901.000000,34.000000,776935.000000,0.000000,34.000000,1.000000,7-8,-1.000000,""
813,w0,31,776984.000000,1,31.000000,0,COMPLETED_WALLTIME_REACHED,776984.000000,31.000000,777015.000000,0.000000,31.000000,1.000000,3,-1.000000,""
743,w0,4475,772551.000000,1,4475.000000,0,COMPLETED_WALLTIME_REACHED,772551.000000,4475.000000,777026.000000,0.000000,4475.000000,1.000000,95,-1.000000,""
814,w0,27,777002.000000,4,27.000000,0,COMPLETED_WALLTIME_REACHED,777002.000000,27.000000,777029.000000,0.000000,27.000000,1.000000,4-7,-1.000000,""
749,w0,4706,772556.000000,1,4706.000000,0,COMPLETED_WALLTIME_REACHED,772556.000000,4706.000000,777262.000000,0.000000,4706.000000,1.000000,101,-1.000000,""
817,w0,11,777464.000000,1,11.000000,0,COMPLETED_WALLTIME_REACHED,777464.000000,11.000000,777475.000000,0.000000,11.000000,1.000000,101,-1.000000,""
818,w0,12,777549.000000,1,12.000000,0,COMPLETED_WALLTIME_REACHED,777549.000000,12.000000,777561.000000,0.000000,12.000000,1.000000,101,-1.000000,""
819,w0,27,777550.000000,8,27.000000,0,COMPLETED_WALLTIME_REACHED,777550.000000,27.000000,777577.000000,0.000000,27.000000,1.000000,155-162,-1.000000,""
816,w0,876,777109.000000,1,876.000000,0,COMPLETED_WALLTIME_REACHED,777109.000000,876.000000,777985.000000,0.000000,876.000000,1.000000,154,-1.000000,""
744,w0,5574,772552.000000,1,5574.000000,0,COMPLETED_WALLTIME_REACHED,772552.000000,5574.000000,778126.000000,0.000000,5574.000000,1.000000,96,-1.000000,""
745,w0,6099,772553.000000,1,6099.000000,0,COMPLETED_WALLTIME_REACHED,772553.000000,6099.000000,778652.000000,0.000000,6099.000000,1.000000,97,-1.000000,""
820,w0,23,778932.000000,1,23.000000,0,COMPLETED_WALLTIME_REACHED,778932.000000,23.000000,778955.000000,0.000000,23.000000,1.000000,96,-1.000000,""
750,w0,6413,772556.000000,1,6413.000000,0,COMPLETED_WALLTIME_REACHED,772556.000000,6413.000000,778969.000000,0.000000,6413.000000,1.000000,102,-1.000000,""
815,w0,1968,777037.000000,96,1968.000000,0,COMPLETED_WALLTIME_REACHED,777037.000000,1968.000000,779005.000000,0.000000,1968.000000,1.000000,3-19 68-95 103-153,-1.000000,""
746,w0,6466,772553.000000,1,6466.000000,0,COMPLETED_WALLTIME_REACHED,772553.000000,6466.000000,779019.000000,0.000000,6466.000000,1.000000,98,-1.000000,""
821,w0,132,779081.000000,5,132.000000,0,COMPLETED_WALLTIME_REACHED,779081.000000,132.000000,779213.000000,0.000000,132.000000,1.000000,3-7,-1.000000,""
822,w0,140,779081.000000,5,140.000000,0,COMPLETED_WALLTIME_REACHED,779081.000000,140.000000,779221.000000,0.000000,140.000000,1.000000,8-12,-1.000000,""
823,w0,140,779081.000000,5,140.000000,0,COMPLETED_WALLTIME_REACHED,779081.000000,140.000000,779221.000000,0.000000,140.000000,1.000000,13-17,-1.000000,""
824,w0,188,779081.000000,5,188.000000,0,COMPLETED_WALLTIME_REACHED,779081.000000,188.000000,779269.000000,0.000000,188.000000,1.000000,18-19 68-70,-1.000000,""
747,w0,6873,772554.000000,1,6873.000000,0,COMPLETED_WALLTIME_REACHED,772554.000000,6873.000000,779427.000000,0.000000,6873.000000,1.000000,99,-1.000000,""
748,w0,7070,772555.000000,1,7070.000000,0,COMPLETED_WALLTIME_REACHED,772555.000000,7070.000000,779625.000000,0.000000,7070.000000,1.000000,100,-1.000000,""
826,w0,33,780437.000000,2,33.000000,0,COMPLETED_WALLTIME_REACHED,780437.000000,33.000000,780470.000000,0.000000,33.000000,1.000000,4-5,-1.000000,""
827,w0,35,780551.000000,2,35.000000,0,COMPLETED_WALLTIME_REACHED,780551.000000,35.000000,780586.000000,0.000000,35.000000,1.000000,4-5,-1.000000,""
828,w0,19,781440.000000,1,19.000000,0,COMPLETED_WALLTIME_REACHED,781440.000000,19.000000,781459.000000,0.000000,19.000000,1.000000,4,-1.000000,""
829,w0,17,781463.000000,1,17.000000,0,COMPLETED_WALLTIME_REACHED,781463.000000,17.000000,781480.000000,0.000000,17.000000,1.000000,4,-1.000000,""
830,w0,33,781597.000000,2,33.000000,0,COMPLETED_WALLTIME_REACHED,781597.000000,33.000000,781630.000000,0.000000,33.000000,1.000000,4-5,-1.000000,""
831,w0,27,781926.000000,8,27.000000,0,COMPLETED_WALLTIME_REACHED,781926.000000,27.000000,781953.000000,0.000000,27.000000,1.000000,4-11,-1.000000,""
832,w0,360,781940.000000,2,360.000000,0,COMPLETED_WALLTIME_REACHED,781940.000000,360.000000,782300.000000,0.000000,360.000000,1.000000,12-13,-1.000000,""
833,w0,28,782468.000000,2,28.000000,0,COMPLETED_WALLTIME_REACHED,782468.000000,28.000000,782496.000000,0.000000,28.000000,1.000000,4-5,-1.000000,""
825,w0,3153,779375.000000,1,3153.000000,0,COMPLETED_WALLTIME_REACHED,779375.000000,3153.000000,782528.000000,0.000000,3153.000000,1.000000,3,-1.000000,""
834,w0,33,782496.000000,2,33.000000,0,COMPLETED_WALLTIME_REACHED,782496.000000,33.000000,782529.000000,0.000000,33.000000,1.000000,6-7,-1.000000,""
835,w0,27,782699.000000,1,27.000000,0,COMPLETED_WALLTIME_REACHED,782699.000000,27.000000,782726.000000,0.000000,27.000000,1.000000,3,-1.000000,""
836,w0,37,782915.000000,1,37.000000,0,COMPLETED_WALLTIME_REACHED,782915.000000,37.000000,782952.000000,0.000000,37.000000,1.000000,3,-1.000000,""
837,w0,58,783026.000000,1,58.000000,0,COMPLETED_WALLTIME_REACHED,783026.000000,58.000000,783084.000000,0.000000,58.000000,1.000000,3,-1.000000,""
839,w0,27,783470.000000,8,27.000000,0,COMPLETED_WALLTIME_REACHED,783470.000000,27.000000,783497.000000,0.000000,27.000000,1.000000,4-11,-1.000000,""
840,w0,28,783555.000000,8,28.000000,0,COMPLETED_WALLTIME_REACHED,783555.000000,28.000000,783583.000000,0.000000,28.000000,1.000000,4-11,-1.000000,""
842,w0,113,783675.000000,8,113.000000,0,COMPLETED_WALLTIME_REACHED,783675.000000,113.000000,783788.000000,0.000000,113.000000,1.000000,5-12,-1.000000,""
841,w0,405,783621.000000,1,405.000000,0,COMPLETED_WALLTIME_REACHED,783621.000000,405.000000,784026.000000,0.000000,405.000000,1.000000,4,-1.000000,""
844,w0,173,784143.000000,16,173.000000,0,COMPLETED_WALLTIME_REACHED,784143.000000,173.000000,784316.000000,0.000000,173.000000,1.000000,12-19 68-75,-1.000000,""
764,w0,9864,774709.000000,2,9864.000000,0,COMPLETED_WALLTIME_REACHED,774709.000000,9864.000000,784573.000000,0.000000,9864.000000,1.000000,1-2,-1.000000,""
848,w0,38,784756.000000,1,38.000000,0,COMPLETED_WALLTIME_REACHED,784756.000000,38.000000,784794.000000,0.000000,38.000000,1.000000,17,-1.000000,""
849,w0,36,784849.000000,1,36.000000,0,COMPLETED_WALLTIME_REACHED,784849.000000,36.000000,784885.000000,0.000000,36.000000,1.000000,17,-1.000000,""
846,w0,400,784569.000000,1,400.000000,0,COMPLETED_WALLTIME_REACHED,784569.000000,400.000000,784969.000000,0.000000,400.000000,1.000000,16,-1.000000,""
851,w0,28,785096.000000,8,28.000000,0,COMPLETED_WALLTIME_REACHED,785096.000000,28.000000,785124.000000,0.000000,28.000000,1.000000,17-19 68-72,-1.000000,""
850,w0,58,785094.000000,1,58.000000,0,COMPLETED_WALLTIME_REACHED,785094.000000,58.000000,785152.000000,0.000000,58.000000,1.000000,16,-1.000000,""
853,w0,101,785459.000000,64,101.000000,0,COMPLETED_WALLTIME_REACHED,785459.000000,101.000000,785560.000000,0.000000,101.000000,1.000000,17-19 68-128,-1.000000,""
852,w0,399,785339.000000,1,399.000000,0,COMPLETED_WALLTIME_REACHED,785339.000000,399.000000,785738.000000,0.000000,399.000000,1.000000,16,-1.000000,""
854,w0,57,785984.000000,1,57.000000,0,COMPLETED_WALLTIME_REACHED,785984.000000,57.000000,786041.000000,0.000000,57.000000,1.000000,16,-1.000000,""
857,w0,57,786803.000000,1,57.000000,0,COMPLETED_WALLTIME_REACHED,786803.000000,57.000000,786860.000000,0.000000,57.000000,1.000000,129,-1.000000,""
856,w0,393,786701.000000,1,393.000000,0,COMPLETED_WALLTIME_REACHED,786701.000000,393.000000,787094.000000,0.000000,393.000000,1.000000,128,-1.000000,""
858,w0,64,787272.000000,4,64.000000,0,COMPLETED_WALLTIME_REACHED,787272.000000,64.000000,787336.000000,0.000000,64.000000,1.000000,128-131,-1.000000,""
859,w0,392,787890.000000,1,392.000000,0,COMPLETED_WALLTIME_REACHED,787890.000000,392.000000,788282.000000,0.000000,392.000000,1.000000,128,-1.000000,""
861,w0,29,788603.000000,4,29.000000,0,COMPLETED_WALLTIME_REACHED,788603.000000,29.000000,788632.000000,0.000000,29.000000,1.000000,136-139,-1.000000,""
760,w0,15208,773891.000000,1,15208.000000,0,COMPLETED_WALLTIME_REACHED,773891.000000,15208.000000,789099.000000,0.000000,15208.000000,1.000000,0,-1.000000,""
863,w0,27,789302.000000,8,27.000000,0,COMPLETED_WALLTIME_REACHED,789302.000000,27.000000,789329.000000,0.000000,27.000000,1.000000,136-143,-1.000000,""
862,w0,170,789162.000000,1,170.000000,0,COMPLETED_WALLTIME_REACHED,789162.000000,170.000000,789332.000000,0.000000,170.000000,1.000000,0,-1.000000,""
864,w0,43,789709.000000,8,43.000000,0,COMPLETED_WALLTIME_REACHED,789709.000000,43.000000,789752.000000,0.000000,43.000000,1.000000,0 136-142,-1.000000,""
865,w0,18,789873.000000,1,18.000000,0,COMPLETED_WALLTIME_REACHED,789873.000000,18.000000,789891.000000,0.000000,18.000000,1.000000,0,-1.000000,""
866,w0,41,790255.000000,8,41.000000,0,COMPLETED_WALLTIME_REACHED,790255.000000,41.000000,790296.000000,0.000000,41.000000,1.000000,0 136-142,-1.000000,""
709,w0,18204,772149.000000,8,18204.000000,0,COMPLETED_WALLTIME_REACHED,772149.000000,18204.000000,790353.000000,0.000000,18204.000000,1.000000,20-27,-1.000000,""
711,w0,18205,772151.000000,8,18205.000000,0,COMPLETED_WALLTIME_REACHED,772151.000000,18205.000000,790356.000000,0.000000,18205.000000,1.000000,36-43,-1.000000,""
712,w0,18234,772151.000000,8,18234.000000,0,COMPLETED_WALLTIME_REACHED,772151.000000,18234.000000,790385.000000,0.000000,18234.000000,1.000000,44-51,-1.000000,""
710,w0,18273,772150.000000,8,18273.000000,0,COMPLETED_WALLTIME_REACHED,772150.000000,18273.000000,790423.000000,0.000000,18273.000000,1.000000,28-35,-1.000000,""
713,w0,18324,772152.000000,8,18324.000000,0,COMPLETED_WALLTIME_REACHED,772152.000000,18324.000000,790476.000000,0.000000,18324.000000,1.000000,52-59,-1.000000,""
867,w0,169,790341.000000,1,169.000000,0,COMPLETED_WALLTIME_REACHED,790341.000000,169.000000,790510.000000,0.000000,169.000000,1.000000,0,-1.000000,""
714,w0,18422,772153.000000,8,18422.000000,0,COMPLETED_WALLTIME_REACHED,772153.000000,18422.000000,790575.000000,0.000000,18422.000000,1.000000,60-67,-1.000000,""
869,w0,42,790678.000000,8,42.000000,0,COMPLETED_WALLTIME_REACHED,790678.000000,42.000000,790720.000000,0.000000,42.000000,1.000000,20-27,-1.000000,""
877,w0,111,790860.000000,1,111.000000,0,COMPLETED_WALLTIME_REACHED,790860.000000,111.000000,790971.000000,0.000000,111.000000,1.000000,153,-1.000000,""
878,w0,87,790885.000000,2,87.000000,0,COMPLETED_WALLTIME_REACHED,790885.000000,87.000000,790972.000000,0.000000,87.000000,1.000000,154-155,-1.000000,""
868,w0,329,790660.000000,1,329.000000,0,COMPLETED_WALLTIME_REACHED,790660.000000,329.000000,790989.000000,0.000000,329.000000,1.000000,0,-1.000000,""
875,w0,184,790832.000000,1,184.000000,0,COMPLETED_WALLTIME_REACHED,790832.000000,184.000000,791016.000000,0.000000,184.000000,1.000000,152,-1.000000,""
880,w0,66,791021.000000,8,66.000000,0,COMPLETED_WALLTIME_REACHED,791021.000000,66.000000,791087.000000,0.000000,66.000000,1.000000,155-162,-1.000000,""
879,w0,74,791017.000000,4,74.000000,0,COMPLETED_WALLTIME_REACHED,791017.000000,74.000000,791091.000000,0.000000,74.000000,1.000000,0 152-154,-1.000000,""
870,w0,363,790792.000000,64,363.000000,0,COMPLETED_WALLTIME_REACHED,790792.000000,363.000000,791155.000000,0.000000,363.000000,1.000000,20-67 136-151,-1.000000,""
845,w0,6778,784483.000000,4,6778.000000,0,COMPLETED_WALLTIME_REACHED,784483.000000,6778.000000,791261.000000,0.000000,6778.000000,1.000000,12-15,-1.000000,""
871,w0,282,790797.000000,64,282.000000,0,COMPLETED_WALLTIME_REACHED,791155.000000,282.000000,791437.000000,358.000000,640.000000,2.269504,0 20-67 136-150,-1.000000,""
872,w0,281,790808.000000,64,281.000000,0,COMPLETED_WALLTIME_REACHED,791437.000000,281.000000,791718.000000,629.000000,910.000000,3.238434,0 12-15 20-67 136-146,-1.000000,""
873,w0,273,790813.000000,64,273.000000,0,COMPLETED_WALLTIME_REACHED,791718.000000,273.000000,791991.000000,905.000000,1178.000000,4.315018,0 12-15 20-67 136-146,-1.000000,""
881,w0,37,791965.000000,8,37.000000,0,COMPLETED_WALLTIME_REACHED,791965.000000,37.000000,792002.000000,0.000000,37.000000,1.000000,147-154,-1.000000,""
882,w0,32,791970.000000,8,32.000000,0,COMPLETED_WALLTIME_REACHED,791970.000000,32.000000,792002.000000,0.000000,32.000000,1.000000,155-162,-1.000000,""
874,w0,278,790823.000000,64,278.000000,0,COMPLETED_WALLTIME_REACHED,791991.000000,278.000000,792269.000000,1168.000000,1446.000000,5.201439,0 12-15 20-67 136-146,-1.000000,""
876,w0,281,790832.000000,64,281.000000,0,COMPLETED_WALLTIME_REACHED,792269.000000,281.000000,792550.000000,1437.000000,1718.000000,6.113879,0 12-15 20-67 136-146,-1.000000,""
883,w0,36,792524.000000,8,36.000000,0,COMPLETED_WALLTIME_REACHED,792524.000000,36.000000,792560.000000,0.000000,36.000000,1.000000,147-154,-1.000000,""
884,w0,18,792574.000000,1,18.000000,0,COMPLETED_WALLTIME_REACHED,792574.000000,18.000000,792592.000000,0.000000,18.000000,1.000000,0,-1.000000,""
885,w0,17,793740.000000,1,17.000000,0,COMPLETED_WALLTIME_REACHED,793740.000000,17.000000,793757.000000,0.000000,17.000000,1.000000,0,-1.000000,""
886,w0,42,793990.000000,8,42.000000,0,COMPLETED_WALLTIME_REACHED,793990.000000,42.000000,794032.000000,0.000000,42.000000,1.000000,0 12-15 20-22,-1.000000,""
838,w0,11340,783173.000000,1,11340.000000,0,COMPLETED_WALLTIME_REACHED,783173.000000,11340.000000,794513.000000,0.000000,11340.000000,1.000000,3,-1.000000,""
887,w0,38,794493.000000,8,38.000000,0,COMPLETED_WALLTIME_REACHED,794493.000000,38.000000,794531.000000,0.000000,38.000000,1.000000,0 12-15 20-22,-1.000000,""
888,w0,17,795384.000000,1,17.000000,0,COMPLETED_WALLTIME_REACHED,795384.000000,17.000000,795401.000000,0.000000,17.000000,1.000000,0,-1.000000,""
889,w0,21,796487.000000,1,21.000000,0,COMPLETED_WALLTIME_REACHED,796487.000000,21.000000,796508.000000,0.000000,21.000000,1.000000,0,-1.000000,""
890,w0,21,796524.000000,1,21.000000,0,COMPLETED_WALLTIME_REACHED,796524.000000,21.000000,796545.000000,0.000000,21.000000,1.000000,0,-1.000000,""
892,w0,56,796664.000000,1,56.000000,0,COMPLETED_WALLTIME_REACHED,796664.000000,56.000000,796720.000000,0.000000,56.000000,1.000000,3,-1.000000,""
895,w0,21,798183.000000,8,21.000000,0,COMPLETED_WALLTIME_REACHED,798183.000000,21.000000,798204.000000,0.000000,21.000000,1.000000,14-15 20-25,-1.000000,""
896,w0,21,798184.000000,8,21.000000,0,COMPLETED_WALLTIME_REACHED,798184.000000,21.000000,798205.000000,0.000000,21.000000,1.000000,26-33,-1.000000,""
897,w0,21,798184.000000,8,21.000000,0,COMPLETED_WALLTIME_REACHED,798184.000000,21.000000,798205.000000,0.000000,21.000000,1.000000,34-41,-1.000000,""
898,w0,22,798185.000000,8,22.000000,0,COMPLETED_WALLTIME_REACHED,798185.000000,22.000000,798207.000000,0.000000,22.000000,1.000000,42-49,-1.000000,""
899,w0,22,798185.000000,8,22.000000,0,COMPLETED_WALLTIME_REACHED,798185.000000,22.000000,798207.000000,0.000000,22.000000,1.000000,50-57,-1.000000,""
900,w0,21,798186.000000,8,21.000000,0,COMPLETED_WALLTIME_REACHED,798186.000000,21.000000,798207.000000,0.000000,21.000000,1.000000,58-65,-1.000000,""
901,w0,21,798187.000000,8,21.000000,0,COMPLETED_WALLTIME_REACHED,798187.000000,21.000000,798208.000000,0.000000,21.000000,1.000000,66-67 136-141,-1.000000,""
902,w0,21,798187.000000,8,21.000000,0,COMPLETED_WALLTIME_REACHED,798187.000000,21.000000,798208.000000,0.000000,21.000000,1.000000,142-149,-1.000000,""
903,w0,21,798188.000000,8,21.000000,0,COMPLETED_WALLTIME_REACHED,798188.000000,21.000000,798209.000000,0.000000,21.000000,1.000000,150-157,-1.000000,""
904,w0,22,798188.000000,8,22.000000,0,COMPLETED_WALLTIME_REACHED,798188.000000,22.000000,798210.000000,0.000000,22.000000,1.000000,158-165,-1.000000,""
905,w0,21,798189.000000,8,21.000000,0,COMPLETED_WALLTIME_REACHED,798204.000000,21.000000,798225.000000,15.000000,36.000000,1.714286,14-15 20-25,-1.000000,""
906,w0,21,798190.000000,8,21.000000,0,COMPLETED_WALLTIME_REACHED,798205.000000,21.000000,798226.000000,15.000000,36.000000,1.714286,26-33,-1.000000,""
907,w0,21,798190.000000,8,21.000000,0,COMPLETED_WALLTIME_REACHED,798205.000000,21.000000,798226.000000,15.000000,36.000000,1.714286,34-41,-1.000000,""
908,w0,21,798191.000000,8,21.000000,0,COMPLETED_WALLTIME_REACHED,798207.000000,21.000000,798228.000000,16.000000,37.000000,1.761905,42-49,-1.000000,""
909,w0,22,798192.000000,8,22.000000,0,COMPLETED_WALLTIME_REACHED,798207.000000,22.000000,798229.000000,15.000000,37.000000,1.681818,50-57,-1.000000,""
910,w0,22,798192.000000,8,22.000000,0,COMPLETED_WALLTIME_REACHED,798207.000000,22.000000,798229.000000,15.000000,37.000000,1.681818,58-65,-1.000000,""
911,w0,22,798193.000000,8,22.000000,0,COMPLETED_WALLTIME_REACHED,798208.000000,22.000000,798230.000000,15.000000,37.000000,1.681818,66-67 136-141,-1.000000,""
912,w0,22,798193.000000,8,22.000000,0,COMPLETED_WALLTIME_REACHED,798208.000000,22.000000,798230.000000,15.000000,37.000000,1.681818,142-149,-1.000000,""
913,w0,21,798194.000000,8,21.000000,0,COMPLETED_WALLTIME_REACHED,798209.000000,21.000000,798230.000000,15.000000,36.000000,1.714286,150-157,-1.000000,""
914,w0,21,798195.000000,8,21.000000,0,COMPLETED_WALLTIME_REACHED,798210.000000,21.000000,798231.000000,15.000000,36.000000,1.714286,158-165,-1.000000,""
915,w0,22,798195.000000,8,22.000000,0,COMPLETED_WALLTIME_REACHED,798225.000000,22.000000,798247.000000,30.000000,52.000000,2.363636,14-15 20-25,-1.000000,""
917,w0,21,798197.000000,8,21.000000,0,COMPLETED_WALLTIME_REACHED,798226.000000,21.000000,798247.000000,29.000000,50.000000,2.380952,34-41,-1.000000,""
916,w0,22,798196.000000,8,22.000000,0,COMPLETED_WALLTIME_REACHED,798226.000000,22.000000,798248.000000,30.000000,52.000000,2.363636,26-33,-1.000000,""
918,w0,21,798197.000000,8,21.000000,0,COMPLETED_WALLTIME_REACHED,798228.000000,21.000000,798249.000000,31.000000,52.000000,2.476190,42-49,-1.000000,""
919,w0,21,798198.000000,8,21.000000,0,COMPLETED_WALLTIME_REACHED,798229.000000,21.000000,798250.000000,31.000000,52.000000,2.476190,50-57,-1.000000,""
920,w0,21,798199.000000,8,21.000000,0,COMPLETED_WALLTIME_REACHED,798229.000000,21.000000,798250.000000,30.000000,51.000000,2.428571,58-65,-1.000000,""
921,w0,21,798199.000000,8,21.000000,0,COMPLETED_WALLTIME_REACHED,798230.000000,21.000000,798251.000000,31.000000,52.000000,2.476190,66-67 136-141,-1.000000,""
922,w0,22,798200.000000,8,22.000000,0,COMPLETED_WALLTIME_REACHED,798230.000000,22.000000,798252.000000,30.000000,52.000000,2.363636,142-149,-1.000000,""
923,w0,22,798200.000000,8,22.000000,0,COMPLETED_WALLTIME_REACHED,798230.000000,22.000000,798252.000000,30.000000,52.000000,2.363636,150-157,-1.000000,""
924,w0,23,798201.000000,8,23.000000,0,COMPLETED_WALLTIME_REACHED,798231.000000,23.000000,798254.000000,30.000000,53.000000,2.304348,158-165,-1.000000,""
925,w0,22,798202.000000,8,22.000000,0,COMPLETED_WALLTIME_REACHED,798247.000000,22.000000,798269.000000,45.000000,67.000000,3.045455,14-15 20-25,-1.000000,""
926,w0,22,798202.000000,8,22.000000,0,COMPLETED_WALLTIME_REACHED,798247.000000,22.000000,798269.000000,45.000000,67.000000,3.045455,34-41,-1.000000,""
927,w0,21,798203.000000,8,21.000000,0,COMPLETED_WALLTIME_REACHED,798248.000000,21.000000,798269.000000,45.000000,66.000000,3.142857,26-33,-1.000000,""
928,w0,21,798204.000000,8,21.000000,0,COMPLETED_WALLTIME_REACHED,798249.000000,21.000000,798270.000000,45.000000,66.000000,3.142857,42-49,-1.000000,""
929,w0,22,798204.000000,8,22.000000,0,COMPLETED_WALLTIME_REACHED,798250.000000,22.000000,798272.000000,46.000000,68.000000,3.090909,50-57,-1.000000,""
930,w0,22,798205.000000,8,22.000000,0,COMPLETED_WALLTIME_REACHED,798250.000000,22.000000,798272.000000,45.000000,67.000000,3.045455,58-65,-1.000000,""
931,w0,21,798205.000000,8,21.000000,0,COMPLETED_WALLTIME_REACHED,798251.000000,21.000000,798272.000000,46.000000,67.000000,3.190476,66-67 136-141,-1.000000,""
932,w0,21,798206.000000,8,21.000000,0,COMPLETED_WALLTIME_REACHED,798252.000000,21.000000,798273.000000,46.000000,67.000000,3.190476,142-149,-1.000000,""
933,w0,22,798207.000000,8,22.000000,0,COMPLETED_WALLTIME_REACHED,798252.000000,22.000000,798274.000000,45.000000,67.000000,3.045455,150-157,-1.000000,""
934,w0,22,798207.000000,8,22.000000,0,COMPLETED_WALLTIME_REACHED,798254.000000,22.000000,798276.000000,47.000000,69.000000,3.136364,158-165,-1.000000,""
936,w0,21,798209.000000,8,21.000000,0,COMPLETED_WALLTIME_REACHED,798269.000000,21.000000,798290.000000,60.000000,81.000000,3.857143,34-41,-1.000000,""
935,w0,22,798208.000000,8,22.000000,0,COMPLETED_WALLTIME_REACHED,798269.000000,22.000000,798291.000000,61.000000,83.000000,3.772727,14-15 20-25,-1.000000,""
937,w0,22,798209.000000,8,22.000000,0,COMPLETED_WALLTIME_REACHED,798269.000000,22.000000,798291.000000,60.000000,82.000000,3.727273,26-33,-1.000000,""
938,w0,22,798769.000000,8,22.000000,0,COMPLETED_WALLTIME_REACHED,798769.000000,22.000000,798791.000000,0.000000,22.000000,1.000000,14-15 20-25,-1.000000,""
939,w0,12,798816.000000,1,12.000000,0,COMPLETED_WALLTIME_REACHED,798816.000000,12.000000,798828.000000,0.000000,12.000000,1.000000,14,-1.000000,""
940,w0,17,799044.000000,1,17.000000,0,COMPLETED_WALLTIME_REACHED,799044.000000,17.000000,799061.000000,0.000000,17.000000,1.000000,14,-1.000000,""
843,w0,15250,784084.000000,8,15250.000000,0,COMPLETED_WALLTIME_REACHED,784084.000000,15250.000000,799334.000000,0.000000,15250.000000,1.000000,4-11,-1.000000,""
891,w0,2818,796592.000000,1,2818.000000,0,COMPLETED_WALLTIME_REACHED,796592.000000,2818.000000,799410.000000,0.000000,2818.000000,1.000000,0,-1.000000,""
941,w0,41,799686.000000,4,41.000000,0,COMPLETED_WALLTIME_REACHED,799686.000000,41.000000,799727.000000,0.000000,41.000000,1.000000,0 4-6,-1.000000,""
855,w0,14012,786072.000000,64,14012.000000,0,COMPLETED_WALLTIME_REACHED,786072.000000,14012.000000,800084.000000,0.000000,14012.000000,1.000000,16-19 68-127,-1.000000,""
942,w0,90,800459.000000,8,90.000000,0,COMPLETED_WALLTIME_REACHED,800459.000000,90.000000,800549.000000,0.000000,90.000000,1.000000,0 4-10,-1.000000,""
943,w0,17,800551.000000,1,17.000000,0,COMPLETED_WALLTIME_REACHED,800551.000000,17.000000,800568.000000,0.000000,17.000000,1.000000,0,-1.000000,""
944,w0,41,800612.000000,4,41.000000,0,COMPLETED_WALLTIME_REACHED,800612.000000,41.000000,800653.000000,0.000000,41.000000,1.000000,0 4-6,-1.000000,""
946,w0,18,800752.000000,1,18.000000,0,COMPLETED_WALLTIME_REACHED,800752.000000,18.000000,800770.000000,0.000000,18.000000,1.000000,4,-1.000000,""
947,w0,18,800879.000000,1,18.000000,0,COMPLETED_WALLTIME_REACHED,800879.000000,18.000000,800897.000000,0.000000,18.000000,1.000000,4,-1.000000,""
948,w0,17,801098.000000,1,17.000000,0,COMPLETED_WALLTIME_REACHED,801098.000000,17.000000,801115.000000,0.000000,17.000000,1.000000,4,-1.000000,""
949,w0,39,801233.000000,4,39.000000,0,COMPLETED_WALLTIME_REACHED,801233.000000,39.000000,801272.000000,0.000000,39.000000,1.000000,4-7,-1.000000,""
950,w0,17,801608.000000,1,17.000000,0,COMPLETED_WALLTIME_REACHED,801608.000000,17.000000,801625.000000,0.000000,17.000000,1.000000,4,-1.000000,""
951,w0,39,801675.000000,4,39.000000,0,COMPLETED_WALLTIME_REACHED,801675.000000,39.000000,801714.000000,0.000000,39.000000,1.000000,4-7,-1.000000,""
952,w0,18,802549.000000,1,18.000000,0,COMPLETED_WALLTIME_REACHED,802549.000000,18.000000,802567.000000,0.000000,18.000000,1.000000,4,-1.000000,""
953,w0,41,802605.000000,4,41.000000,0,COMPLETED_WALLTIME_REACHED,802605.000000,41.000000,802646.000000,0.000000,41.000000,1.000000,4-7,-1.000000,""
954,w0,43,803003.000000,4,43.000000,0,COMPLETED_WALLTIME_REACHED,803003.000000,43.000000,803046.000000,0.000000,43.000000,1.000000,4-7,-1.000000,""
955,w0,50,803682.000000,4,50.000000,0,COMPLETED_WALLTIME_REACHED,803682.000000,50.000000,803732.000000,0.000000,50.000000,1.000000,4-7,-1.000000,""
860,w0,16160,788567.000000,8,16160.000000,0,COMPLETED_WALLTIME_REACHED,788567.000000,16160.000000,804727.000000,0.000000,16160.000000,1.000000,128-135,-1.000000,""
956,w0,590,806254.000000,4,590.000000,0,COMPLETED_WALLTIME_REACHED,806254.000000,590.000000,806844.000000,0.000000,590.000000,1.000000,4-7,-1.000000,""
957,w0,487,806859.000000,4,487.000000,0,COMPLETED_WALLTIME_REACHED,806859.000000,487.000000,807346.000000,0.000000,487.000000,1.000000,4-7,-1.000000,""
958,w0,41,807776.000000,4,41.000000,0,COMPLETED_WALLTIME_REACHED,807776.000000,41.000000,807817.000000,0.000000,41.000000,1.000000,4-7,-1.000000,""
959,w0,308,808197.000000,4,308.000000,0,COMPLETED_WALLTIME_REACHED,808197.000000,308.000000,808505.000000,0.000000,308.000000,1.000000,4-7,-1.000000,""
960,w0,249,808514.000000,4,249.000000,0,COMPLETED_WALLTIME_REACHED,808514.000000,249.000000,808763.000000,0.000000,249.000000,1.000000,4-7,-1.000000,""
961,w0,54,808749.000000,4,54.000000,0,COMPLETED_WALLTIME_REACHED,808749.000000,54.000000,808803.000000,0.000000,54.000000,1.000000,8-11,-1.000000,""
945,w0,8132,800735.000000,1,8132.000000,0,COMPLETED_WALLTIME_REACHED,800735.000000,8132.000000,808867.000000,0.000000,8132.000000,1.000000,0,-1.000000,""
962,w0,40,808895.000000,4,40.000000,0,COMPLETED_WALLTIME_REACHED,808895.000000,40.000000,808935.000000,0.000000,40.000000,1.000000,0 4-6,-1.000000,""
963,w0,41,809112.000000,4,41.000000,0,COMPLETED_WALLTIME_REACHED,809112.000000,41.000000,809153.000000,0.000000,41.000000,1.000000,0 4-6,-1.000000,""
964,w0,42,809330.000000,4,42.000000,0,COMPLETED_WALLTIME_REACHED,809330.000000,42.000000,809372.000000,0.000000,42.000000,1.000000,0 4-6,-1.000000,""
965,w0,42,809957.000000,4,42.000000,0,COMPLETED_WALLTIME_REACHED,809957.000000,42.000000,809999.000000,0.000000,42.000000,1.000000,0 4-6,-1.000000,""
966,w0,42,810190.000000,4,42.000000,0,COMPLETED_WALLTIME_REACHED,810190.000000,42.000000,810232.000000,0.000000,42.000000,1.000000,0 4-6,-1.000000,""
967,w0,1468,810311.000000,1,1468.000000,0,COMPLETED_WALLTIME_REACHED,810311.000000,1468.000000,811779.000000,0.000000,1468.000000,1.000000,0,-1.000000,""
969,w0,1195,810610.000000,8,1195.000000,0,COMPLETED_WALLTIME_REACHED,810610.000000,1195.000000,811805.000000,0.000000,1195.000000,1.000000,14-21,-1.000000,""
971,w0,40,812968.000000,2,40.000000,0,COMPLETED_WALLTIME_REACHED,812968.000000,40.000000,813008.000000,0.000000,40.000000,1.000000,0 14,-1.000000,""
968,w0,2681,810579.000000,8,2681.000000,0,COMPLETED_WALLTIME_REACHED,810579.000000,2681.000000,813260.000000,0.000000,2681.000000,1.000000,4-11,-1.000000,""
970,w0,4073,810639.000000,8,4073.000000,0,COMPLETED_WALLTIME_REACHED,810639.000000,4073.000000,814712.000000,0.000000,4073.000000,1.000000,22-29,-1.000000,""
847,w0,31589,784641.000000,2,31589.000000,0,COMPLETED_WALLTIME_REACHED,784641.000000,31589.000000,816230.000000,0.000000,31589.000000,1.000000,1-2,-1.000000,""
893,w0,27913,797399.000000,1,27913.000000,0,COMPLETED_WALLTIME_REACHED,797399.000000,27913.000000,825312.000000,0.000000,27913.000000,1.000000,3,-1.000000,""
894,w0,38807,797661.000000,2,38807.000000,0,COMPLETED_WALLTIME_REACHED,797661.000000,38807.000000,836468.000000,0.000000,38807.000000,1.000000,12-13,-1.000000,""
