job_id,workload_name,profile,submission_time,requested_number_of_resources,requested_time,success,final_state,starting_time,execution_time,finish_time,waiting_time,turnaround_time,stretch,allocated_resources,consumed_energy,metadata
0,w0,34,0.000000,112,900.000000,1,COMPLETED_SUCCESSFULLY,0.000000,34.000000,34.000000,0.000000,34.000000,1.000000,0-111,-1.000000,""
2,w0,18,21083.000000,1,14400.000000,1,COMPLETED_SUCCESSFULLY,21083.000000,18.000000,21101.000000,0.000000,18.000000,1.000000,4,-1.000000,""
3,w0,532,23042.000000,128,3600.000000,1,COMPLETED_SUCCESSFULLY,23042.000000,532.000000,23574.000000,0.000000,532.000000,1.000000,4-131,-1.000000,""
4,w0,179,24576.000000,160,20000.000000,1,COMPLETED_SUCCESSFULLY,24576.000000,179.000000,24755.000000,0.000000,179.000000,1.000000,4-163,-1.000000,""
5,w0,27,28374.000000,2,14400.000000,1,COMPLETED_SUCCESSFULLY,28374.000000,27.000000,28401.000000,0.000000,27.000000,1.000000,4-5,-1.000000,""
7,w0,51,35987.000000,8,64800.000000,1,COMPLETED_SUCCESSFULLY,35987.000000,51.000000,36038.000000,0.000000,51.000000,1.000000,4-11,-1.000000,""
1,w0,32080,13257.000000,4,36000.000000,1,COMPLETED_SUCCESSFULLY,13257.000000,32080.000000,45337.000000,0.000000,32080.000000,1.000000,0-3,-1.000000,""
6,w0,289,28405.000000,170,7200.000000,1,COMPLETED_SUCCESSFULLY,45337.000000,289.000000,45626.000000,16932.000000,17221.000000,59.588235,0-169,-1.000000,""
8,w0,344,49238.000000,64,64800.000000,1,COMPLETED_SUCCESSFULLY,49238.000000,344.000000,49582.000000,0.000000,344.000000,1.000000,0-63,-1.000000,""
9,w0,161,68862.000000,64,600.000000,1,COMPLETED_SUCCESSFULLY,68862.000000,161.000000,69023.000000,0.000000,161.000000,1.000000,0-63,-1.000000,""
10,w0,163,69431.000000,64,600.000000,1,COMPLETED_SUCCESSFULLY,69431.000000,163.000000,69594.000000,0.000000,163.000000,1.000000,0-63,-1.000000,""
11,w0,162,69446.000000,64,600.000000,1,COMPLETED_SUCCESSFULLY,69446.000000,162.000000,69608.000000,0.000000,162.000000,1.000000,64-127,-1.000000,""
12,w0,165,70035.000000,64,600.000000,1,COMPLETED_SUCCESSFULLY,70035.000000,165.000000,70200.000000,0.000000,165.000000,1.000000,0-63,-1.000000,""
13,w0,163,70041.000000,64,600.000000,1,COMPLETED_SUCCESSFULLY,70041.000000,163.000000,70204.000000,0.000000,163.000000,1.000000,64-127,-1.000000,""
14,w0,43,70524.000000,64,600.000000,1,COMPLETED_SUCCESSFULLY,70524.000000,43.000000,70567.000000,0.000000,43.000000,1.000000,0-63,-1.000000,""
15,w0,43,70528.000000,64,600.000000,1,COMPLETED_SUCCESSFULLY,70528.000000,43.000000,70571.000000,0.000000,43.000000,1.000000,64-127,-1.000000,""
16,w0,44,70532.000000,64,600.000000,1,COMPLETED_SUCCESSFULLY,70567.000000,44.000000,70611.000000,35.000000,79.000000,1.795455,0-63,-1.000000,""
17,w0,48,70537.000000,64,600.000000,1,COMPLETED_SUCCESSFULLY,70571.000000,48.000000,70619.000000,34.000000,82.000000,1.708333,64-127,-1.000000,""
18,w0,43,70550.000000,64,600.000000,1,COMPLETED_SUCCESSFULLY,70611.000000,43.000000,70654.000000,61.000000,104.000000,2.418605,0-63,-1.000000,""
19,w0,11,83366.000000,1,7200.000000,1,COMPLETED_SUCCESSFULLY,83366.000000,11.000000,83377.000000,0.000000,11.000000,1.000000,0,-1.000000,""
20,w0,17,83464.000000,1,7200.000000,1,COMPLETED_SUCCESSFULLY,83464.000000,17.000000,83481.000000,0.000000,17.000000,1.000000,0,-1.000000,""
21,w0,103,84854.000000,1,7200.000000,1,COMPLETED_SUCCESSFULLY,84854.000000,103.000000,84957.000000,0.000000,103.000000,1.000000,0,-1.000000,""
22,w0,21,85376.000000,1,14400.000000,1,COMPLETED_SUCCESSFULLY,85376.000000,21.000000,85397.000000,0.000000,21.000000,1.000000,0,-1.000000,""
23,w0,11,86405.000000,1,600.000000,1,COMPLETED_SUCCESSFULLY,86405.000000,11.000000,86416.000000,0.000000,11.000000,1.000000,0,-1.000000,""
24,w0,11,86492.000000,1,600.000000,1,COMPLETED_SUCCESSFULLY,86492.000000,11.000000,86503.000000,0.000000,11.000000,1.000000,0,-1.000000,""
25,w0,21,86622.000000,1,600.000000,1,COMPLETED_SUCCESSFULLY,86622.000000,21.000000,86643.000000,0.000000,21.000000,1.000000,0,-1.000000,""
26,w0,31,89609.000000,64,600.000000,1,COMPLETED_SUCCESSFULLY,89609.000000,31.000000,89640.000000,0.000000,31.000000,1.000000,0-63,-1.000000,""
27,w0,311,89813.000000,64,600.000000,1,COMPLETED_SUCCESSFULLY,89813.000000,311.000000,90124.000000,0.000000,311.000000,1.000000,0-63,-1.000000,""
28,w0,33,90545.000000,64,600.000000,1,COMPLETED_SUCCESSFULLY,90545.000000,33.000000,90578.000000,0.000000,33.000000,1.000000,0-63,-1.000000,""
29,w0,33,90833.000000,64,600.000000,1,COMPLETED_SUCCESSFULLY,90833.000000,33.000000,90866.000000,0.000000,33.000000,1.000000,0-63,-1.000000,""
31,w0,79,90948.000000,64,600.000000,1,COMPLETED_SUCCESSFULLY,90948.000000,79.000000,91027.000000,0.000000,79.000000,1.000000,64-127,-1.000000,""
30,w0,347,90946.000000,64,600.000000,1,COMPLETED_SUCCESSFULLY,90946.000000,347.000000,91293.000000,0.000000,347.000000,1.000000,0-63,-1.000000,""
32,w0,42,95944.000000,1,1200.000000,1,COMPLETED_SUCCESSFULLY,95944.000000,42.000000,95986.000000,0.000000,42.000000,1.000000,0,-1.000000,""
33,w0,21,97350.000000,1,1200.000000,1,COMPLETED_SUCCESSFULLY,97350.000000,21.000000,97371.000000,0.000000,21.000000,1.000000,0,-1.000000,""
34,w0,51,97567.000000,1,1200.000000,1,COMPLETED_SUCCESSFULLY,97567.000000,51.000000,97618.000000,0.000000,51.000000,1.000000,0,-1.000000,""
35,w0,42,98098.000000,1,1200.000000,1,COMPLETED_SUCCESSFULLY,98098.000000,42.000000,98140.000000,0.000000,42.000000,1.000000,0,-1.000000,""
36,w0,26,100037.000000,2,14400.000000,1,COMPLETED_SUCCESSFULLY,100037.000000,26.000000,100063.000000,0.000000,26.000000,1.000000,0-1,-1.000000,""
37,w0,26,100209.000000,2,14400.000000,1,COMPLETED_SUCCESSFULLY,100209.000000,26.000000,100235.000000,0.000000,26.000000,1.000000,0-1,-1.000000,""
38,w0,215,100523.000000,1,28800.000000,1,COMPLETED_SUCCESSFULLY,100523.000000,215.000000,100738.000000,0.000000,215.000000,1.000000,0,-1.000000,""
40,w0,11,101562.000000,1,28800.000000,1,COMPLETED_SUCCESSFULLY,101562.000000,11.000000,101573.000000,0.000000,11.000000,1.000000,12,-1.000000,""
39,w0,275,101460.000000,12,14400.000000,1,COMPLETED_SUCCESSFULLY,101460.000000,275.000000,101735.000000,0.000000,275.000000,1.000000,0-11,-1.000000,""
41,w0,12,103011.000000,1,28800.000000,1,COMPLETED_SUCCESSFULLY,103011.000000,12.000000,103023.000000,0.000000,12.000000,1.000000,0,-1.000000,""
42,w0,37,103770.000000,2,14400.000000,1,COMPLETED_SUCCESSFULLY,103770.000000,37.000000,103807.000000,0.000000,37.000000,1.000000,0-1,-1.000000,""
43,w0,27,111297.000000,2,14400.000000,1,COMPLETED_SUCCESSFULLY,111297.000000,27.000000,111324.000000,0.000000,27.000000,1.000000,0-1,-1.000000,""
44,w0,11,112088.000000,1,28800.000000,1,COMPLETED_SUCCESSFULLY,112088.000000,11.000000,112099.000000,0.000000,11.000000,1.000000,0,-1.000000,""
45,w0,320,114343.000000,4,39600.000000,1,COMPLETED_SUCCESSFULLY,114343.000000,320.000000,114663.000000,0.000000,320.000000,1.000000,0-3,-1.000000,""
46,w0,89,115057.000000,64,600.000000,1,COMPLETED_SUCCESSFULLY,115057.000000,89.000000,115146.000000,0.000000,89.000000,1.000000,0-63,-1.000000,""
47,w0,321,115248.000000,64,600.000000,1,COMPLETED_SUCCESSFULLY,115248.000000,321.000000,115569.000000,0.000000,321.000000,1.000000,0-63,-1.000000,""
48,w0,11,116691.000000,1,28800.000000,1,COMPLETED_SUCCESSFULLY,116691.000000,11.000000,116702.000000,0.000000,11.000000,1.000000,0,-1.000000,""
49,w0,11,117422.000000,1,28800.000000,1,COMPLETED_SUCCESSFULLY,117422.000000,11.000000,117433.000000,0.000000,11.000000,1.000000,0,-1.000000,""
50,w0,30,118937.000000,64,600.000000,1,COMPLETED_SUCCESSFULLY,118937.000000,30.000000,118967.000000,0.000000,30.000000,1.000000,0-63,-1.000000,""
51,w0,159,119703.000000,64,600.000000,1,COMPLETED_SUCCESSFULLY,119703.000000,159.000000,119862.000000,0.000000,159.000000,1.000000,0-63,-1.000000,""
52,w0,199,119707.000000,64,600.000000,1,COMPLETED_SUCCESSFULLY,119707.000000,199.000000,119906.000000,0.000000,199.000000,1.000000,64-127,-1.000000,""
53,w0,198,120217.000000,64,600.000000,1,COMPLETED_SUCCESSFULLY,120217.000000,198.000000,120415.000000,0.000000,198.000000,1.000000,0-63,-1.000000,""
57,w0,22,125770.000000,8,27000.000000,1,COMPLETED_SUCCESSFULLY,125770.000000,22.000000,125792.000000,0.000000,22.000000,1.000000,9-16,-1.000000,""
55,w0,6278,122094.000000,1,64800.000000,1,COMPLETED_SUCCESSFULLY,122094.000000,6278.000000,128372.000000,0.000000,6278.000000,1.000000,0,-1.000000,""
59,w0,3498,125969.000000,1,28800.000000,1,COMPLETED_SUCCESSFULLY,125969.000000,3498.000000,129467.000000,0.000000,3498.000000,1.000000,17,-1.000000,""
54,w0,9750,120379.000000,8,27000.000000,1,COMPLETED_SUCCESSFULLY,120379.000000,9750.000000,130129.000000,0.000000,9750.000000,1.000000,64-71,-1.000000,""
56,w0,8215,124792.000000,8,27000.000000,1,COMPLETED_SUCCESSFULLY,124792.000000,8215.000000,133007.000000,0.000000,8215.000000,1.000000,1-8,-1.000000,""
58,w0,7583,125842.000000,8,27000.000000,1,COMPLETED_SUCCESSFULLY,125842.000000,7583.000000,133425.000000,0.000000,7583.000000,1.000000,9-16,-1.000000,""
61,w0,239,152327.000000,64,600.000000,1,COMPLETED_SUCCESSFULLY,152327.000000,239.000000,152566.000000,0.000000,239.000000,1.000000,8-71,-1.000000,""
60,w0,8295,152150.000000,8,14400.000000,1,COMPLETED_SUCCESSFULLY,152150.000000,8295.000000,160445.000000,0.000000,8295.000000,1.000000,0-7,-1.000000,""
62,w0,151,162961.000000,1,600.000000,1,COMPLETED_SUCCESSFULLY,162961.000000,151.000000,163112.000000,0.000000,151.000000,1.000000,0,-1.000000,""
63,w0,374,165284.000000,64,600.000000,1,COMPLETED_SUCCESSFULLY,165284.000000,374.000000,165658.000000,0.000000,374.000000,1.000000,0-63,-1.000000,""
64,w0,383,165296.000000,64,600.000000,1,COMPLETED_SUCCESSFULLY,165296.000000,383.000000,165679.000000,0.000000,383.000000,1.000000,64-127,-1.000000,""
65,w0,402,165300.000000,64,600.000000,1,COMPLETED_SUCCESSFULLY,165658.000000,402.000000,166060.000000,358.000000,760.000000,1.890547,0-63,-1.000000,""
66,w0,357,165753.000000,64,600.000000,1,COMPLETED_SUCCESSFULLY,165753.000000,357.000000,166110.000000,0.000000,357.000000,1.000000,64-127,-1.000000,""
67,w0,357,165764.000000,64,600.000000,1,COMPLETED_SUCCESSFULLY,166060.000000,357.000000,166417.000000,296.000000,653.000000,1.829132,0-63,-1.000000,""
68,w0,375,166553.000000,64,600.000000,1,COMPLETED_SUCCESSFULLY,166553.000000,375.000000,166928.000000,0.000000,375.000000,1.000000,0-63,-1.000000,""
69,w0,392,166558.000000,64,600.000000,1,COMPLETED_SUCCESSFULLY,166558.000000,392.000000,166950.000000,0.000000,392.000000,1.000000,64-127,-1.000000,""
71,w0,365,166566.000000,64,600.000000,1,COMPLETED_SUCCESSFULLY,166950.000000,365.000000,167315.000000,384.000000,749.000000,2.052055,64-127,-1.000000,""
70,w0,444,166562.000000,64,600.000000,1,COMPLETED_SUCCESSFULLY,166928.000000,444.000000,167372.000000,366.000000,810.000000,1.824324,0-63,-1.000000,""
72,w0,423,166575.000000,64,600.000000,1,COMPLETED_SUCCESSFULLY,167315.000000,423.000000,167738.000000,740.000000,1163.000000,2.749409,64-127,-1.000000,""
73,w0,61,168731.000000,170,7200.000000,1,COMPLETED_SUCCESSFULLY,168731.000000,61.000000,168792.000000,0.000000,61.000000,1.000000,0-169,-1.000000,""
74,w0,144,173388.000000,4,39600.000000,1,COMPLETED_SUCCESSFULLY,173388.000000,144.000000,173532.000000,0.000000,144.000000,1.000000,0-3,-1.000000,""
75,w0,189,173418.000000,8,39600.000000,1,COMPLETED_SUCCESSFULLY,173418.000000,189.000000,173607.000000,0.000000,189.000000,1.000000,4-11,-1.000000,""
79,w0,525,174067.000000,8,600.000000,1,COMPLETED_SUCCESSFULLY,174067.000000,525.000000,174592.000000,0.000000,525.000000,1.000000,136-143,-1.000000,""
76,w0,3150,173793.000000,128,3600.000000,1,COMPLETED_SUCCESSFULLY,173793.000000,3150.000000,176943.000000,0.000000,3150.000000,1.000000,0-127,-1.000000,""
122,w0,157,177241.000000,12,900.000000,1,COMPLETED_SUCCESSFULLY,177241.000000,157.000000,177398.000000,0.000000,157.000000,1.000000,71-82,-1.000000,""
77,w0,733,173886.000000,64,900.000000,1,COMPLETED_SUCCESSFULLY,176943.000000,733.000000,177676.000000,3057.000000,3790.000000,5.170532,0-63,-1.000000,""
80,w0,1925,176295.000000,1,7440.000000,1,COMPLETED_SUCCESSFULLY,176295.000000,1925.000000,178220.000000,0.000000,1925.000000,1.000000,136,-1.000000,""
82,w0,1925,176306.000000,1,3840.000000,1,COMPLETED_SUCCESSFULLY,176306.000000,1925.000000,178231.000000,0.000000,1925.000000,1.000000,138,-1.000000,""
81,w0,1927,176305.000000,1,3840.000000,1,COMPLETED_SUCCESSFULLY,176305.000000,1927.000000,178232.000000,0.000000,1927.000000,1.000000,137,-1.000000,""
84,w0,1925,176307.000000,1,3840.000000,1,COMPLETED_SUCCESSFULLY,176307.000000,1925.000000,178232.000000,0.000000,1925.000000,1.000000,140,-1.000000,""
83,w0,1928,176306.000000,1,3840.000000,1,COMPLETED_SUCCESSFULLY,176306.000000,1928.000000,178234.000000,0.000000,1928.000000,1.000000,139,-1.000000,""
85,w0,1927,176307.000000,1,3840.000000,1,COMPLETED_SUCCESSFULLY,176307.000000,1927.000000,178234.000000,0.000000,1927.000000,1.000000,141,-1.000000,""
87,w0,1925,176309.000000,1,3840.000000,1,COMPLETED_SUCCESSFULLY,176309.000000,1925.000000,178234.000000,0.000000,1925.000000,1.000000,143,-1.000000,""
86,w0,1927,176308.000000,1,3840.000000,1,COMPLETED_SUCCESSFULLY,176308.000000,1927.000000,178235.000000,0.000000,1927.000000,1.000000,142,-1.000000,""
89,w0,1925,176310.000000,1,3840.000000,1,COMPLETED_SUCCESSFULLY,176310.000000,1925.000000,178235.000000,0.000000,1925.000000,1.000000,145,-1.000000,""
88,w0,1927,176309.000000,1,3840.000000,1,COMPLETED_SUCCESSFULLY,176309.000000,1927.000000,178236.000000,0.000000,1927.000000,1.000000,144,-1.000000,""
90,w0,1927,176310.000000,1,3840.000000,1,COMPLETED_SUCCESSFULLY,176310.000000,1927.000000,178237.000000,0.000000,1927.000000,1.000000,146,-1.000000,""
91,w0,1927,176311.000000,1,3840.000000,1,COMPLETED_SUCCESSFULLY,176311.000000,1927.000000,178238.000000,0.000000,1927.000000,1.000000,147,-1.000000,""
92,w0,1926,176312.000000,1,3840.000000,1,COMPLETED_SUCCESSFULLY,176312.000000,1926.000000,178238.000000,0.000000,1926.000000,1.000000,148,-1.000000,""
95,w0,1925,176314.000000,1,3840.000000,1,COMPLETED_SUCCESSFULLY,176314.000000,1925.000000,178239.000000,0.000000,1925.000000,1.000000,151,-1.000000,""
94,w0,1927,176313.000000,1,3840.000000,1,COMPLETED_SUCCESSFULLY,176313.000000,1927.000000,178240.000000,0.000000,1927.000000,1.000000,150,-1.000000,""
93,w0,1929,176312.000000,1,3840.000000,1,COMPLETED_SUCCESSFULLY,176312.000000,1929.000000,178241.000000,0.000000,1929.000000,1.000000,149,-1.000000,""
96,w0,1927,176314.000000,1,3840.000000,1,COMPLETED_SUCCESSFULLY,176314.000000,1927.000000,178241.000000,0.000000,1927.000000,1.000000,152,-1.000000,""
98,w0,1925,176316.000000,1,3840.000000,1,COMPLETED_SUCCESSFULLY,176316.000000,1925.000000,178241.000000,0.000000,1925.000000,1.000000,154,-1.000000,""
97,w0,1927,176315.000000,1,3840.000000,1,COMPLETED_SUCCESSFULLY,176315.000000,1927.000000,178242.000000,0.000000,1927.000000,1.000000,153,-1.000000,""
99,w0,1926,176316.000000,1,3840.000000,1,COMPLETED_SUCCESSFULLY,176316.000000,1926.000000,178242.000000,0.000000,1926.000000,1.000000,155,-1.000000,""
100,w0,1925,176317.000000,1,3840.000000,1,COMPLETED_SUCCESSFULLY,176317.000000,1925.000000,178242.000000,0.000000,1925.000000,1.000000,156,-1.000000,""
101,w0,1926,176317.000000,1,3840.000000,1,COMPLETED_SUCCESSFULLY,176317.000000,1926.000000,178243.000000,0.000000,1926.000000,1.000000,157,-1.000000,""
103,w0,1925,176319.000000,1,3840.000000,1,COMPLETED_SUCCESSFULLY,176319.000000,1925.000000,178244.000000,0.000000,1925.000000,1.000000,159,-1.000000,""
104,w0,1925,176319.000000,1,3840.000000,1,COMPLETED_SUCCESSFULLY,176319.000000,1925.000000,178244.000000,0.000000,1925.000000,1.000000,160,-1.000000,""
102,w0,1927,176318.000000,1,3840.000000,1,COMPLETED_SUCCESSFULLY,176318.000000,1927.000000,178245.000000,0.000000,1927.000000,1.000000,158,-1.000000,""
105,w0,1925,176320.000000,1,3840.000000,1,COMPLETED_SUCCESSFULLY,176320.000000,1925.000000,178245.000000,0.000000,1925.000000,1.000000,161,-1.000000,""
106,w0,1925,176320.000000,1,3840.000000,1,COMPLETED_SUCCESSFULLY,176320.000000,1925.000000,178245.000000,0.000000,1925.000000,1.000000,162,-1.000000,""
107,w0,1924,176321.000000,1,3840.000000,1,COMPLETED_SUCCESSFULLY,176321.000000,1924.000000,178245.000000,0.000000,1924.000000,1.000000,163,-1.000000,""
108,w0,1925,176321.000000,1,3840.000000,1,COMPLETED_SUCCESSFULLY,176321.000000,1925.000000,178246.000000,0.000000,1925.000000,1.000000,164,-1.000000,""
110,w0,1924,176323.000000,1,3840.000000,1,COMPLETED_SUCCESSFULLY,176323.000000,1924.000000,178247.000000,0.000000,1924.000000,1.000000,166,-1.000000,""
111,w0,1926,176323.000000,1,3840.000000,1,COMPLETED_SUCCESSFULLY,176323.000000,1926.000000,178249.000000,0.000000,1926.000000,1.000000,167,-1.000000,""
112,w0,1925,176324.000000,1,3840.000000,1,COMPLETED_SUCCESSFULLY,176324.000000,1925.000000,178249.000000,0.000000,1925.000000,1.000000,168,-1.000000,""
113,w0,1926,176324.000000,1,3840.000000,1,COMPLETED_SUCCESSFULLY,176324.000000,1926.000000,178250.000000,0.000000,1926.000000,1.000000,169,-1.000000,""
109,w0,1929,176322.000000,1,3840.000000,1,COMPLETED_SUCCESSFULLY,176322.000000,1929.000000,178251.000000,0.000000,1929.000000,1.000000,165,-1.000000,""
114,w0,1926,176325.000000,1,3840.000000,1,COMPLETED_SUCCESSFULLY,176325.000000,1926.000000,178251.000000,0.000000,1926.000000,1.000000,170,-1.000000,""
115,w0,1923,176326.000000,1,3840.000000,1,COMPLETED_SUCCESSFULLY,176943.000000,1923.000000,178866.000000,617.000000,2540.000000,1.320853,64,-1.000000,""
117,w0,1923,176327.000000,1,3840.000000,1,COMPLETED_SUCCESSFULLY,176943.000000,1923.000000,178866.000000,616.000000,2539.000000,1.320333,66,-1.000000,""
118,w0,1923,176327.000000,1,3840.000000,1,COMPLETED_SUCCESSFULLY,176943.000000,1923.000000,178866.000000,616.000000,2539.000000,1.320333,67,-1.000000,""
119,w0,1923,176328.000000,1,3840.000000,1,COMPLETED_SUCCESSFULLY,176943.000000,1923.000000,178866.000000,615.000000,2538.000000,1.319813,68,-1.000000,""
121,w0,1923,176329.000000,1,3840.000000,1,COMPLETED_SUCCESSFULLY,176943.000000,1923.000000,178866.000000,614.000000,2537.000000,1.319293,70,-1.000000,""
116,w0,1925,176326.000000,1,3840.000000,1,COMPLETED_SUCCESSFULLY,176943.000000,1925.000000,178868.000000,617.000000,2542.000000,1.320519,65,-1.000000,""
120,w0,1928,176328.000000,1,3840.000000,1,COMPLETED_SUCCESSFULLY,176943.000000,1928.000000,178871.000000,615.000000,2543.000000,1.318983,69,-1.000000,""
124,w0,521,181375.000000,1,64800.000000,1,COMPLETED_SUCCESSFULLY,181375.000000,521.000000,181896.000000,0.000000,521.000000,1.000000,0,-1.000000,""
78,w0,8211,173989.000000,8,14400.000000,1,COMPLETED_SUCCESSFULLY,173989.000000,8211.000000,182200.000000,0.000000,8211.000000,1.000000,128-135,-1.000000,""
123,w0,78,178727.000000,170,3600.000000,1,COMPLETED_SUCCESSFULLY,182200.000000,78.000000,182278.000000,3473.000000,3551.000000,45.525641,0-169,-1.000000,""
125,w0,17,182530.000000,1,30.000000,1,COMPLETED_SUCCESSFULLY,182530.000000,17.000000,182547.000000,0.000000,17.000000,1.000000,0,-1.000000,""
126,w0,260,182920.000000,1,30.000000,0,COMPLETED_WALLTIME_REACHED,182920.000000,30.000000,182950.000000,0.000000,30.000000,1.000000,0,-1.000000,""
128,w0,17,183708.000000,1,30.000000,1,COMPLETED_SUCCESSFULLY,183708.000000,17.000000,183725.000000,0.000000,17.000000,1.000000,32,-1.000000,""
129,w0,16,183790.000000,1,30.000000,1,COMPLETED_SUCCESSFULLY,183790.000000,16.000000,183806.000000,0.000000,16.000000,1.000000,32,-1.000000,""
131,w0,17,183856.000000,1,30.000000,1,COMPLETED_SUCCESSFULLY,183856.000000,17.000000,183873.000000,0.000000,17.000000,1.000000,48,-1.000000,""
130,w0,343,183838.000000,16,3600.000000,1,COMPLETED_SUCCESSFULLY,183838.000000,343.000000,184181.000000,0.000000,343.000000,1.000000,32-47,-1.000000,""
132,w0,11,184257.000000,1,30.000000,1,COMPLETED_SUCCESSFULLY,184257.000000,11.000000,184268.000000,0.000000,11.000000,1.000000,32,-1.000000,""
133,w0,16,184348.000000,1,30.000000,1,COMPLETED_SUCCESSFULLY,184348.000000,16.000000,184364.000000,0.000000,16.000000,1.000000,32,-1.000000,""
134,w0,146,184548.000000,1,30.000000,0,COMPLETED_WALLTIME_REACHED,184548.000000,30.000000,184578.000000,0.000000,30.000000,1.000000,32,-1.000000,""
135,w0,242,184579.000000,8,3600.000000,1,COMPLETED_SUCCESSFULLY,184579.000000,242.000000,184821.000000,0.000000,242.000000,1.000000,32-39,-1.000000,""
137,w0,17,184853.000000,1,30.000000,1,COMPLETED_SUCCESSFULLY,184853.000000,17.000000,184870.000000,0.000000,17.000000,1.000000,160,-1.000000,""
138,w0,17,185063.000000,1,30.000000,1,COMPLETED_SUCCESSFULLY,185063.000000,17.000000,185080.000000,0.000000,17.000000,1.000000,160,-1.000000,""
139,w0,17,185117.000000,1,30.000000,1,COMPLETED_SUCCESSFULLY,185117.000000,17.000000,185134.000000,0.000000,17.000000,1.000000,160,-1.000000,""
140,w0,17,185263.000000,1,30.000000,1,COMPLETED_SUCCESSFULLY,185263.000000,17.000000,185280.000000,0.000000,17.000000,1.000000,160,-1.000000,""
141,w0,78,185545.000000,1,30.000000,0,COMPLETED_WALLTIME_REACHED,185545.000000,30.000000,185575.000000,0.000000,30.000000,1.000000,160,-1.000000,""
142,w0,17,186404.000000,1,30.000000,1,COMPLETED_SUCCESSFULLY,186404.000000,17.000000,186421.000000,0.000000,17.000000,1.000000,160,-1.000000,""
143,w0,17,186583.000000,1,30.000000,1,COMPLETED_SUCCESSFULLY,186583.000000,17.000000,186600.000000,0.000000,17.000000,1.000000,160,-1.000000,""
145,w0,17,187958.000000,1,30.000000,1,COMPLETED_SUCCESSFULLY,187958.000000,17.000000,187975.000000,0.000000,17.000000,1.000000,160,-1.000000,""
146,w0,17,188208.000000,1,30.000000,1,COMPLETED_SUCCESSFULLY,188208.000000,17.000000,188225.000000,0.000000,17.000000,1.000000,160,-1.000000,""
136,w0,3535,184827.000000,128,3600.000000,1,COMPLETED_SUCCESSFULLY,184827.000000,3535.000000,188362.000000,0.000000,3535.000000,1.000000,32-159,-1.000000,""
144,w0,237,187098.000000,64,3600.000000,1,COMPLETED_SUCCESSFULLY,188362.000000,237.000000,188599.000000,1264.000000,1501.000000,6.333333,32-95,-1.000000,""
147,w0,17,188875.000000,1,30.000000,1,COMPLETED_SUCCESSFULLY,188875.000000,17.000000,188892.000000,0.000000,17.000000,1.000000,32,-1.000000,""
148,w0,16,189230.000000,1,30.000000,1,COMPLETED_SUCCESSFULLY,189230.000000,16.000000,189246.000000,0.000000,16.000000,1.000000,32,-1.000000,""
149,w0,273,189581.000000,64,600.000000,1,COMPLETED_SUCCESSFULLY,189581.000000,273.000000,189854.000000,0.000000,273.000000,1.000000,32-95,-1.000000,""
127,w0,6528,183426.000000,32,18000.000000,1,COMPLETED_SUCCESSFULLY,183426.000000,6528.000000,189954.000000,0.000000,6528.000000,1.000000,0-31,-1.000000,""
152,w0,17,191022.000000,1,30.000000,1,COMPLETED_SUCCESSFULLY,191022.000000,17.000000,191039.000000,0.000000,17.000000,1.000000,82,-1.000000,""
151,w0,280,190767.000000,18,43200.000000,1,COMPLETED_SUCCESSFULLY,190767.000000,280.000000,191047.000000,0.000000,280.000000,1.000000,64-81,-1.000000,""
150,w0,318,190745.000000,64,3600.000000,1,COMPLETED_SUCCESSFULLY,190745.000000,318.000000,191063.000000,0.000000,318.000000,1.000000,0-63,-1.000000,""
153,w0,214,191140.000000,64,3600.000000,1,COMPLETED_SUCCESSFULLY,191140.000000,214.000000,191354.000000,0.000000,214.000000,1.000000,0-63,-1.000000,""
154,w0,416,191142.000000,64,3600.000000,1,COMPLETED_SUCCESSFULLY,191142.000000,416.000000,191558.000000,0.000000,416.000000,1.000000,64-127,-1.000000,""
155,w0,33,191725.000000,64,3600.000000,1,COMPLETED_SUCCESSFULLY,191725.000000,33.000000,191758.000000,0.000000,33.000000,1.000000,0-63,-1.000000,""
156,w0,33,191812.000000,64,3600.000000,1,COMPLETED_SUCCESSFULLY,191812.000000,33.000000,191845.000000,0.000000,33.000000,1.000000,0-63,-1.000000,""
157,w0,236,191959.000000,64,3600.000000,1,COMPLETED_SUCCESSFULLY,191959.000000,236.000000,192195.000000,0.000000,236.000000,1.000000,0-63,-1.000000,""
158,w0,17,192196.000000,1,30.000000,1,COMPLETED_SUCCESSFULLY,192196.000000,17.000000,192213.000000,0.000000,17.000000,1.000000,0,-1.000000,""
159,w0,17,192316.000000,1,300.000000,1,COMPLETED_SUCCESSFULLY,192316.000000,17.000000,192333.000000,0.000000,17.000000,1.000000,0,-1.000000,""
160,w0,17,192534.000000,1,30.000000,1,COMPLETED_SUCCESSFULLY,192534.000000,17.000000,192551.000000,0.000000,17.000000,1.000000,0,-1.000000,""
161,w0,18,192651.000000,1,30.000000,1,COMPLETED_SUCCESSFULLY,192651.000000,18.000000,192669.000000,0.000000,18.000000,1.000000,0,-1.000000,""
162,w0,17,192996.000000,1,30.000000,1,COMPLETED_SUCCESSFULLY,192996.000000,17.000000,193013.000000,0.000000,17.000000,1.000000,0,-1.000000,""
163,w0,17,193251.000000,1,30.000000,1,COMPLETED_SUCCESSFULLY,193251.000000,17.000000,193268.000000,0.000000,17.000000,1.000000,0,-1.000000,""
164,w0,16,193336.000000,1,30.000000,1,COMPLETED_SUCCESSFULLY,193336.000000,16.000000,193352.000000,0.000000,16.000000,1.000000,0,-1.000000,""
165,w0,16,193844.000000,1,30.000000,1,COMPLETED_SUCCESSFULLY,193844.000000,16.000000,193860.000000,0.000000,16.000000,1.000000,0,-1.000000,""
166,w0,17,194009.000000,1,30.000000,1,COMPLETED_SUCCESSFULLY,194009.000000,17.000000,194026.000000,0.000000,17.000000,1.000000,0,-1.000000,""
167,w0,27,194133.000000,1,30.000000,1,COMPLETED_SUCCESSFULLY,194133.000000,27.000000,194160.000000,0.000000,27.000000,1.000000,0,-1.000000,""
168,w0,159,194384.000000,1,330.000000,1,COMPLETED_SUCCESSFULLY,194384.000000,159.000000,194543.000000,0.000000,159.000000,1.000000,0,-1.000000,""
169,w0,164,194691.000000,1,330.000000,1,COMPLETED_SUCCESSFULLY,194691.000000,164.000000,194855.000000,0.000000,164.000000,1.000000,0,-1.000000,""
170,w0,178,194790.000000,1,330.000000,1,COMPLETED_SUCCESSFULLY,194790.000000,178.000000,194968.000000,0.000000,178.000000,1.000000,1,-1.000000,""
171,w0,35,196376.000000,130,3600.000000,1,COMPLETED_SUCCESSFULLY,196376.000000,35.000000,196411.000000,0.000000,35.000000,1.000000,0-129,-1.000000,""
172,w0,156,197311.000000,170,7200.000000,1,COMPLETED_SUCCESSFULLY,197311.000000,156.000000,197467.000000,0.000000,156.000000,1.000000,0-169,-1.000000,""
173,w0,32,198196.000000,8,21600.000000,1,COMPLETED_SUCCESSFULLY,198196.000000,32.000000,198228.000000,0.000000,32.000000,1.000000,0-7,-1.000000,""
174,w0,363,201161.000000,8,28800.000000,1,COMPLETED_SUCCESSFULLY,201161.000000,363.000000,201524.000000,0.000000,363.000000,1.000000,0-7,-1.000000,""
177,w0,416,201373.000000,32,3500.000000,1,COMPLETED_SUCCESSFULLY,201373.000000,416.000000,201789.000000,0.000000,416.000000,1.000000,72-103,-1.000000,""
175,w0,418,201372.000000,32,3500.000000,1,COMPLETED_SUCCESSFULLY,201372.000000,418.000000,201790.000000,0.000000,418.000000,1.000000,8-39,-1.000000,""
178,w0,417,201373.000000,32,3500.000000,1,COMPLETED_SUCCESSFULLY,201373.000000,417.000000,201790.000000,0.000000,417.000000,1.000000,104-135,-1.000000,""
179,w0,422,201374.000000,32,3500.000000,1,COMPLETED_SUCCESSFULLY,201374.000000,422.000000,201796.000000,0.000000,422.000000,1.000000,136-167,-1.000000,""
176,w0,427,201372.000000,32,3500.000000,1,COMPLETED_SUCCESSFULLY,201372.000000,427.000000,201799.000000,0.000000,427.000000,1.000000,40-71,-1.000000,""
182,w0,416,201376.000000,32,3500.000000,1,COMPLETED_SUCCESSFULLY,201790.000000,416.000000,202206.000000,414.000000,830.000000,1.995192,96-127,-1.000000,""
183,w0,415,201376.000000,32,3500.000000,1,COMPLETED_SUCCESSFULLY,201796.000000,415.000000,202211.000000,420.000000,835.000000,2.012048,128-159,-1.000000,""
180,w0,423,201374.000000,32,3500.000000,1,COMPLETED_SUCCESSFULLY,201789.000000,423.000000,202212.000000,415.000000,838.000000,1.981087,0-7 72-95,-1.000000,""
184,w0,420,201377.000000,32,3500.000000,1,COMPLETED_SUCCESSFULLY,201799.000000,420.000000,202219.000000,422.000000,842.000000,2.004762,40-71,-1.000000,""
181,w0,430,201375.000000,32,3500.000000,1,COMPLETED_SUCCESSFULLY,201790.000000,430.000000,202220.000000,415.000000,845.000000,1.965116,8-39,-1.000000,""
185,w0,474,204522.000000,8,28800.000000,1,COMPLETED_SUCCESSFULLY,204522.000000,474.000000,204996.000000,0.000000,474.000000,1.000000,0-7,-1.000000,""
186,w0,22,205299.000000,8,28800.000000,1,COMPLETED_SUCCESSFULLY,205299.000000,22.000000,205321.000000,0.000000,22.000000,1.000000,0-7,-1.000000,""
188,w0,170,206283.000000,32,36000.000000,1,COMPLETED_SUCCESSFULLY,206283.000000,170.000000,206453.000000,0.000000,170.000000,1.000000,8-39,-1.000000,""
189,w0,241,210596.000000,8,1200.000000,1,COMPLETED_SUCCESSFULLY,210596.000000,241.000000,210837.000000,0.000000,241.000000,1.000000,8-15,-1.000000,""
191,w0,167,214854.000000,24,1800.000000,1,COMPLETED_SUCCESSFULLY,214854.000000,167.000000,215021.000000,0.000000,167.000000,1.000000,16-39,-1.000000,""
187,w0,11940,205437.000000,8,28800.000000,1,COMPLETED_SUCCESSFULLY,205437.000000,11940.000000,217377.000000,0.000000,11940.000000,1.000000,0-7,-1.000000,""
193,w0,102,218302.000000,32,8400.000000,1,COMPLETED_SUCCESSFULLY,218302.000000,102.000000,218404.000000,0.000000,102.000000,1.000000,0-7 144-167,-1.000000,""
192,w0,4562,216018.000000,128,7200.000000,1,COMPLETED_SUCCESSFULLY,216018.000000,4562.000000,220580.000000,0.000000,4562.000000,1.000000,16-143,-1.000000,""
190,w0,15862,211092.000000,8,28800.000000,1,COMPLETED_SUCCESSFULLY,211092.000000,15862.000000,226954.000000,0.000000,15862.000000,1.000000,8-15,-1.000000,""
194,w0,659,236719.000000,2,3600.000000,1,COMPLETED_SUCCESSFULLY,236719.000000,659.000000,237378.000000,0.000000,659.000000,1.000000,0-1,-1.000000,""
196,w0,162,237423.000000,8,10800.000000,1,COMPLETED_SUCCESSFULLY,237423.000000,162.000000,237585.000000,0.000000,162.000000,1.000000,0-1 3-8,-1.000000,""
195,w0,609,237236.000000,1,3600.000000,1,COMPLETED_SUCCESSFULLY,237236.000000,609.000000,237845.000000,0.000000,609.000000,1.000000,2,-1.000000,""
198,w0,607,237970.000000,1,3600.000000,1,COMPLETED_SUCCESSFULLY,237970.000000,607.000000,238577.000000,0.000000,607.000000,1.000000,1,-1.000000,""
197,w0,922,237911.000000,1,3600.000000,1,COMPLETED_SUCCESSFULLY,237911.000000,922.000000,238833.000000,0.000000,922.000000,1.000000,0,-1.000000,""
200,w0,168,243369.000000,64,600.000000,1,COMPLETED_SUCCESSFULLY,243369.000000,168.000000,243537.000000,0.000000,168.000000,1.000000,0-1 10-71,-1.000000,""
201,w0,170,243373.000000,64,600.000000,1,COMPLETED_SUCCESSFULLY,243373.000000,170.000000,243543.000000,0.000000,170.000000,1.000000,72-135,-1.000000,""
203,w0,166,243381.000000,64,600.000000,1,COMPLETED_SUCCESSFULLY,243543.000000,166.000000,243709.000000,162.000000,328.000000,1.975904,72-135,-1.000000,""
202,w0,201,243377.000000,64,600.000000,1,COMPLETED_SUCCESSFULLY,243537.000000,201.000000,243738.000000,160.000000,361.000000,1.796020,0-1 10-71,-1.000000,""
204,w0,165,243385.000000,64,600.000000,1,COMPLETED_SUCCESSFULLY,243709.000000,165.000000,243874.000000,324.000000,489.000000,2.963636,72-135,-1.000000,""
205,w0,166,243401.000000,64,600.000000,1,COMPLETED_SUCCESSFULLY,243738.000000,166.000000,243904.000000,337.000000,503.000000,3.030120,0-1 10-71,-1.000000,""
206,w0,200,243408.000000,64,600.000000,1,COMPLETED_SUCCESSFULLY,243874.000000,200.000000,244074.000000,466.000000,666.000000,3.330000,72-135,-1.000000,""
207,w0,172,243415.000000,64,600.000000,1,COMPLETED_SUCCESSFULLY,243904.000000,172.000000,244076.000000,489.000000,661.000000,3.843023,0-1 10-71,-1.000000,""
208,w0,166,243420.000000,64,600.000000,1,COMPLETED_SUCCESSFULLY,244074.000000,166.000000,244240.000000,654.000000,820.000000,4.939759,72-135,-1.000000,""
209,w0,168,243426.000000,64,600.000000,1,COMPLETED_SUCCESSFULLY,244076.000000,168.000000,244244.000000,650.000000,818.000000,4.869048,0-1 10-71,-1.000000,""
210,w0,144,246336.000000,128,600.000000,1,COMPLETED_SUCCESSFULLY,246336.000000,144.000000,246480.000000,0.000000,144.000000,1.000000,0-1 10-135,-1.000000,""
211,w0,160,246364.000000,128,600.000000,1,COMPLETED_SUCCESSFULLY,246480.000000,160.000000,246640.000000,116.000000,276.000000,1.725000,0-1 10-135,-1.000000,""
212,w0,139,246370.000000,128,600.000000,1,COMPLETED_SUCCESSFULLY,246640.000000,139.000000,246779.000000,270.000000,409.000000,2.942446,0-1 10-135,-1.000000,""
214,w0,444,246379.000000,32,3600.000000,1,COMPLETED_SUCCESSFULLY,246379.000000,444.000000,246823.000000,0.000000,444.000000,1.000000,136-167,-1.000000,""
213,w0,160,246375.000000,128,600.000000,1,COMPLETED_SUCCESSFULLY,246779.000000,160.000000,246939.000000,404.000000,564.000000,3.525000,0-1 10-135,-1.000000,""
215,w0,141,246386.000000,128,600.000000,1,COMPLETED_SUCCESSFULLY,246939.000000,141.000000,247080.000000,553.000000,694.000000,4.921986,0-1 10-135,-1.000000,""
216,w0,18,248353.000000,1,3600.000000,1,COMPLETED_SUCCESSFULLY,248353.000000,18.000000,248371.000000,0.000000,18.000000,1.000000,0,-1.000000,""
222,w0,22,248760.000000,5,7200.000000,1,COMPLETED_SUCCESSFULLY,248760.000000,22.000000,248782.000000,0.000000,22.000000,1.000000,136-140,-1.000000,""
223,w0,22,248760.000000,5,7200.000000,1,COMPLETED_SUCCESSFULLY,248760.000000,22.000000,248782.000000,0.000000,22.000000,1.000000,141-145,-1.000000,""
225,w0,22,248760.000000,5,7200.000000,1,COMPLETED_SUCCESSFULLY,248760.000000,22.000000,248782.000000,0.000000,22.000000,1.000000,151-155,-1.000000,""
224,w0,23,248760.000000,5,7200.000000,1,COMPLETED_SUCCESSFULLY,248760.000000,23.000000,248783.000000,0.000000,23.000000,1.000000,146-150,-1.000000,""
217,w0,140,248653.000000,128,600.000000,1,COMPLETED_SUCCESSFULLY,248653.000000,140.000000,248793.000000,0.000000,140.000000,1.000000,0-1 10-135,-1.000000,""
218,w0,161,248661.000000,128,600.000000,1,COMPLETED_SUCCESSFULLY,248793.000000,161.000000,248954.000000,132.000000,293.000000,1.819876,0-1 10-135,-1.000000,""
219,w0,139,248666.000000,128,600.000000,1,COMPLETED_SUCCESSFULLY,248954.000000,139.000000,249093.000000,288.000000,427.000000,3.071942,0-1 10-135,-1.000000,""
220,w0,161,248671.000000,128,600.000000,1,COMPLETED_SUCCESSFULLY,249093.000000,161.000000,249254.000000,422.000000,583.000000,3.621118,0-1 10-135,-1.000000,""
221,w0,139,248676.000000,128,600.000000,1,COMPLETED_SUCCESSFULLY,249254.000000,139.000000,249393.000000,578.000000,717.000000,5.158273,0-1 10-135,-1.000000,""
227,w0,22,249990.000000,5,3600.000000,1,COMPLETED_SUCCESSFULLY,249990.000000,22.000000,250012.000000,0.000000,22.000000,1.000000,0-1 10-12,-1.000000,""
229,w0,23,249990.000000,5,3600.000000,1,COMPLETED_SUCCESSFULLY,249990.000000,23.000000,250013.000000,0.000000,23.000000,1.000000,18-22,-1.000000,""
230,w0,23,249990.000000,5,3600.000000,1,COMPLETED_SUCCESSFULLY,249990.000000,23.000000,250013.000000,0.000000,23.000000,1.000000,23-27,-1.000000,""
228,w0,225,249990.000000,5,3600.000000,1,COMPLETED_SUCCESSFULLY,249990.000000,225.000000,250215.000000,0.000000,225.000000,1.000000,13-17,-1.000000,""
231,w0,231,254242.000000,89,3600.000000,1,COMPLETED_SUCCESSFULLY,254242.000000,231.000000,254473.000000,0.000000,231.000000,1.000000,0-1 10-96,-1.000000,""
232,w0,229,254610.000000,89,3600.000000,1,COMPLETED_SUCCESSFULLY,254610.000000,229.000000,254839.000000,0.000000,229.000000,1.000000,0-1 10-96,-1.000000,""
199,w0,17052,238008.000000,8,21600.000000,1,COMPLETED_SUCCESSFULLY,238008.000000,17052.000000,255060.000000,0.000000,17052.000000,1.000000,2-9,-1.000000,""
233,w0,229,254756.000000,89,3600.000000,1,COMPLETED_SUCCESSFULLY,254839.000000,229.000000,255068.000000,83.000000,312.000000,1.362445,0-1 10-96,-1.000000,""
234,w0,36,254759.000000,89,3600.000000,1,COMPLETED_SUCCESSFULLY,255068.000000,36.000000,255104.000000,309.000000,345.000000,9.583333,0-88,-1.000000,""
235,w0,227,255321.000000,89,3600.000000,1,COMPLETED_SUCCESSFULLY,255321.000000,227.000000,255548.000000,0.000000,227.000000,1.000000,0-88,-1.000000,""
236,w0,227,255591.000000,89,3600.000000,1,COMPLETED_SUCCESSFULLY,255591.000000,227.000000,255818.000000,0.000000,227.000000,1.000000,0-88,-1.000000,""
240,w0,135,256924.000000,53,3600.000000,1,COMPLETED_SUCCESSFULLY,256924.000000,135.000000,257059.000000,0.000000,135.000000,1.000000,0-52,-1.000000,""
241,w0,211,257100.000000,53,3600.000000,1,COMPLETED_SUCCESSFULLY,257100.000000,211.000000,257311.000000,0.000000,211.000000,1.000000,0-52,-1.000000,""
242,w0,211,257112.000000,53,3600.000000,1,COMPLETED_SUCCESSFULLY,257112.000000,211.000000,257323.000000,0.000000,211.000000,1.000000,53-105,-1.000000,""
243,w0,173,258847.000000,5,3600.000000,1,COMPLETED_SUCCESSFULLY,258847.000000,173.000000,259020.000000,0.000000,173.000000,1.000000,0-4,-1.000000,""
244,w0,201,260049.000000,64,600.000000,1,COMPLETED_SUCCESSFULLY,260049.000000,201.000000,260250.000000,0.000000,201.000000,1.000000,0-63,-1.000000,""
245,w0,363,264892.000000,8,10800.000000,1,COMPLETED_SUCCESSFULLY,264892.000000,363.000000,265255.000000,0.000000,363.000000,1.000000,0-7,-1.000000,""
246,w0,29,265445.000000,8,10800.000000,1,COMPLETED_SUCCESSFULLY,265445.000000,29.000000,265474.000000,0.000000,29.000000,1.000000,0-7,-1.000000,""
226,w0,18355,248899.000000,32,36000.000000,1,COMPLETED_SUCCESSFULLY,248899.000000,18355.000000,267254.000000,0.000000,18355.000000,1.000000,136-167,-1.000000,""
237,w0,234,255959.000000,140,3600.000000,1,COMPLETED_SUCCESSFULLY,267254.000000,234.000000,267488.000000,11295.000000,11529.000000,49.269231,8-147,-1.000000,""
238,w0,235,255964.000000,140,3600.000000,1,COMPLETED_SUCCESSFULLY,267488.000000,235.000000,267723.000000,11524.000000,11759.000000,50.038298,8-147,-1.000000,""
239,w0,231,255966.000000,140,3600.000000,1,COMPLETED_SUCCESSFULLY,267723.000000,231.000000,267954.000000,11757.000000,11988.000000,51.896104,8-147,-1.000000,""
248,w0,252,270203.000000,1,14400.000000,1,COMPLETED_SUCCESSFULLY,270203.000000,252.000000,270455.000000,0.000000,252.000000,1.000000,8,-1.000000,""
249,w0,50,273937.000000,8,64800.000000,1,COMPLETED_SUCCESSFULLY,273937.000000,50.000000,273987.000000,0.000000,50.000000,1.000000,8-15,-1.000000,""
247,w0,9064,265608.000000,8,10800.000000,1,COMPLETED_SUCCESSFULLY,265608.000000,9064.000000,274672.000000,0.000000,9064.000000,1.000000,0-7,-1.000000,""
250,w0,50,274700.000000,8,64800.000000,1,COMPLETED_SUCCESSFULLY,274700.000000,50.000000,274750.000000,0.000000,50.000000,1.000000,0-7,-1.000000,""
251,w0,51,275668.000000,8,64800.000000,1,COMPLETED_SUCCESSFULLY,275668.000000,51.000000,275719.000000,0.000000,51.000000,1.000000,0-7,-1.000000,""
254,w0,47,276849.000000,1,14400.000000,1,COMPLETED_SUCCESSFULLY,276849.000000,47.000000,276896.000000,0.000000,47.000000,1.000000,40,-1.000000,""
255,w0,33,276904.000000,1,600.000000,1,COMPLETED_SUCCESSFULLY,276904.000000,33.000000,276937.000000,0.000000,33.000000,1.000000,40,-1.000000,""
252,w0,1140,276175.000000,8,64800.000000,1,COMPLETED_SUCCESSFULLY,276175.000000,1140.000000,277315.000000,0.000000,1140.000000,1.000000,0-7,-1.000000,""
256,w0,8891,277185.000000,8,14400.000000,1,COMPLETED_SUCCESSFULLY,277185.000000,8891.000000,286076.000000,0.000000,8891.000000,1.000000,40-47,-1.000000,""
253,w0,13297,276289.000000,32,36000.000000,1,COMPLETED_SUCCESSFULLY,276289.000000,13297.000000,289586.000000,0.000000,13297.000000,1.000000,8-39,-1.000000,""
258,w0,21,289987.000000,8,14400.000000,1,COMPLETED_SUCCESSFULLY,289987.000000,21.000000,290008.000000,0.000000,21.000000,1.000000,8-15,-1.000000,""
260,w0,33,290470.000000,64,3600.000000,1,COMPLETED_SUCCESSFULLY,290470.000000,33.000000,290503.000000,0.000000,33.000000,1.000000,16-79,-1.000000,""
261,w0,33,290575.000000,64,3600.000000,1,COMPLETED_SUCCESSFULLY,290575.000000,33.000000,290608.000000,0.000000,33.000000,1.000000,16-79,-1.000000,""
262,w0,33,290577.000000,64,3600.000000,1,COMPLETED_SUCCESSFULLY,290577.000000,33.000000,290610.000000,0.000000,33.000000,1.000000,80-143,-1.000000,""
263,w0,31,290999.000000,64,3600.000000,1,COMPLETED_SUCCESSFULLY,290999.000000,31.000000,291030.000000,0.000000,31.000000,1.000000,16-79,-1.000000,""
264,w0,31,291171.000000,64,3600.000000,1,COMPLETED_SUCCESSFULLY,291171.000000,31.000000,291202.000000,0.000000,31.000000,1.000000,16-79,-1.000000,""
265,w0,30,291511.000000,64,3600.000000,1,COMPLETED_SUCCESSFULLY,291511.000000,30.000000,291541.000000,0.000000,30.000000,1.000000,16-79,-1.000000,""
266,w0,665,293454.000000,64,3600.000000,1,COMPLETED_SUCCESSFULLY,293454.000000,665.000000,294119.000000,0.000000,665.000000,1.000000,16-79,-1.000000,""
259,w0,9141,290061.000000,8,14400.000000,1,COMPLETED_SUCCESSFULLY,290061.000000,9141.000000,299202.000000,0.000000,9141.000000,1.000000,8-15,-1.000000,""
268,w0,622,303740.000000,1,3600.000000,1,COMPLETED_SUCCESSFULLY,303740.000000,622.000000,304362.000000,0.000000,622.000000,1.000000,8,-1.000000,""
269,w0,623,304408.000000,1,3600.000000,1,COMPLETED_SUCCESSFULLY,304408.000000,623.000000,305031.000000,0.000000,623.000000,1.000000,8,-1.000000,""
270,w0,608,304864.000000,1,3600.000000,1,COMPLETED_SUCCESSFULLY,304864.000000,608.000000,305472.000000,0.000000,608.000000,1.000000,9,-1.000000,""
257,w0,23795,281881.000000,8,57600.000000,1,COMPLETED_SUCCESSFULLY,281881.000000,23795.000000,305676.000000,0.000000,23795.000000,1.000000,0-7,-1.000000,""
271,w0,617,305619.000000,1,3600.000000,1,COMPLETED_SUCCESSFULLY,305619.000000,617.000000,306236.000000,0.000000,617.000000,1.000000,8,-1.000000,""
272,w0,17,306650.000000,1,3600.000000,1,COMPLETED_SUCCESSFULLY,306650.000000,17.000000,306667.000000,0.000000,17.000000,1.000000,0,-1.000000,""
273,w0,618,307809.000000,1,3600.000000,1,COMPLETED_SUCCESSFULLY,307809.000000,618.000000,308427.000000,0.000000,618.000000,1.000000,0,-1.000000,""
267,w0,15003,293522.000000,32,21600.000000,1,COMPLETED_SUCCESSFULLY,293522.000000,15003.000000,308525.000000,0.000000,15003.000000,1.000000,80-111,-1.000000,""
274,w0,621,308502.000000,1,3600.000000,1,COMPLETED_SUCCESSFULLY,308502.000000,621.000000,309123.000000,0.000000,621.000000,1.000000,0,-1.000000,""
275,w0,619,309336.000000,1,3600.000000,1,COMPLETED_SUCCESSFULLY,309336.000000,619.000000,309955.000000,0.000000,619.000000,1.000000,0,-1.000000,""
276,w0,618,310088.000000,1,3600.000000,1,COMPLETED_SUCCESSFULLY,310088.000000,618.000000,310706.000000,0.000000,618.000000,1.000000,0,-1.000000,""
277,w0,312,311044.000000,1,3600.000000,1,COMPLETED_SUCCESSFULLY,311044.000000,312.000000,311356.000000,0.000000,312.000000,1.000000,0,-1.000000,""
278,w0,304,311520.000000,1,3600.000000,1,COMPLETED_SUCCESSFULLY,311520.000000,304.000000,311824.000000,0.000000,304.000000,1.000000,0,-1.000000,""
279,w0,304,316596.000000,1,3600.000000,1,COMPLETED_SUCCESSFULLY,316596.000000,304.000000,316900.000000,0.000000,304.000000,1.000000,0,-1.000000,""
280,w0,305,317016.000000,1,3600.000000,1,COMPLETED_SUCCESSFULLY,317016.000000,305.000000,317321.000000,0.000000,305.000000,1.000000,0,-1.000000,""
281,w0,8413,325627.000000,8,12600.000000,1,COMPLETED_SUCCESSFULLY,325627.000000,8413.000000,334040.000000,0.000000,8413.000000,1.000000,0-7,-1.000000,""
282,w0,176,336444.000000,64,600.000000,1,COMPLETED_SUCCESSFULLY,336444.000000,176.000000,336620.000000,0.000000,176.000000,1.000000,0-63,-1.000000,""
283,w0,201,336448.000000,64,600.000000,1,COMPLETED_SUCCESSFULLY,336448.000000,201.000000,336649.000000,0.000000,201.000000,1.000000,64-127,-1.000000,""
284,w0,175,336452.000000,64,600.000000,1,COMPLETED_SUCCESSFULLY,336620.000000,175.000000,336795.000000,168.000000,343.000000,1.960000,0-63,-1.000000,""
285,w0,204,336456.000000,64,600.000000,1,COMPLETED_SUCCESSFULLY,336649.000000,204.000000,336853.000000,193.000000,397.000000,1.946078,64-127,-1.000000,""
286,w0,175,336469.000000,64,600.000000,1,COMPLETED_SUCCESSFULLY,336795.000000,175.000000,336970.000000,326.000000,501.000000,2.862857,0-63,-1.000000,""
287,w0,203,336499.000000,64,600.000000,1,COMPLETED_SUCCESSFULLY,336853.000000,203.000000,337056.000000,354.000000,557.000000,2.743842,64-127,-1.000000,""
288,w0,205,336507.000000,64,600.000000,1,COMPLETED_SUCCESSFULLY,336970.000000,205.000000,337175.000000,463.000000,668.000000,3.258537,0-63,-1.000000,""
289,w0,176,336511.000000,64,600.000000,1,COMPLETED_SUCCESSFULLY,337056.000000,176.000000,337232.000000,545.000000,721.000000,4.096591,64-127,-1.000000,""
290,w0,203,336515.000000,64,600.000000,1,COMPLETED_SUCCESSFULLY,337175.000000,203.000000,337378.000000,660.000000,863.000000,4.251232,0-63,-1.000000,""
293,w0,30,348520.000000,8,10800.000000,1,COMPLETED_SUCCESSFULLY,348520.000000,30.000000,348550.000000,0.000000,30.000000,1.000000,8-15,-1.000000,""
294,w0,29,348693.000000,8,10800.000000,1,COMPLETED_SUCCESSFULLY,348693.000000,29.000000,348722.000000,0.000000,29.000000,1.000000,8-15,-1.000000,""
295,w0,55,348925.000000,8,10800.000000,1,COMPLETED_SUCCESSFULLY,348925.000000,55.000000,348980.000000,0.000000,55.000000,1.000000,8-15,-1.000000,""
291,w0,12736,337317.000000,32,21600.000000,1,COMPLETED_SUCCESSFULLY,337317.000000,12736.000000,350053.000000,0.000000,12736.000000,1.000000,64-95,-1.000000,""
297,w0,177,354587.000000,64,600.000000,1,COMPLETED_SUCCESSFULLY,354587.000000,177.000000,354764.000000,0.000000,177.000000,1.000000,16-79,-1.000000,""
301,w0,18,355845.000000,1,3600.000000,1,COMPLETED_SUCCESSFULLY,355845.000000,18.000000,355863.000000,0.000000,18.000000,1.000000,24,-1.000000,""
302,w0,17,356203.000000,1,3600.000000,1,COMPLETED_SUCCESSFULLY,356203.000000,17.000000,356220.000000,0.000000,17.000000,1.000000,24,-1.000000,""
303,w0,17,356284.000000,1,3600.000000,1,COMPLETED_SUCCESSFULLY,356284.000000,17.000000,356301.000000,0.000000,17.000000,1.000000,24,-1.000000,""
304,w0,1624,356581.000000,1,3600.000000,1,COMPLETED_SUCCESSFULLY,356581.000000,1624.000000,358205.000000,0.000000,1624.000000,1.000000,24,-1.000000,""
296,w0,9163,349129.000000,8,10800.000000,1,COMPLETED_SUCCESSFULLY,349129.000000,9163.000000,358292.000000,0.000000,9163.000000,1.000000,8-15,-1.000000,""
300,w0,7832,355766.000000,8,12600.000000,1,COMPLETED_SUCCESSFULLY,355766.000000,7832.000000,363598.000000,0.000000,7832.000000,1.000000,16-23,-1.000000,""
298,w0,10004,354587.000000,8,12600.000000,1,COMPLETED_SUCCESSFULLY,354587.000000,10004.000000,364591.000000,0.000000,10004.000000,1.000000,80-87,-1.000000,""
308,w0,1343,363330.000000,1,48000.000000,1,COMPLETED_SUCCESSFULLY,363330.000000,1343.000000,364673.000000,0.000000,1343.000000,1.000000,48,-1.000000,""
305,w0,7495,358369.000000,8,12600.000000,1,COMPLETED_SUCCESSFULLY,358369.000000,7495.000000,365864.000000,0.000000,7495.000000,1.000000,8-15,-1.000000,""
306,w0,9014,359825.000000,8,14400.000000,1,COMPLETED_SUCCESSFULLY,359825.000000,9014.000000,368839.000000,0.000000,9014.000000,1.000000,24-31,-1.000000,""
307,w0,9555,361001.000000,16,64800.000000,1,COMPLETED_SUCCESSFULLY,361001.000000,9555.000000,370556.000000,0.000000,9555.000000,1.000000,32-47,-1.000000,""
299,w0,16005,354655.000000,32,21600.000000,1,COMPLETED_SUCCESSFULLY,354655.000000,16005.000000,370660.000000,0.000000,16005.000000,1.000000,88-119,-1.000000,""
309,w0,29,371341.000000,8,12600.000000,1,COMPLETED_SUCCESSFULLY,371341.000000,29.000000,371370.000000,0.000000,29.000000,1.000000,8-15,-1.000000,""
359,w0,29,378151.000000,8,1800.000000,1,COMPLETED_SUCCESSFULLY,378151.000000,29.000000,378180.000000,0.000000,29.000000,1.000000,115-122,-1.000000,""
360,w0,490,378289.000000,8,1800.000000,1,COMPLETED_SUCCESSFULLY,378289.000000,490.000000,378779.000000,0.000000,490.000000,1.000000,115-122,-1.000000,""
341,w0,4275,375241.000000,1,61740.000000,1,COMPLETED_SUCCESSFULLY,375241.000000,4275.000000,379516.000000,0.000000,4275.000000,1.000000,98,-1.000000,""
343,w0,4275,375242.000000,1,61740.000000,1,COMPLETED_SUCCESSFULLY,375242.000000,4275.000000,379517.000000,0.000000,4275.000000,1.000000,100,-1.000000,""
344,w0,4274,375243.000000,1,61740.000000,1,COMPLETED_SUCCESSFULLY,375243.000000,4274.000000,379517.000000,0.000000,4274.000000,1.000000,101,-1.000000,""
345,w0,4273,375244.000000,1,61740.000000,1,COMPLETED_SUCCESSFULLY,375244.000000,4273.000000,379517.000000,0.000000,4273.000000,1.000000,102,-1.000000,""
349,w0,4271,375246.000000,1,61740.000000,1,COMPLETED_SUCCESSFULLY,375246.000000,4271.000000,379517.000000,0.000000,4271.000000,1.000000,106,-1.000000,""
346,w0,4274,375244.000000,1,61740.000000,1,COMPLETED_SUCCESSFULLY,375244.000000,4274.000000,379518.000000,0.000000,4274.000000,1.000000,103,-1.000000,""
348,w0,4272,375246.000000,1,61740.000000,1,COMPLETED_SUCCESSFULLY,375246.000000,4272.000000,379518.000000,0.000000,4272.000000,1.000000,105,-1.000000,""
350,w0,4271,375247.000000,1,61740.000000,1,COMPLETED_SUCCESSFULLY,375247.000000,4271.000000,379518.000000,0.000000,4271.000000,1.000000,107,-1.000000,""
351,w0,4270,375248.000000,1,61740.000000,1,COMPLETED_SUCCESSFULLY,375248.000000,4270.000000,379518.000000,0.000000,4270.000000,1.000000,108,-1.000000,""
352,w0,4270,375248.000000,1,61740.000000,1,COMPLETED_SUCCESSFULLY,375248.000000,4270.000000,379518.000000,0.000000,4270.000000,1.000000,109,-1.000000,""
353,w0,4270,375249.000000,1,61740.000000,1,COMPLETED_SUCCESSFULLY,375249.000000,4270.000000,379519.000000,0.000000,4270.000000,1.000000,110,-1.000000,""
355,w0,4268,375251.000000,1,61740.000000,1,COMPLETED_SUCCESSFULLY,375251.000000,4268.000000,379519.000000,0.000000,4268.000000,1.000000,112,-1.000000,""
347,w0,4275,375245.000000,1,61740.000000,1,COMPLETED_SUCCESSFULLY,375245.000000,4275.000000,379520.000000,0.000000,4275.000000,1.000000,104,-1.000000,""
354,w0,4270,375250.000000,1,61740.000000,1,COMPLETED_SUCCESSFULLY,375250.000000,4270.000000,379520.000000,0.000000,4270.000000,1.000000,111,-1.000000,""
357,w0,4268,375252.000000,1,61740.000000,1,COMPLETED_SUCCESSFULLY,375252.000000,4268.000000,379520.000000,0.000000,4268.000000,1.000000,114,-1.000000,""
356,w0,4270,375251.000000,1,61740.000000,1,COMPLETED_SUCCESSFULLY,375251.000000,4270.000000,379521.000000,0.000000,4270.000000,1.000000,113,-1.000000,""
315,w0,4318,375224.000000,1,61740.000000,1,COMPLETED_SUCCESSFULLY,375224.000000,4318.000000,379542.000000,0.000000,4318.000000,1.000000,72,-1.000000,""
317,w0,4316,375227.000000,1,61740.000000,1,COMPLETED_SUCCESSFULLY,375227.000000,4316.000000,379543.000000,0.000000,4316.000000,1.000000,74,-1.000000,""
316,w0,4318,375226.000000,1,61740.000000,1,COMPLETED_SUCCESSFULLY,375226.000000,4318.000000,379544.000000,0.000000,4318.000000,1.000000,73,-1.000000,""
319,w0,4316,375228.000000,1,61740.000000,1,COMPLETED_SUCCESSFULLY,375228.000000,4316.000000,379544.000000,0.000000,4316.000000,1.000000,76,-1.000000,""
320,w0,4316,375228.000000,1,61740.000000,1,COMPLETED_SUCCESSFULLY,375228.000000,4316.000000,379544.000000,0.000000,4316.000000,1.000000,77,-1.000000,""
321,w0,4315,375229.000000,1,61740.000000,1,COMPLETED_SUCCESSFULLY,375229.000000,4315.000000,379544.000000,0.000000,4315.000000,1.000000,78,-1.000000,""
322,w0,4314,375230.000000,1,61740.000000,1,COMPLETED_SUCCESSFULLY,375230.000000,4314.000000,379544.000000,0.000000,4314.000000,1.000000,79,-1.000000,""
324,w0,4313,375231.000000,1,61740.000000,1,COMPLETED_SUCCESSFULLY,375231.000000,4313.000000,379544.000000,0.000000,4313.000000,1.000000,81,-1.000000,""
325,w0,4313,375231.000000,1,61740.000000,1,COMPLETED_SUCCESSFULLY,375231.000000,4313.000000,379544.000000,0.000000,4313.000000,1.000000,82,-1.000000,""
328,w0,4311,375233.000000,1,61740.000000,1,COMPLETED_SUCCESSFULLY,375233.000000,4311.000000,379544.000000,0.000000,4311.000000,1.000000,85,-1.000000,""
329,w0,4310,375234.000000,1,61740.000000,1,COMPLETED_SUCCESSFULLY,375234.000000,4310.000000,379544.000000,0.000000,4310.000000,1.000000,86,-1.000000,""
331,w0,4309,375235.000000,1,61740.000000,1,COMPLETED_SUCCESSFULLY,375235.000000,4309.000000,379544.000000,0.000000,4309.000000,1.000000,88,-1.000000,""
318,w0,4318,375227.000000,1,61740.000000,1,COMPLETED_SUCCESSFULLY,375227.000000,4318.000000,379545.000000,0.000000,4318.000000,1.000000,75,-1.000000,""
323,w0,4315,375230.000000,1,61740.000000,1,COMPLETED_SUCCESSFULLY,375230.000000,4315.000000,379545.000000,0.000000,4315.000000,1.000000,80,-1.000000,""
326,w0,4313,375232.000000,1,61740.000000,1,COMPLETED_SUCCESSFULLY,375232.000000,4313.000000,379545.000000,0.000000,4313.000000,1.000000,83,-1.000000,""
327,w0,4313,375232.000000,1,61740.000000,1,COMPLETED_SUCCESSFULLY,375232.000000,4313.000000,379545.000000,0.000000,4313.000000,1.000000,84,-1.000000,""
332,w0,4310,375235.000000,1,61740.000000,1,COMPLETED_SUCCESSFULLY,375235.000000,4310.000000,379545.000000,0.000000,4310.000000,1.000000,89,-1.000000,""
333,w0,4309,375236.000000,1,61740.000000,1,COMPLETED_SUCCESSFULLY,375236.000000,4309.000000,379545.000000,0.000000,4309.000000,1.000000,90,-1.000000,""
334,w0,4308,375237.000000,1,61740.000000,1,COMPLETED_SUCCESSFULLY,375237.000000,4308.000000,379545.000000,0.000000,4308.000000,1.000000,91,-1.000000,""
335,w0,4308,375237.000000,1,61740.000000,1,COMPLETED_SUCCESSFULLY,375237.000000,4308.000000,379545.000000,0.000000,4308.000000,1.000000,92,-1.000000,""
336,w0,4307,375238.000000,1,61740.000000,1,COMPLETED_SUCCESSFULLY,375238.000000,4307.000000,379545.000000,0.000000,4307.000000,1.000000,93,-1.000000,""
337,w0,4307,375238.000000,1,61740.000000,1,COMPLETED_SUCCESSFULLY,375238.000000,4307.000000,379545.000000,0.000000,4307.000000,1.000000,94,-1.000000,""
338,w0,4306,375239.000000,1,61740.000000,1,COMPLETED_SUCCESSFULLY,375239.000000,4306.000000,379545.000000,0.000000,4306.000000,1.000000,95,-1.000000,""
330,w0,4312,375234.000000,1,61740.000000,1,COMPLETED_SUCCESSFULLY,375234.000000,4312.000000,379546.000000,0.000000,4312.000000,1.000000,87,-1.000000,""
339,w0,4306,375240.000000,1,61740.000000,1,COMPLETED_SUCCESSFULLY,375240.000000,4306.000000,379546.000000,0.000000,4306.000000,1.000000,96,-1.000000,""
340,w0,4306,375240.000000,1,61740.000000,1,COMPLETED_SUCCESSFULLY,375240.000000,4306.000000,379546.000000,0.000000,4306.000000,1.000000,97,-1.000000,""
342,w0,4305,375241.000000,1,61740.000000,1,COMPLETED_SUCCESSFULLY,375241.000000,4305.000000,379546.000000,0.000000,4305.000000,1.000000,99,-1.000000,""
358,w0,2318,376087.000000,64,7200.000000,1,COMPLETED_SUCCESSFULLY,379518.000000,2318.000000,381836.000000,3431.000000,5749.000000,2.480155,98 100-103 105-107 115-170,-1.000000,""
313,w0,9227,373247.000000,8,14400.000000,1,COMPLETED_SUCCESSFULLY,373247.000000,9227.000000,382474.000000,0.000000,9227.000000,1.000000,32-39,-1.000000,""
361,w0,318,382208.000000,8,7200.000000,1,COMPLETED_SUCCESSFULLY,382208.000000,318.000000,382526.000000,0.000000,318.000000,1.000000,72-79,-1.000000,""
314,w0,13095,374518.000000,32,21600.000000,1,COMPLETED_SUCCESSFULLY,374518.000000,13095.000000,387613.000000,0.000000,13095.000000,1.000000,40-71,-1.000000,""
292,w0,49014,338765.000000,8,64800.000000,1,COMPLETED_SUCCESSFULLY,338765.000000,49014.000000,387779.000000,0.000000,49014.000000,1.000000,0-7,-1.000000,""
312,w0,23075,372757.000000,8,32400.000000,1,COMPLETED_SUCCESSFULLY,372757.000000,23075.000000,395832.000000,0.000000,23075.000000,1.000000,24-31,-1.000000,""
311,w0,23853,372674.000000,8,32400.000000,1,COMPLETED_SUCCESSFULLY,372674.000000,23853.000000,396527.000000,0.000000,23853.000000,1.000000,16-23,-1.000000,""
310,w0,26491,372057.000000,8,32400.000000,1,COMPLETED_SUCCESSFULLY,372057.000000,26491.000000,398548.000000,0.000000,26491.000000,1.000000,8-15,-1.000000,""
405,w0,205,410857.000000,64,600.000000,1,COMPLETED_SUCCESSFULLY,410857.000000,205.000000,411062.000000,0.000000,205.000000,1.000000,8-31 109-148,-1.000000,""
406,w0,179,410878.000000,64,600.000000,1,COMPLETED_SUCCESSFULLY,411062.000000,179.000000,411241.000000,184.000000,363.000000,2.027933,8-31 109-148,-1.000000,""
407,w0,221,410885.000000,64,600.000000,1,COMPLETED_SUCCESSFULLY,411241.000000,221.000000,411462.000000,356.000000,577.000000,2.610860,8-31 109-148,-1.000000,""
408,w0,204,410894.000000,64,600.000000,1,COMPLETED_SUCCESSFULLY,411462.000000,204.000000,411666.000000,568.000000,772.000000,3.784314,8-31 109-148,-1.000000,""
409,w0,219,410899.000000,64,600.000000,1,COMPLETED_SUCCESSFULLY,411666.000000,219.000000,411885.000000,767.000000,986.000000,4.502283,8-31 109-148,-1.000000,""
363,w0,24040,391243.000000,2,61740.000000,1,COMPLETED_SUCCESSFULLY,391243.000000,24040.000000,415283.000000,0.000000,24040.000000,1.000000,1-2,-1.000000,""
364,w0,24040,391243.000000,2,61740.000000,1,COMPLETED_SUCCESSFULLY,391243.000000,24040.000000,415283.000000,0.000000,24040.000000,1.000000,3-4,-1.000000,""
365,w0,24039,391244.000000,2,61740.000000,1,COMPLETED_SUCCESSFULLY,391244.000000,24039.000000,415283.000000,0.000000,24039.000000,1.000000,5-6,-1.000000,""
367,w0,24038,391245.000000,2,61740.000000,1,COMPLETED_SUCCESSFULLY,391245.000000,24038.000000,415283.000000,0.000000,24038.000000,1.000000,33-34,-1.000000,""
366,w0,24039,391245.000000,2,61740.000000,1,COMPLETED_SUCCESSFULLY,391245.000000,24039.000000,415284.000000,0.000000,24039.000000,1.000000,7 32,-1.000000,""
370,w0,24037,391247.000000,2,61740.000000,1,COMPLETED_SUCCESSFULLY,391247.000000,24037.000000,415284.000000,0.000000,24037.000000,1.000000,39-40,-1.000000,""
372,w0,24036,391248.000000,2,61740.000000,1,COMPLETED_SUCCESSFULLY,391248.000000,24036.000000,415284.000000,0.000000,24036.000000,1.000000,43-44,-1.000000,""
375,w0,24034,391250.000000,2,61740.000000,1,COMPLETED_SUCCESSFULLY,391250.000000,24034.000000,415284.000000,0.000000,24034.000000,1.000000,49-50,-1.000000,""
368,w0,24039,391246.000000,2,61740.000000,1,COMPLETED_SUCCESSFULLY,391246.000000,24039.000000,415285.000000,0.000000,24039.000000,1.000000,35-36,-1.000000,""
369,w0,24039,391246.000000,2,61740.000000,1,COMPLETED_SUCCESSFULLY,391246.000000,24039.000000,415285.000000,0.000000,24039.000000,1.000000,37-38,-1.000000,""
371,w0,24037,391248.000000,2,61740.000000,1,COMPLETED_SUCCESSFULLY,391248.000000,24037.000000,415285.000000,0.000000,24037.000000,1.000000,41-42,-1.000000,""
373,w0,24036,391249.000000,2,61740.000000,1,COMPLETED_SUCCESSFULLY,391249.000000,24036.000000,415285.000000,0.000000,24036.000000,1.000000,45-46,-1.000000,""
374,w0,24035,391250.000000,2,61740.000000,1,COMPLETED_SUCCESSFULLY,391250.000000,24035.000000,415285.000000,0.000000,24035.000000,1.000000,47-48,-1.000000,""
376,w0,24034,391251.000000,2,61740.000000,1,COMPLETED_SUCCESSFULLY,391251.000000,24034.000000,415285.000000,0.000000,24034.000000,1.000000,51-52,-1.000000,""
377,w0,24034,391251.000000,2,61740.000000,1,COMPLETED_SUCCESSFULLY,391251.000000,24034.000000,415285.000000,0.000000,24034.000000,1.000000,53-54,-1.000000,""
378,w0,24033,391252.000000,2,61740.000000,1,COMPLETED_SUCCESSFULLY,391252.000000,24033.000000,415285.000000,0.000000,24033.000000,1.000000,55-56,-1.000000,""
379,w0,24032,391253.000000,2,61740.000000,1,COMPLETED_SUCCESSFULLY,391253.000000,24032.000000,415285.000000,0.000000,24032.000000,1.000000,57-58,-1.000000,""
380,w0,24032,391253.000000,2,61740.000000,1,COMPLETED_SUCCESSFULLY,391253.000000,24032.000000,415285.000000,0.000000,24032.000000,1.000000,59-60,-1.000000,""
381,w0,24031,391254.000000,2,61740.000000,1,COMPLETED_SUCCESSFULLY,391254.000000,24031.000000,415285.000000,0.000000,24031.000000,1.000000,61-62,-1.000000,""
383,w0,24030,391255.000000,2,61740.000000,1,COMPLETED_SUCCESSFULLY,391255.000000,24030.000000,415285.000000,0.000000,24030.000000,1.000000,65-66,-1.000000,""
384,w0,24029,391256.000000,2,61740.000000,1,COMPLETED_SUCCESSFULLY,391256.000000,24029.000000,415285.000000,0.000000,24029.000000,1.000000,67-68,-1.000000,""
386,w0,24028,391257.000000,2,61740.000000,1,COMPLETED_SUCCESSFULLY,391257.000000,24028.000000,415285.000000,0.000000,24028.000000,1.000000,71-72,-1.000000,""
382,w0,24032,391254.000000,2,61740.000000,1,COMPLETED_SUCCESSFULLY,391254.000000,24032.000000,415286.000000,0.000000,24032.000000,1.000000,63-64,-1.000000,""
385,w0,24030,391256.000000,2,61740.000000,1,COMPLETED_SUCCESSFULLY,391256.000000,24030.000000,415286.000000,0.000000,24030.000000,1.000000,69-70,-1.000000,""
387,w0,24029,391257.000000,2,61740.000000,1,COMPLETED_SUCCESSFULLY,391257.000000,24029.000000,415286.000000,0.000000,24029.000000,1.000000,73-74,-1.000000,""
388,w0,24028,391258.000000,2,61740.000000,1,COMPLETED_SUCCESSFULLY,391258.000000,24028.000000,415286.000000,0.000000,24028.000000,1.000000,75-76,-1.000000,""
389,w0,24027,391259.000000,2,61740.000000,1,COMPLETED_SUCCESSFULLY,391259.000000,24027.000000,415286.000000,0.000000,24027.000000,1.000000,77-78,-1.000000,""
390,w0,24027,391259.000000,2,61740.000000,1,COMPLETED_SUCCESSFULLY,391259.000000,24027.000000,415286.000000,0.000000,24027.000000,1.000000,79-80,-1.000000,""
391,w0,24026,391260.000000,2,61740.000000,1,COMPLETED_SUCCESSFULLY,391260.000000,24026.000000,415286.000000,0.000000,24026.000000,1.000000,81-82,-1.000000,""
392,w0,24026,391260.000000,2,61740.000000,1,COMPLETED_SUCCESSFULLY,391260.000000,24026.000000,415286.000000,0.000000,24026.000000,1.000000,83-84,-1.000000,""
393,w0,24026,391261.000000,2,61740.000000,1,COMPLETED_SUCCESSFULLY,391261.000000,24026.000000,415287.000000,0.000000,24026.000000,1.000000,85-86,-1.000000,""
394,w0,24025,391262.000000,2,61740.000000,1,COMPLETED_SUCCESSFULLY,391262.000000,24025.000000,415287.000000,0.000000,24025.000000,1.000000,87-88,-1.000000,""
396,w0,24024,391263.000000,2,61740.000000,1,COMPLETED_SUCCESSFULLY,391263.000000,24024.000000,415287.000000,0.000000,24024.000000,1.000000,91-92,-1.000000,""
397,w0,24024,391263.000000,2,61740.000000,1,COMPLETED_SUCCESSFULLY,391263.000000,24024.000000,415287.000000,0.000000,24024.000000,1.000000,93-94,-1.000000,""
400,w0,24022,391265.000000,2,61740.000000,1,COMPLETED_SUCCESSFULLY,391265.000000,24022.000000,415287.000000,0.000000,24022.000000,1.000000,99-100,-1.000000,""
395,w0,24026,391262.000000,2,61740.000000,1,COMPLETED_SUCCESSFULLY,391262.000000,24026.000000,415288.000000,0.000000,24026.000000,1.000000,89-90,-1.000000,""
398,w0,24024,391264.000000,2,61740.000000,1,COMPLETED_SUCCESSFULLY,391264.000000,24024.000000,415288.000000,0.000000,24024.000000,1.000000,95-96,-1.000000,""
399,w0,24023,391265.000000,2,61740.000000,1,COMPLETED_SUCCESSFULLY,391265.000000,24023.000000,415288.000000,0.000000,24023.000000,1.000000,97-98,-1.000000,""
401,w0,24022,391266.000000,2,61740.000000,1,COMPLETED_SUCCESSFULLY,391266.000000,24022.000000,415288.000000,0.000000,24022.000000,1.000000,101-102,-1.000000,""
402,w0,24022,391266.000000,2,61740.000000,1,COMPLETED_SUCCESSFULLY,391266.000000,24022.000000,415288.000000,0.000000,24022.000000,1.000000,103-104,-1.000000,""
403,w0,24021,391267.000000,2,61740.000000,1,COMPLETED_SUCCESSFULLY,391267.000000,24021.000000,415288.000000,0.000000,24021.000000,1.000000,105-106,-1.000000,""
404,w0,24021,391268.000000,2,61740.000000,1,COMPLETED_SUCCESSFULLY,391268.000000,24021.000000,415289.000000,0.000000,24021.000000,1.000000,107-108,-1.000000,""
362,w0,24059,391241.000000,1,61740.000000,1,COMPLETED_SUCCESSFULLY,391241.000000,24059.000000,415300.000000,0.000000,24059.000000,1.000000,0,-1.000000,""
410,w0,181,415741.000000,64,600.000000,1,COMPLETED_SUCCESSFULLY,415741.000000,181.000000,415922.000000,0.000000,181.000000,1.000000,0-63,-1.000000,""
411,w0,208,415747.000000,64,600.000000,1,COMPLETED_SUCCESSFULLY,415747.000000,208.000000,415955.000000,0.000000,208.000000,1.000000,64-127,-1.000000,""
412,w0,177,415752.000000,64,600.000000,1,COMPLETED_SUCCESSFULLY,415922.000000,177.000000,416099.000000,170.000000,347.000000,1.960452,0-63,-1.000000,""
413,w0,218,415757.000000,64,600.000000,1,COMPLETED_SUCCESSFULLY,415955.000000,218.000000,416173.000000,198.000000,416.000000,1.908257,64-127,-1.000000,""
414,w0,184,415760.000000,64,600.000000,1,COMPLETED_SUCCESSFULLY,416099.000000,184.000000,416283.000000,339.000000,523.000000,2.842391,0-63,-1.000000,""
445,w0,2236,417332.000000,2,61740.000000,1,COMPLETED_SUCCESSFULLY,417332.000000,2236.000000,419568.000000,0.000000,2236.000000,1.000000,59-60,-1.000000,""
446,w0,2238,417332.000000,2,61740.000000,1,COMPLETED_SUCCESSFULLY,417332.000000,2238.000000,419570.000000,0.000000,2238.000000,1.000000,61-62,-1.000000,""
447,w0,2237,417333.000000,2,61740.000000,1,COMPLETED_SUCCESSFULLY,417333.000000,2237.000000,419570.000000,0.000000,2237.000000,1.000000,63-64,-1.000000,""
448,w0,2236,417334.000000,2,61740.000000,1,COMPLETED_SUCCESSFULLY,417334.000000,2236.000000,419570.000000,0.000000,2236.000000,1.000000,65-66,-1.000000,""
449,w0,2236,417334.000000,2,61740.000000,1,COMPLETED_SUCCESSFULLY,417334.000000,2236.000000,419570.000000,0.000000,2236.000000,1.000000,67-68,-1.000000,""
450,w0,2235,417335.000000,2,61740.000000,1,COMPLETED_SUCCESSFULLY,417335.000000,2235.000000,419570.000000,0.000000,2235.000000,1.000000,69-70,-1.000000,""
451,w0,2234,417336.000000,2,61740.000000,1,COMPLETED_SUCCESSFULLY,417336.000000,2234.000000,419570.000000,0.000000,2234.000000,1.000000,71-72,-1.000000,""
452,w0,2233,417337.000000,2,61740.000000,1,COMPLETED_SUCCESSFULLY,417337.000000,2233.000000,419570.000000,0.000000,2233.000000,1.000000,73-74,-1.000000,""
453,w0,2234,417337.000000,2,61740.000000,1,COMPLETED_SUCCESSFULLY,417337.000000,2234.000000,419571.000000,0.000000,2234.000000,1.000000,75-76,-1.000000,""
456,w0,2231,417340.000000,2,61740.000000,1,COMPLETED_SUCCESSFULLY,417340.000000,2231.000000,419571.000000,0.000000,2231.000000,1.000000,81-82,-1.000000,""
454,w0,2234,417338.000000,2,61740.000000,1,COMPLETED_SUCCESSFULLY,417338.000000,2234.000000,419572.000000,0.000000,2234.000000,1.000000,77-78,-1.000000,""
455,w0,2233,417339.000000,2,61740.000000,1,COMPLETED_SUCCESSFULLY,417339.000000,2233.000000,419572.000000,0.000000,2233.000000,1.000000,79-80,-1.000000,""
415,w0,2272,417312.000000,1,61740.000000,1,COMPLETED_SUCCESSFULLY,417312.000000,2272.000000,419584.000000,0.000000,2272.000000,1.000000,0,-1.000000,""
419,w0,2280,417316.000000,2,61740.000000,1,COMPLETED_SUCCESSFULLY,417316.000000,2280.000000,419596.000000,0.000000,2280.000000,1.000000,7-8,-1.000000,""
416,w0,2283,417314.000000,2,61740.000000,1,COMPLETED_SUCCESSFULLY,417314.000000,2283.000000,419597.000000,0.000000,2283.000000,1.000000,1-2,-1.000000,""
417,w0,2282,417315.000000,2,61740.000000,1,COMPLETED_SUCCESSFULLY,417315.000000,2282.000000,419597.000000,0.000000,2282.000000,1.000000,3-4,-1.000000,""
420,w0,2281,417316.000000,2,61740.000000,1,COMPLETED_SUCCESSFULLY,417316.000000,2281.000000,419597.000000,0.000000,2281.000000,1.000000,9-10,-1.000000,""
421,w0,2280,417317.000000,2,61740.000000,1,COMPLETED_SUCCESSFULLY,417317.000000,2280.000000,419597.000000,0.000000,2280.000000,1.000000,11-12,-1.000000,""
422,w0,2279,417318.000000,2,61740.000000,1,COMPLETED_SUCCESSFULLY,417318.000000,2279.000000,419597.000000,0.000000,2279.000000,1.000000,13-14,-1.000000,""
423,w0,2279,417318.000000,2,61740.000000,1,COMPLETED_SUCCESSFULLY,417318.000000,2279.000000,419597.000000,0.000000,2279.000000,1.000000,15-16,-1.000000,""
425,w0,2278,417319.000000,2,61740.000000,1,COMPLETED_SUCCESSFULLY,417319.000000,2278.000000,419597.000000,0.000000,2278.000000,1.000000,19-20,-1.000000,""
426,w0,2277,417320.000000,2,61740.000000,1,COMPLETED_SUCCESSFULLY,417320.000000,2277.000000,419597.000000,0.000000,2277.000000,1.000000,21-22,-1.000000,""
428,w0,2276,417321.000000,2,61740.000000,1,COMPLETED_SUCCESSFULLY,417321.000000,2276.000000,419597.000000,0.000000,2276.000000,1.000000,25-26,-1.000000,""
429,w0,2275,417322.000000,2,61740.000000,1,COMPLETED_SUCCESSFULLY,417322.000000,2275.000000,419597.000000,0.000000,2275.000000,1.000000,27-28,-1.000000,""
431,w0,2274,417323.000000,2,61740.000000,1,COMPLETED_SUCCESSFULLY,417323.000000,2274.000000,419597.000000,0.000000,2274.000000,1.000000,31-32,-1.000000,""
434,w0,2272,417325.000000,2,61740.000000,1,COMPLETED_SUCCESSFULLY,417325.000000,2272.000000,419597.000000,0.000000,2272.000000,1.000000,37-38,-1.000000,""
424,w0,2279,417319.000000,2,61740.000000,1,COMPLETED_SUCCESSFULLY,417319.000000,2279.000000,419598.000000,0.000000,2279.000000,1.000000,17-18,-1.000000,""
427,w0,2277,417321.000000,2,61740.000000,1,COMPLETED_SUCCESSFULLY,417321.000000,2277.000000,419598.000000,0.000000,2277.000000,1.000000,23-24,-1.000000,""
430,w0,2276,417322.000000,2,61740.000000,1,COMPLETED_SUCCESSFULLY,417322.000000,2276.000000,419598.000000,0.000000,2276.000000,1.000000,29-30,-1.000000,""
432,w0,2274,417324.000000,2,61740.000000,1,COMPLETED_SUCCESSFULLY,417324.000000,2274.000000,419598.000000,0.000000,2274.000000,1.000000,33-34,-1.000000,""
433,w0,2274,417324.000000,2,61740.000000,1,COMPLETED_SUCCESSFULLY,417324.000000,2274.000000,419598.000000,0.000000,2274.000000,1.000000,35-36,-1.000000,""
435,w0,2273,417325.000000,2,61740.000000,1,COMPLETED_SUCCESSFULLY,417325.000000,2273.000000,419598.000000,0.000000,2273.000000,1.000000,39-40,-1.000000,""
437,w0,2271,417327.000000,2,61740.000000,1,COMPLETED_SUCCESSFULLY,417327.000000,2271.000000,419598.000000,0.000000,2271.000000,1.000000,43-44,-1.000000,""
439,w0,2270,417328.000000,2,61740.000000,1,COMPLETED_SUCCESSFULLY,417328.000000,2270.000000,419598.000000,0.000000,2270.000000,1.000000,47-48,-1.000000,""
418,w0,2283,417315.000000,2,61740.000000,1,COMPLETED_SUCCESSFULLY,417315.000000,2283.000000,419598.000000,0.000000,2283.000000,1.000000,5-6,-1.000000,""
436,w0,2273,417326.000000,2,61740.000000,1,COMPLETED_SUCCESSFULLY,417326.000000,2273.000000,419599.000000,0.000000,2273.000000,1.000000,41-42,-1.000000,""
438,w0,2272,417327.000000,2,61740.000000,1,COMPLETED_SUCCESSFULLY,417327.000000,2272.000000,419599.000000,0.000000,2272.000000,1.000000,45-46,-1.000000,""
440,w0,2271,417328.000000,2,61740.000000,1,COMPLETED_SUCCESSFULLY,417328.000000,2271.000000,419599.000000,0.000000,2271.000000,1.000000,49-50,-1.000000,""
441,w0,2270,417329.000000,2,61740.000000,1,COMPLETED_SUCCESSFULLY,417329.000000,2270.000000,419599.000000,0.000000,2270.000000,1.000000,51-52,-1.000000,""
442,w0,2269,417330.000000,2,61740.000000,1,COMPLETED_SUCCESSFULLY,417330.000000,2269.000000,419599.000000,0.000000,2269.000000,1.000000,53-54,-1.000000,""
443,w0,2270,417330.000000,2,61740.000000,1,COMPLETED_SUCCESSFULLY,417330.000000,2270.000000,419600.000000,0.000000,2270.000000,1.000000,55-56,-1.000000,""
444,w0,2269,417331.000000,2,61740.000000,1,COMPLETED_SUCCESSFULLY,417331.000000,2269.000000,419600.000000,0.000000,2269.000000,1.000000,57-58,-1.000000,""
458,w0,157,622151.000000,64,300.000000,1,COMPLETED_SUCCESSFULLY,622151.000000,157.000000,622308.000000,0.000000,157.000000,1.000000,64-127,-1.000000,""
457,w0,167,622144.000000,64,300.000000,1,COMPLETED_SUCCESSFULLY,622144.000000,167.000000,622311.000000,0.000000,167.000000,1.000000,0-63,-1.000000,""
459,w0,163,622155.000000,64,300.000000,1,COMPLETED_SUCCESSFULLY,622308.000000,163.000000,622471.000000,153.000000,316.000000,1.938650,64-127,-1.000000,""
460,w0,161,622160.000000,64,300.000000,1,COMPLETED_SUCCESSFULLY,622311.000000,161.000000,622472.000000,151.000000,312.000000,1.937888,0-63,-1.000000,""
461,w0,157,622166.000000,64,300.000000,1,COMPLETED_SUCCESSFULLY,622471.000000,157.000000,622628.000000,305.000000,462.000000,2.942675,64-127,-1.000000,""
462,w0,166,622174.000000,64,300.000000,1,COMPLETED_SUCCESSFULLY,622472.000000,166.000000,622638.000000,298.000000,464.000000,2.795181,0-63,-1.000000,""
463,w0,158,622179.000000,64,300.000000,1,COMPLETED_SUCCESSFULLY,622628.000000,158.000000,622786.000000,449.000000,607.000000,3.841772,64-127,-1.000000,""
464,w0,161,622184.000000,64,300.000000,1,COMPLETED_SUCCESSFULLY,622638.000000,161.000000,622799.000000,454.000000,615.000000,3.819876,0-63,-1.000000,""
465,w0,160,622188.000000,64,300.000000,1,COMPLETED_SUCCESSFULLY,622786.000000,160.000000,622946.000000,598.000000,758.000000,4.737500,64-127,-1.000000,""
466,w0,159,622198.000000,64,300.000000,1,COMPLETED_SUCCESSFULLY,622799.000000,159.000000,622958.000000,601.000000,760.000000,4.779874,0-63,-1.000000,""
467,w0,130,622444.000000,128,300.000000,1,COMPLETED_SUCCESSFULLY,622958.000000,130.000000,623088.000000,514.000000,644.000000,4.953846,0-127,-1.000000,""
468,w0,126,622451.000000,128,300.000000,1,COMPLETED_SUCCESSFULLY,623088.000000,126.000000,623214.000000,637.000000,763.000000,6.055556,0-127,-1.000000,""
469,w0,132,622456.000000,128,300.000000,1,COMPLETED_SUCCESSFULLY,623214.000000,132.000000,623346.000000,758.000000,890.000000,6.742424,0-127,-1.000000,""
470,w0,128,622465.000000,128,300.000000,1,COMPLETED_SUCCESSFULLY,623346.000000,128.000000,623474.000000,881.000000,1009.000000,7.882813,0-127,-1.000000,""
471,w0,130,622471.000000,128,300.000000,1,COMPLETED_SUCCESSFULLY,623474.000000,130.000000,623604.000000,1003.000000,1133.000000,8.715385,0-127,-1.000000,""
472,w0,128,622505.000000,128,300.000000,1,COMPLETED_SUCCESSFULLY,623604.000000,128.000000,623732.000000,1099.000000,1227.000000,9.585938,0-127,-1.000000,""
473,w0,133,622509.000000,128,300.000000,1,COMPLETED_SUCCESSFULLY,623732.000000,133.000000,623865.000000,1223.000000,1356.000000,10.195489,0-127,-1.000000,""
474,w0,126,622515.000000,128,300.000000,1,COMPLETED_SUCCESSFULLY,623865.000000,126.000000,623991.000000,1350.000000,1476.000000,11.714286,0-127,-1.000000,""
475,w0,130,622520.000000,128,300.000000,1,COMPLETED_SUCCESSFULLY,623991.000000,130.000000,624121.000000,1471.000000,1601.000000,12.315385,0-127,-1.000000,""
476,w0,126,622526.000000,128,300.000000,1,COMPLETED_SUCCESSFULLY,624121.000000,126.000000,624247.000000,1595.000000,1721.000000,13.658730,0-127,-1.000000,""
477,w0,461,623104.000000,64,20000.000000,1,COMPLETED_SUCCESSFULLY,624247.000000,461.000000,624708.000000,1143.000000,1604.000000,3.479393,0-63,-1.000000,""
478,w0,156,623272.000000,160,3600.000000,1,COMPLETED_SUCCESSFULLY,624708.000000,156.000000,624864.000000,1436.000000,1592.000000,10.205128,0-159,-1.000000,""
479,w0,550,623281.000000,160,3600.000000,1,COMPLETED_SUCCESSFULLY,624864.000000,550.000000,625414.000000,1583.000000,2133.000000,3.878182,0-159,-1.000000,""
481,w0,348,626726.000000,1,43200.000000,1,COMPLETED_SUCCESSFULLY,626726.000000,348.000000,627074.000000,0.000000,348.000000,1.000000,1,-1.000000,""
480,w0,1098,626658.000000,1,43200.000000,1,COMPLETED_SUCCESSFULLY,626658.000000,1098.000000,627756.000000,0.000000,1098.000000,1.000000,0,-1.000000,""
482,w0,1105,626769.000000,1,43200.000000,1,COMPLETED_SUCCESSFULLY,626769.000000,1105.000000,627874.000000,0.000000,1105.000000,1.000000,2,-1.000000,""
485,w0,303,628699.000000,1,3600.000000,1,COMPLETED_SUCCESSFULLY,628699.000000,303.000000,629002.000000,0.000000,303.000000,1.000000,2,-1.000000,""
483,w0,3166,628329.000000,1,43200.000000,1,COMPLETED_SUCCESSFULLY,628329.000000,3166.000000,631495.000000,0.000000,3166.000000,1.000000,0,-1.000000,""
486,w0,3453,629103.000000,1,3600.000000,1,COMPLETED_SUCCESSFULLY,629103.000000,3453.000000,632556.000000,0.000000,3453.000000,1.000000,2,-1.000000,""
488,w0,141,632700.000000,1,43200.000000,1,COMPLETED_SUCCESSFULLY,632700.000000,141.000000,632841.000000,0.000000,141.000000,1.000000,2,-1.000000,""
489,w0,131,632774.000000,1,3600.000000,1,COMPLETED_SUCCESSFULLY,632774.000000,131.000000,632905.000000,0.000000,131.000000,1.000000,3,-1.000000,""
491,w0,212,633097.000000,1,3600.000000,1,COMPLETED_SUCCESSFULLY,633097.000000,212.000000,633309.000000,0.000000,212.000000,1.000000,2,-1.000000,""
492,w0,948,633268.000000,1,3600.000000,1,COMPLETED_SUCCESSFULLY,633268.000000,948.000000,634216.000000,0.000000,948.000000,1.000000,3,-1.000000,""
493,w0,443,634076.000000,8,14400.000000,1,COMPLETED_SUCCESSFULLY,634076.000000,443.000000,634519.000000,0.000000,443.000000,1.000000,2 132-138,-1.000000,""
494,w0,608,634287.000000,1,3600.000000,1,COMPLETED_SUCCESSFULLY,634287.000000,608.000000,634895.000000,0.000000,608.000000,1.000000,3,-1.000000,""
495,w0,863,634929.000000,1,3600.000000,1,COMPLETED_SUCCESSFULLY,634929.000000,863.000000,635792.000000,0.000000,863.000000,1.000000,2,-1.000000,""
490,w0,6896,632795.000000,128,39600.000000,1,COMPLETED_SUCCESSFULLY,632795.000000,6896.000000,639691.000000,0.000000,6896.000000,1.000000,4-131,-1.000000,""
484,w0,11175,628573.000000,1,43200.000000,1,COMPLETED_SUCCESSFULLY,628573.000000,11175.000000,639748.000000,0.000000,11175.000000,1.000000,1,-1.000000,""
496,w0,2086,639162.000000,1,3600.000000,1,COMPLETED_SUCCESSFULLY,639162.000000,2086.000000,641248.000000,0.000000,2086.000000,1.000000,2,-1.000000,""
497,w0,3230,640489.000000,8,43200.000000,1,COMPLETED_SUCCESSFULLY,640489.000000,3230.000000,643719.000000,0.000000,3230.000000,1.000000,1 3-9,-1.000000,""
498,w0,2976,641336.000000,1,7200.000000,1,COMPLETED_SUCCESSFULLY,641336.000000,2976.000000,644312.000000,0.000000,2976.000000,1.000000,2,-1.000000,""
487,w0,13554,632138.000000,1,43200.000000,1,COMPLETED_SUCCESSFULLY,632138.000000,13554.000000,645692.000000,0.000000,13554.000000,1.000000,0,-1.000000,""
499,w0,3051,645908.000000,1,7200.000000,1,COMPLETED_SUCCESSFULLY,645908.000000,3051.000000,648959.000000,0.000000,3051.000000,1.000000,0,-1.000000,""
500,w0,1792,649955.000000,1,7200.000000,1,COMPLETED_SUCCESSFULLY,649955.000000,1792.000000,651747.000000,0.000000,1792.000000,1.000000,0,-1.000000,""
501,w0,166,652855.000000,1,7200.000000,1,COMPLETED_SUCCESSFULLY,652855.000000,166.000000,653021.000000,0.000000,166.000000,1.000000,0,-1.000000,""
502,w0,1648,653632.000000,1,43200.000000,1,COMPLETED_SUCCESSFULLY,653632.000000,1648.000000,655280.000000,0.000000,1648.000000,1.000000,0,-1.000000,""
503,w0,3401,654655.000000,1,43200.000000,1,COMPLETED_SUCCESSFULLY,654655.000000,3401.000000,658056.000000,0.000000,3401.000000,1.000000,1,-1.000000,""
504,w0,158,674767.000000,2,3600.000000,1,COMPLETED_SUCCESSFULLY,674767.000000,158.000000,674925.000000,0.000000,158.000000,1.000000,0-1,-1.000000,""
505,w0,165,674903.000000,64,300.000000,1,COMPLETED_SUCCESSFULLY,674903.000000,165.000000,675068.000000,0.000000,165.000000,1.000000,2-65,-1.000000,""
506,w0,160,674915.000000,64,300.000000,1,COMPLETED_SUCCESSFULLY,674915.000000,160.000000,675075.000000,0.000000,160.000000,1.000000,66-129,-1.000000,""
507,w0,162,674920.000000,64,300.000000,1,COMPLETED_SUCCESSFULLY,675068.000000,162.000000,675230.000000,148.000000,310.000000,1.913580,0-63,-1.000000,""
508,w0,165,674924.000000,64,300.000000,1,COMPLETED_SUCCESSFULLY,675075.000000,165.000000,675240.000000,151.000000,316.000000,1.915152,64-127,-1.000000,""
509,w0,160,674927.000000,64,300.000000,1,COMPLETED_SUCCESSFULLY,675230.000000,160.000000,675390.000000,303.000000,463.000000,2.893750,0-63,-1.000000,""
510,w0,164,674938.000000,64,300.000000,1,COMPLETED_SUCCESSFULLY,675240.000000,164.000000,675404.000000,302.000000,466.000000,2.841463,64-127,-1.000000,""
511,w0,163,674942.000000,64,300.000000,1,COMPLETED_SUCCESSFULLY,675390.000000,163.000000,675553.000000,448.000000,611.000000,3.748466,0-63,-1.000000,""
512,w0,164,674950.000000,64,300.000000,1,COMPLETED_SUCCESSFULLY,675404.000000,164.000000,675568.000000,454.000000,618.000000,3.768293,64-127,-1.000000,""
513,w0,163,674954.000000,64,300.000000,1,COMPLETED_SUCCESSFULLY,675553.000000,163.000000,675716.000000,599.000000,762.000000,4.674847,0-63,-1.000000,""
514,w0,161,674962.000000,64,300.000000,1,COMPLETED_SUCCESSFULLY,675568.000000,161.000000,675729.000000,606.000000,767.000000,4.763975,64-127,-1.000000,""
516,w0,679,676094.000000,1,3600.000000,1,COMPLETED_SUCCESSFULLY,676094.000000,679.000000,676773.000000,0.000000,679.000000,1.000000,170,-1.000000,""
515,w0,6916,675022.000000,170,43200.000000,1,COMPLETED_SUCCESSFULLY,675729.000000,6916.000000,682645.000000,707.000000,7623.000000,1.102227,0-169,-1.000000,""
518,w0,21,677777.000000,2,64800.000000,1,COMPLETED_SUCCESSFULLY,682645.000000,21.000000,682666.000000,4868.000000,4889.000000,232.809524,8-9,-1.000000,""
520,w0,52,685656.000000,64,900.000000,1,COMPLETED_SUCCESSFULLY,685656.000000,52.000000,685708.000000,0.000000,52.000000,1.000000,40-103,-1.000000,""
521,w0,11,689086.000000,1,28800.000000,1,COMPLETED_SUCCESSFULLY,689086.000000,11.000000,689097.000000,0.000000,11.000000,1.000000,40,-1.000000,""
522,w0,11,689087.000000,1,28800.000000,1,COMPLETED_SUCCESSFULLY,689087.000000,11.000000,689098.000000,0.000000,11.000000,1.000000,41,-1.000000,""
523,w0,138,689258.000000,1,28800.000000,1,COMPLETED_SUCCESSFULLY,689258.000000,138.000000,689396.000000,0.000000,138.000000,1.000000,40,-1.000000,""
524,w0,167,689862.000000,2,3600.000000,1,COMPLETED_SUCCESSFULLY,689862.000000,167.000000,690029.000000,0.000000,167.000000,1.000000,40-41,-1.000000,""
526,w0,168,691967.000000,2,3600.000000,1,COMPLETED_SUCCESSFULLY,691967.000000,168.000000,692135.000000,0.000000,168.000000,1.000000,40-41,-1.000000,""
527,w0,22,692304.000000,2,64800.000000,1,COMPLETED_SUCCESSFULLY,692304.000000,22.000000,692326.000000,0.000000,22.000000,1.000000,40-41,-1.000000,""
519,w0,9583,682807.000000,32,14400.000000,1,COMPLETED_SUCCESSFULLY,682807.000000,9583.000000,692390.000000,0.000000,9583.000000,1.000000,8-39,-1.000000,""
529,w0,17,692427.000000,1,14400.000000,1,COMPLETED_SUCCESSFULLY,692427.000000,17.000000,692444.000000,0.000000,17.000000,1.000000,9,-1.000000,""
528,w0,157,692395.000000,1,330.000000,1,COMPLETED_SUCCESSFULLY,692395.000000,157.000000,692552.000000,0.000000,157.000000,1.000000,8,-1.000000,""
530,w0,17,693040.000000,1,2130.000000,1,COMPLETED_SUCCESSFULLY,693040.000000,17.000000,693057.000000,0.000000,17.000000,1.000000,8,-1.000000,""
531,w0,16,693262.000000,1,14400.000000,1,COMPLETED_SUCCESSFULLY,693262.000000,16.000000,693278.000000,0.000000,16.000000,1.000000,8,-1.000000,""
532,w0,17,693360.000000,1,14400.000000,1,COMPLETED_SUCCESSFULLY,693360.000000,17.000000,693377.000000,0.000000,17.000000,1.000000,8,-1.000000,""
533,w0,17,693418.000000,1,14400.000000,1,COMPLETED_SUCCESSFULLY,693418.000000,17.000000,693435.000000,0.000000,17.000000,1.000000,8,-1.000000,""
534,w0,17,693530.000000,1,14400.000000,1,COMPLETED_SUCCESSFULLY,693530.000000,17.000000,693547.000000,0.000000,17.000000,1.000000,8,-1.000000,""
535,w0,18,693656.000000,1,14400.000000,1,COMPLETED_SUCCESSFULLY,693656.000000,18.000000,693674.000000,0.000000,18.000000,1.000000,8,-1.000000,""
536,w0,17,693726.000000,1,14400.000000,1,COMPLETED_SUCCESSFULLY,693726.000000,17.000000,693743.000000,0.000000,17.000000,1.000000,8,-1.000000,""
537,w0,16,693908.000000,1,14400.000000,1,COMPLETED_SUCCESSFULLY,693908.000000,16.000000,693924.000000,0.000000,16.000000,1.000000,8,-1.000000,""
538,w0,16,694089.000000,1,14400.000000,1,COMPLETED_SUCCESSFULLY,694089.000000,16.000000,694105.000000,0.000000,16.000000,1.000000,8,-1.000000,""
539,w0,23,694267.000000,1,14400.000000,1,COMPLETED_SUCCESSFULLY,694267.000000,23.000000,694290.000000,0.000000,23.000000,1.000000,8,-1.000000,""
540,w0,28,694373.000000,1,14400.000000,1,COMPLETED_SUCCESSFULLY,694373.000000,28.000000,694401.000000,0.000000,28.000000,1.000000,8,-1.000000,""
541,w0,27,694602.000000,1,14400.000000,1,COMPLETED_SUCCESSFULLY,694602.000000,27.000000,694629.000000,0.000000,27.000000,1.000000,8,-1.000000,""
542,w0,27,694756.000000,1,14400.000000,1,COMPLETED_SUCCESSFULLY,694756.000000,27.000000,694783.000000,0.000000,27.000000,1.000000,8,-1.000000,""
543,w0,17,695014.000000,1,14400.000000,1,COMPLETED_SUCCESSFULLY,695014.000000,17.000000,695031.000000,0.000000,17.000000,1.000000,8,-1.000000,""
544,w0,22,696529.000000,1,14400.000000,1,COMPLETED_SUCCESSFULLY,696529.000000,22.000000,696551.000000,0.000000,22.000000,1.000000,8,-1.000000,""
545,w0,17,696620.000000,1,2130.000000,1,COMPLETED_SUCCESSFULLY,696620.000000,17.000000,696637.000000,0.000000,17.000000,1.000000,8,-1.000000,""
546,w0,17,697216.000000,1,2130.000000,1,COMPLETED_SUCCESSFULLY,697216.000000,17.000000,697233.000000,0.000000,17.000000,1.000000,8,-1.000000,""
547,w0,18,698508.000000,1,2130.000000,1,COMPLETED_SUCCESSFULLY,698508.000000,18.000000,698526.000000,0.000000,18.000000,1.000000,8,-1.000000,""
548,w0,124,698780.000000,1,2130.000000,1,COMPLETED_SUCCESSFULLY,698780.000000,124.000000,698904.000000,0.000000,124.000000,1.000000,8,-1.000000,""
517,w0,16720,677068.000000,8,64800.000000,1,COMPLETED_SUCCESSFULLY,682645.000000,16720.000000,699365.000000,5577.000000,22297.000000,1.333553,0-7,-1.000000,""
525,w0,64,690391.000000,170,1200.000000,1,COMPLETED_SUCCESSFULLY,699365.000000,64.000000,699429.000000,8974.000000,9038.000000,141.218750,0-169,-1.000000,""
549,w0,31,699667.000000,16,200.000000,1,COMPLETED_SUCCESSFULLY,699667.000000,31.000000,699698.000000,0.000000,31.000000,1.000000,0-15,-1.000000,""
550,w0,11,700577.000000,1,2130.000000,1,COMPLETED_SUCCESSFULLY,700577.000000,11.000000,700588.000000,0.000000,11.000000,1.000000,0,-1.000000,""
551,w0,11,701285.000000,1,2130.000000,1,COMPLETED_SUCCESSFULLY,701285.000000,11.000000,701296.000000,0.000000,11.000000,1.000000,0,-1.000000,""
552,w0,165,702693.000000,12,900.000000,1,COMPLETED_SUCCESSFULLY,702693.000000,165.000000,702858.000000,0.000000,165.000000,1.000000,0-11,-1.000000,""
553,w0,16,703534.000000,1,14400.000000,1,COMPLETED_SUCCESSFULLY,703534.000000,16.000000,703550.000000,0.000000,16.000000,1.000000,0,-1.000000,""
554,w0,117,703562.000000,32,600.000000,1,COMPLETED_SUCCESSFULLY,703562.000000,117.000000,703679.000000,0.000000,117.000000,1.000000,0-31,-1.000000,""
558,w0,33,704072.000000,7,1200.000000,1,COMPLETED_SUCCESSFULLY,704072.000000,33.000000,704105.000000,0.000000,33.000000,1.000000,72-78,-1.000000,""
559,w0,39,704079.000000,35,1200.000000,1,COMPLETED_SUCCESSFULLY,704079.000000,39.000000,704118.000000,0.000000,39.000000,1.000000,79-113,-1.000000,""
555,w0,512,703906.000000,8,600.000000,1,COMPLETED_SUCCESSFULLY,703906.000000,512.000000,704418.000000,0.000000,512.000000,1.000000,0-7,-1.000000,""
556,w0,515,703921.000000,64,900.000000,1,COMPLETED_SUCCESSFULLY,703921.000000,515.000000,704436.000000,0.000000,515.000000,1.000000,8-71,-1.000000,""
557,w0,229,704059.000000,100,3600.000000,1,COMPLETED_SUCCESSFULLY,704418.000000,229.000000,704647.000000,359.000000,588.000000,2.567686,0-7 72-113 115-164,-1.000000,""
561,w0,80,704243.000000,128,900.000000,1,COMPLETED_SUCCESSFULLY,704647.000000,80.000000,704727.000000,404.000000,484.000000,6.050000,0-113 115-128,-1.000000,""
562,w0,565,704295.000000,160,1200.000000,1,COMPLETED_SUCCESSFULLY,704727.000000,565.000000,705292.000000,432.000000,997.000000,1.764602,0-113 115-160,-1.000000,""
565,w0,11,705547.000000,1,2130.000000,1,COMPLETED_SUCCESSFULLY,705547.000000,11.000000,705558.000000,0.000000,11.000000,1.000000,64,-1.000000,""
564,w0,501,705078.000000,8,600.000000,1,COMPLETED_SUCCESSFULLY,705078.000000,501.000000,705579.000000,0.000000,501.000000,1.000000,161-168,-1.000000,""
566,w0,11,705693.000000,1,330.000000,1,COMPLETED_SUCCESSFULLY,705693.000000,11.000000,705704.000000,0.000000,11.000000,1.000000,64,-1.000000,""
563,w0,506,704671.000000,64,900.000000,1,COMPLETED_SUCCESSFULLY,705292.000000,506.000000,705798.000000,621.000000,1127.000000,2.227273,0-63,-1.000000,""
567,w0,45,706032.000000,35,1200.000000,1,COMPLETED_SUCCESSFULLY,706032.000000,45.000000,706077.000000,0.000000,45.000000,1.000000,0-34,-1.000000,""
568,w0,100,706060.000000,64,600.000000,1,COMPLETED_SUCCESSFULLY,706060.000000,100.000000,706160.000000,0.000000,100.000000,1.000000,35-98,-1.000000,""
570,w0,11,706242.000000,1,330.000000,1,COMPLETED_SUCCESSFULLY,706242.000000,11.000000,706253.000000,0.000000,11.000000,1.000000,7,-1.000000,""
569,w0,92,706182.000000,7,1200.000000,1,COMPLETED_SUCCESSFULLY,706182.000000,92.000000,706274.000000,0.000000,92.000000,1.000000,0-6,-1.000000,""
571,w0,299,706282.000000,35,1200.000000,1,COMPLETED_SUCCESSFULLY,706282.000000,299.000000,706581.000000,0.000000,299.000000,1.000000,0-34,-1.000000,""
574,w0,169,706855.000000,16,600.000000,1,COMPLETED_SUCCESSFULLY,706855.000000,169.000000,707024.000000,0.000000,169.000000,1.000000,72-87,-1.000000,""
577,w0,35,707155.000000,7,1200.000000,1,COMPLETED_SUCCESSFULLY,707155.000000,35.000000,707190.000000,0.000000,35.000000,1.000000,107-113,-1.000000,""
572,w0,547,706715.000000,64,900.000000,1,COMPLETED_SUCCESSFULLY,706715.000000,547.000000,707262.000000,0.000000,547.000000,1.000000,0-63,-1.000000,""
573,w0,534,706749.000000,8,600.000000,1,COMPLETED_SUCCESSFULLY,706749.000000,534.000000,707283.000000,0.000000,534.000000,1.000000,64-71,-1.000000,""
576,w0,313,707122.000000,35,1200.000000,1,COMPLETED_SUCCESSFULLY,707122.000000,313.000000,707435.000000,0.000000,313.000000,1.000000,72-106,-1.000000,""
580,w0,51,707447.000000,16,200.000000,1,COMPLETED_SUCCESSFULLY,707447.000000,51.000000,707498.000000,0.000000,51.000000,1.000000,79-94,-1.000000,""
579,w0,93,707392.000000,7,1200.000000,1,COMPLETED_SUCCESSFULLY,707435.000000,93.000000,707528.000000,43.000000,136.000000,1.462366,72-78,-1.000000,""
578,w0,286,707317.000000,1,1530.000000,1,COMPLETED_SUCCESSFULLY,707317.000000,286.000000,707603.000000,0.000000,286.000000,1.000000,164,-1.000000,""
575,w0,548,707076.000000,128,900.000000,1,COMPLETED_SUCCESSFULLY,707283.000000,548.000000,707831.000000,207.000000,755.000000,1.377737,0-71 107-113 115-163,-1.000000,""
582,w0,92,707794.000000,7,1200.000000,1,COMPLETED_SUCCESSFULLY,707794.000000,92.000000,707886.000000,0.000000,92.000000,1.000000,72-78,-1.000000,""
581,w0,79,707787.000000,64,200.000000,1,COMPLETED_SUCCESSFULLY,707831.000000,79.000000,707910.000000,44.000000,123.000000,1.556962,0-63,-1.000000,""
583,w0,284,707901.000000,35,1200.000000,1,COMPLETED_SUCCESSFULLY,707901.000000,284.000000,708185.000000,0.000000,284.000000,1.000000,64-98,-1.000000,""
585,w0,553,708461.000000,128,900.000000,1,COMPLETED_SUCCESSFULLY,708461.000000,553.000000,709014.000000,0.000000,553.000000,1.000000,1-113 115-129,-1.000000,""
584,w0,1093,708163.000000,1,1530.000000,1,COMPLETED_SUCCESSFULLY,708163.000000,1093.000000,709256.000000,0.000000,1093.000000,1.000000,0,-1.000000,""
586,w0,855,708746.000000,1,1530.000000,1,COMPLETED_SUCCESSFULLY,708746.000000,855.000000,709601.000000,0.000000,855.000000,1.000000,130,-1.000000,""
591,w0,21,710170.000000,5,3600.000000,1,COMPLETED_SUCCESSFULLY,710170.000000,21.000000,710191.000000,0.000000,21.000000,1.000000,138-142,-1.000000,""
589,w0,22,710170.000000,5,3600.000000,1,COMPLETED_SUCCESSFULLY,710170.000000,22.000000,710192.000000,0.000000,22.000000,1.000000,128-132,-1.000000,""
590,w0,22,710170.000000,5,3600.000000,1,COMPLETED_SUCCESSFULLY,710170.000000,22.000000,710192.000000,0.000000,22.000000,1.000000,133-137,-1.000000,""
592,w0,22,710170.000000,5,3600.000000,1,COMPLETED_SUCCESSFULLY,710170.000000,22.000000,710192.000000,0.000000,22.000000,1.000000,143-147,-1.000000,""
587,w0,950,709408.000000,2,1530.000000,1,COMPLETED_SUCCESSFULLY,709408.000000,950.000000,710358.000000,0.000000,950.000000,1.000000,0-1,-1.000000,""
593,w0,24,710677.000000,1,600.000000,1,COMPLETED_SUCCESSFULLY,710677.000000,24.000000,710701.000000,0.000000,24.000000,1.000000,0,-1.000000,""
595,w0,21,710696.000000,5,3600.000000,1,COMPLETED_SUCCESSFULLY,710696.000000,21.000000,710717.000000,0.000000,21.000000,1.000000,132-136,-1.000000,""
596,w0,21,710696.000000,5,3600.000000,1,COMPLETED_SUCCESSFULLY,710696.000000,21.000000,710717.000000,0.000000,21.000000,1.000000,137-141,-1.000000,""
594,w0,22,710696.000000,5,3600.000000,1,COMPLETED_SUCCESSFULLY,710696.000000,22.000000,710718.000000,0.000000,22.000000,1.000000,1 128-131,-1.000000,""
597,w0,22,710696.000000,5,3600.000000,1,COMPLETED_SUCCESSFULLY,710696.000000,22.000000,710718.000000,0.000000,22.000000,1.000000,142-146,-1.000000,""
560,w0,6864,704091.000000,1,14400.000000,1,COMPLETED_SUCCESSFULLY,704091.000000,6864.000000,710955.000000,0.000000,6864.000000,1.000000,114,-1.000000,""
600,w0,35,711000.000000,32,120.000000,1,COMPLETED_SUCCESSFULLY,711000.000000,35.000000,711035.000000,0.000000,35.000000,1.000000,114 129-159,-1.000000,""
599,w0,403,710917.000000,1,1800.000000,1,COMPLETED_SUCCESSFULLY,710917.000000,403.000000,711320.000000,0.000000,403.000000,1.000000,128,-1.000000,""
588,w0,1429,710101.000000,125,36000.000000,1,COMPLETED_SUCCESSFULLY,710101.000000,1429.000000,711530.000000,0.000000,1429.000000,1.000000,2-113 115-127,-1.000000,""
598,w0,941,710859.000000,2,1530.000000,1,COMPLETED_SUCCESSFULLY,710859.000000,941.000000,711800.000000,0.000000,941.000000,1.000000,0-1,-1.000000,""
601,w0,387,711677.000000,2,1530.000000,1,COMPLETED_SUCCESSFULLY,711677.000000,387.000000,712064.000000,0.000000,387.000000,1.000000,2-3,-1.000000,""
603,w0,33,712173.000000,2,3600.000000,1,COMPLETED_SUCCESSFULLY,712173.000000,33.000000,712206.000000,0.000000,33.000000,1.000000,2-3,-1.000000,""
604,w0,32,712370.000000,2,3600.000000,1,COMPLETED_SUCCESSFULLY,712370.000000,32.000000,712402.000000,0.000000,32.000000,1.000000,2-3,-1.000000,""
605,w0,32,712438.000000,2,3600.000000,1,COMPLETED_SUCCESSFULLY,712438.000000,32.000000,712470.000000,0.000000,32.000000,1.000000,2-3,-1.000000,""
602,w0,363,712116.000000,2,1530.000000,1,COMPLETED_SUCCESSFULLY,712116.000000,363.000000,712479.000000,0.000000,363.000000,1.000000,0-1,-1.000000,""
606,w0,22,712472.000000,8,1800.000000,1,COMPLETED_SUCCESSFULLY,712472.000000,22.000000,712494.000000,0.000000,22.000000,1.000000,2-9,-1.000000,""
607,w0,33,712533.000000,2,1200.000000,1,COMPLETED_SUCCESSFULLY,712533.000000,33.000000,712566.000000,0.000000,33.000000,1.000000,0-1,-1.000000,""
644,w0,22,712732.000000,8,1800.000000,1,COMPLETED_SUCCESSFULLY,712732.000000,22.000000,712754.000000,0.000000,22.000000,1.000000,36-43,-1.000000,""
623,w0,418,712647.000000,1,28800.000000,1,COMPLETED_SUCCESSFULLY,712647.000000,418.000000,713065.000000,0.000000,418.000000,1.000000,15,-1.000000,""
626,w0,419,712649.000000,1,28800.000000,1,COMPLETED_SUCCESSFULLY,712649.000000,419.000000,713068.000000,0.000000,419.000000,1.000000,18,-1.000000,""
624,w0,421,712648.000000,1,28800.000000,1,COMPLETED_SUCCESSFULLY,712648.000000,421.000000,713069.000000,0.000000,421.000000,1.000000,16,-1.000000,""
622,w0,423,712647.000000,1,28800.000000,1,COMPLETED_SUCCESSFULLY,712647.000000,423.000000,713070.000000,0.000000,423.000000,1.000000,14,-1.000000,""
620,w0,425,712646.000000,1,28800.000000,1,COMPLETED_SUCCESSFULLY,712646.000000,425.000000,713071.000000,0.000000,425.000000,1.000000,12,-1.000000,""
621,w0,426,712646.000000,1,28800.000000,1,COMPLETED_SUCCESSFULLY,712646.000000,426.000000,713072.000000,0.000000,426.000000,1.000000,13,-1.000000,""
619,w0,432,712645.000000,1,28800.000000,1,COMPLETED_SUCCESSFULLY,712645.000000,432.000000,713077.000000,0.000000,432.000000,1.000000,11,-1.000000,""
625,w0,431,712649.000000,1,28800.000000,1,COMPLETED_SUCCESSFULLY,712649.000000,431.000000,713080.000000,0.000000,431.000000,1.000000,17,-1.000000,""
628,w0,434,712650.000000,1,28800.000000,1,COMPLETED_SUCCESSFULLY,712650.000000,434.000000,713084.000000,0.000000,434.000000,1.000000,20,-1.000000,""
617,w0,448,712644.000000,1,28800.000000,1,COMPLETED_SUCCESSFULLY,712644.000000,448.000000,713092.000000,0.000000,448.000000,1.000000,9,-1.000000,""
627,w0,443,712650.000000,1,28800.000000,1,COMPLETED_SUCCESSFULLY,712650.000000,443.000000,713093.000000,0.000000,443.000000,1.000000,19,-1.000000,""
618,w0,459,712644.000000,1,28800.000000,1,COMPLETED_SUCCESSFULLY,712644.000000,459.000000,713103.000000,0.000000,459.000000,1.000000,10,-1.000000,""
629,w0,461,712651.000000,1,28800.000000,1,COMPLETED_SUCCESSFULLY,712651.000000,461.000000,713112.000000,0.000000,461.000000,1.000000,21,-1.000000,""
631,w0,469,712652.000000,1,28800.000000,1,COMPLETED_SUCCESSFULLY,712652.000000,469.000000,713121.000000,0.000000,469.000000,1.000000,23,-1.000000,""
615,w0,480,712643.000000,1,28800.000000,1,COMPLETED_SUCCESSFULLY,712643.000000,480.000000,713123.000000,0.000000,480.000000,1.000000,7,-1.000000,""
645,w0,40,713088.000000,2,1200.000000,1,COMPLETED_SUCCESSFULLY,713088.000000,40.000000,713128.000000,0.000000,40.000000,1.000000,11-12,-1.000000,""
616,w0,504,712643.000000,1,28800.000000,1,COMPLETED_SUCCESSFULLY,712643.000000,504.000000,713147.000000,0.000000,504.000000,1.000000,8,-1.000000,""
630,w0,495,712652.000000,1,28800.000000,1,COMPLETED_SUCCESSFULLY,712652.000000,495.000000,713147.000000,0.000000,495.000000,1.000000,22,-1.000000,""
614,w0,525,712642.000000,1,28800.000000,1,COMPLETED_SUCCESSFULLY,712642.000000,525.000000,713167.000000,0.000000,525.000000,1.000000,6,-1.000000,""
632,w0,528,712653.000000,1,28800.000000,1,COMPLETED_SUCCESSFULLY,712653.000000,528.000000,713181.000000,0.000000,528.000000,1.000000,24,-1.000000,""
612,w0,546,712641.000000,1,28800.000000,1,COMPLETED_SUCCESSFULLY,712641.000000,546.000000,713187.000000,0.000000,546.000000,1.000000,4,-1.000000,""
613,w0,563,712641.000000,1,28800.000000,1,COMPLETED_SUCCESSFULLY,712641.000000,563.000000,713204.000000,0.000000,563.000000,1.000000,5,-1.000000,""
610,w0,579,712640.000000,1,28800.000000,1,COMPLETED_SUCCESSFULLY,712640.000000,579.000000,713219.000000,0.000000,579.000000,1.000000,2,-1.000000,""
634,w0,566,712654.000000,1,28800.000000,1,COMPLETED_SUCCESSFULLY,712654.000000,566.000000,713220.000000,0.000000,566.000000,1.000000,26,-1.000000,""
611,w0,582,712640.000000,1,28800.000000,1,COMPLETED_SUCCESSFULLY,712640.000000,582.000000,713222.000000,0.000000,582.000000,1.000000,3,-1.000000,""
633,w0,632,712654.000000,1,28800.000000,1,COMPLETED_SUCCESSFULLY,712654.000000,632.000000,713286.000000,0.000000,632.000000,1.000000,25,-1.000000,""
643,w0,676,712660.000000,1,28800.000000,1,COMPLETED_SUCCESSFULLY,712660.000000,676.000000,713336.000000,0.000000,676.000000,1.000000,35,-1.000000,""
636,w0,707,712655.000000,1,28800.000000,1,COMPLETED_SUCCESSFULLY,712655.000000,707.000000,713362.000000,0.000000,707.000000,1.000000,28,-1.000000,""
646,w0,33,713379.000000,2,3600.000000,1,COMPLETED_SUCCESSFULLY,713379.000000,33.000000,713412.000000,0.000000,33.000000,1.000000,2-3,-1.000000,""
647,w0,45,713396.000000,2,1200.000000,1,COMPLETED_SUCCESSFULLY,713396.000000,45.000000,713441.000000,0.000000,45.000000,1.000000,4-5,-1.000000,""
635,w0,816,712655.000000,1,28800.000000,1,COMPLETED_SUCCESSFULLY,712655.000000,816.000000,713471.000000,0.000000,816.000000,1.000000,27,-1.000000,""
641,w0,818,712659.000000,1,28800.000000,1,COMPLETED_SUCCESSFULLY,712659.000000,818.000000,713477.000000,0.000000,818.000000,1.000000,33,-1.000000,""
648,w0,28,713484.000000,8,43200.000000,1,COMPLETED_SUCCESSFULLY,713484.000000,28.000000,713512.000000,0.000000,28.000000,1.000000,2-9,-1.000000,""
649,w0,21,713523.000000,8,1800.000000,1,COMPLETED_SUCCESSFULLY,713523.000000,21.000000,713544.000000,0.000000,21.000000,1.000000,2-9,-1.000000,""
609,w0,910,712639.000000,1,28800.000000,1,COMPLETED_SUCCESSFULLY,712639.000000,910.000000,713549.000000,0.000000,910.000000,1.000000,1,-1.000000,""
637,w0,918,712656.000000,1,28800.000000,1,COMPLETED_SUCCESSFULLY,712656.000000,918.000000,713574.000000,0.000000,918.000000,1.000000,29,-1.000000,""
639,w0,921,712657.000000,1,28800.000000,1,COMPLETED_SUCCESSFULLY,712657.000000,921.000000,713578.000000,0.000000,921.000000,1.000000,31,-1.000000,""
642,w0,949,712659.000000,1,28800.000000,1,COMPLETED_SUCCESSFULLY,712659.000000,949.000000,713608.000000,0.000000,949.000000,1.000000,34,-1.000000,""
638,w0,959,712657.000000,1,28800.000000,1,COMPLETED_SUCCESSFULLY,712657.000000,959.000000,713616.000000,0.000000,959.000000,1.000000,30,-1.000000,""
640,w0,999,712658.000000,1,28800.000000,1,COMPLETED_SUCCESSFULLY,712658.000000,999.000000,713657.000000,0.000000,999.000000,1.000000,32,-1.000000,""
650,w0,152,713892.000000,5,3600.000000,1,COMPLETED_SUCCESSFULLY,713892.000000,152.000000,714044.000000,0.000000,152.000000,1.000000,1-5,-1.000000,""
651,w0,33,714376.000000,2,3600.000000,1,COMPLETED_SUCCESSFULLY,714376.000000,33.000000,714409.000000,0.000000,33.000000,1.000000,1-2,-1.000000,""
652,w0,21,714526.000000,8,1800.000000,1,COMPLETED_SUCCESSFULLY,714526.000000,21.000000,714547.000000,0.000000,21.000000,1.000000,1-8,-1.000000,""
653,w0,26,714614.000000,1,3600.000000,1,COMPLETED_SUCCESSFULLY,714614.000000,26.000000,714640.000000,0.000000,26.000000,1.000000,1,-1.000000,""
654,w0,27,714647.000000,1,3600.000000,1,COMPLETED_SUCCESSFULLY,714647.000000,27.000000,714674.000000,0.000000,27.000000,1.000000,1,-1.000000,""
655,w0,27,714957.000000,1,3600.000000,1,COMPLETED_SUCCESSFULLY,714957.000000,27.000000,714984.000000,0.000000,27.000000,1.000000,1,-1.000000,""
656,w0,21,715031.000000,8,1800.000000,1,COMPLETED_SUCCESSFULLY,715031.000000,21.000000,715052.000000,0.000000,21.000000,1.000000,1-8,-1.000000,""
657,w0,22,715419.000000,8,1800.000000,1,COMPLETED_SUCCESSFULLY,715419.000000,22.000000,715441.000000,0.000000,22.000000,1.000000,1-8,-1.000000,""
658,w0,36,715462.000000,1,3600.000000,1,COMPLETED_SUCCESSFULLY,715462.000000,36.000000,715498.000000,0.000000,36.000000,1.000000,1,-1.000000,""
659,w0,26,715595.000000,1,3600.000000,1,COMPLETED_SUCCESSFULLY,715595.000000,26.000000,715621.000000,0.000000,26.000000,1.000000,1,-1.000000,""
608,w0,3143,712638.000000,1,28800.000000,1,COMPLETED_SUCCESSFULLY,712638.000000,3143.000000,715781.000000,0.000000,3143.000000,1.000000,0,-1.000000,""
660,w0,27,715765.000000,1,3600.000000,1,COMPLETED_SUCCESSFULLY,715765.000000,27.000000,715792.000000,0.000000,27.000000,1.000000,1,-1.000000,""
661,w0,36,715895.000000,1,3600.000000,1,COMPLETED_SUCCESSFULLY,715895.000000,36.000000,715931.000000,0.000000,36.000000,1.000000,0,-1.000000,""
662,w0,262,716457.000000,8,1800.000000,1,COMPLETED_SUCCESSFULLY,716457.000000,262.000000,716719.000000,0.000000,262.000000,1.000000,0-7,-1.000000,""
663,w0,28,717298.000000,2,64800.000000,1,COMPLETED_SUCCESSFULLY,717298.000000,28.000000,717326.000000,0.000000,28.000000,1.000000,0-1,-1.000000,""
664,w0,94,717985.000000,64,900.000000,1,COMPLETED_SUCCESSFULLY,717985.000000,94.000000,718079.000000,0.000000,94.000000,1.000000,0-63,-1.000000,""
665,w0,310,718081.000000,8,1800.000000,1,COMPLETED_SUCCESSFULLY,718081.000000,310.000000,718391.000000,0.000000,310.000000,1.000000,0-7,-1.000000,""
666,w0,103,718539.000000,80,900.000000,1,COMPLETED_SUCCESSFULLY,718539.000000,103.000000,718642.000000,0.000000,103.000000,1.000000,0-79,-1.000000,""
667,w0,119,719423.000000,112,900.000000,1,COMPLETED_SUCCESSFULLY,719423.000000,119.000000,719542.000000,0.000000,119.000000,1.000000,0-111,-1.000000,""
668,w0,39,720064.000000,1,600.000000,1,COMPLETED_SUCCESSFULLY,720064.000000,39.000000,720103.000000,0.000000,39.000000,1.000000,0,-1.000000,""
669,w0,283,720180.000000,64,300.000000,1,COMPLETED_SUCCESSFULLY,720180.000000,283.000000,720463.000000,0.000000,283.000000,1.000000,0-63,-1.000000,""
670,w0,165,720320.000000,64,300.000000,1,COMPLETED_SUCCESSFULLY,720320.000000,165.000000,720485.000000,0.000000,165.000000,1.000000,64-127,-1.000000,""
671,w0,161,720324.000000,64,300.000000,1,COMPLETED_SUCCESSFULLY,720463.000000,161.000000,720624.000000,139.000000,300.000000,1.863354,0-63,-1.000000,""
672,w0,166,720692.000000,64,300.000000,1,COMPLETED_SUCCESSFULLY,720692.000000,166.000000,720858.000000,0.000000,166.000000,1.000000,0-63,-1.000000,""
673,w0,165,720698.000000,64,300.000000,1,COMPLETED_SUCCESSFULLY,720698.000000,165.000000,720863.000000,0.000000,165.000000,1.000000,64-127,-1.000000,""
674,w0,163,720796.000000,64,300.000000,1,COMPLETED_SUCCESSFULLY,720858.000000,163.000000,721021.000000,62.000000,225.000000,1.380368,0-63,-1.000000,""
675,w0,165,720801.000000,64,300.000000,1,COMPLETED_SUCCESSFULLY,720863.000000,165.000000,721028.000000,62.000000,227.000000,1.375758,64-127,-1.000000,""
679,w0,168,720955.000000,1,1200.000000,1,COMPLETED_SUCCESSFULLY,720955.000000,168.000000,721123.000000,0.000000,168.000000,1.000000,128,-1.000000,""
676,w0,163,720805.000000,64,300.000000,1,COMPLETED_SUCCESSFULLY,721021.000000,163.000000,721184.000000,216.000000,379.000000,2.325153,0-63,-1.000000,""
677,w0,164,720817.000000,64,300.000000,1,COMPLETED_SUCCESSFULLY,721028.000000,164.000000,721192.000000,211.000000,375.000000,2.286585,64-127,-1.000000,""
678,w0,164,720835.000000,64,300.000000,1,COMPLETED_SUCCESSFULLY,721184.000000,164.000000,721348.000000,349.000000,513.000000,3.128049,0-63,-1.000000,""
680,w0,179,721793.000000,64,1800.000000,1,COMPLETED_SUCCESSFULLY,721793.000000,179.000000,721972.000000,0.000000,179.000000,1.000000,0-63,-1.000000,""
682,w0,398,729481.000000,1,1800.000000,1,COMPLETED_SUCCESSFULLY,729481.000000,398.000000,729879.000000,0.000000,398.000000,1.000000,2,-1.000000,""
683,w0,982,731205.000000,64,43200.000000,1,COMPLETED_SUCCESSFULLY,731205.000000,982.000000,732187.000000,0.000000,982.000000,1.000000,2-65,-1.000000,""
684,w0,1167,731831.000000,64,43200.000000,1,COMPLETED_SUCCESSFULLY,731831.000000,1167.000000,732998.000000,0.000000,1167.000000,1.000000,66-129,-1.000000,""
681,w0,9972,727934.000000,2,64800.000000,1,COMPLETED_SUCCESSFULLY,727934.000000,9972.000000,737906.000000,0.000000,9972.000000,1.000000,0-1,-1.000000,""
688,w0,487,744942.000000,64,43200.000000,1,COMPLETED_SUCCESSFULLY,744942.000000,487.000000,745429.000000,0.000000,487.000000,1.000000,6-69,-1.000000,""
689,w0,2793,745500.000000,64,43200.000000,1,COMPLETED_SUCCESSFULLY,745500.000000,2793.000000,748293.000000,0.000000,2793.000000,1.000000,6-69,-1.000000,""
691,w0,1141,749070.000000,8,43200.000000,1,COMPLETED_SUCCESSFULLY,749070.000000,1141.000000,750211.000000,0.000000,1141.000000,1.000000,70-77,-1.000000,""
692,w0,167,755523.000000,64,300.000000,1,COMPLETED_SUCCESSFULLY,755523.000000,167.000000,755690.000000,0.000000,167.000000,1.000000,70-133,-1.000000,""
693,w0,170,755529.000000,64,300.000000,1,COMPLETED_SUCCESSFULLY,755690.000000,170.000000,755860.000000,161.000000,331.000000,1.947059,70-133,-1.000000,""
694,w0,167,755536.000000,64,300.000000,1,COMPLETED_SUCCESSFULLY,755860.000000,167.000000,756027.000000,324.000000,491.000000,2.940120,70-133,-1.000000,""
695,w0,168,755540.000000,64,300.000000,1,COMPLETED_SUCCESSFULLY,756027.000000,168.000000,756195.000000,487.000000,655.000000,3.898810,70-133,-1.000000,""
696,w0,165,755545.000000,64,300.000000,1,COMPLETED_SUCCESSFULLY,756195.000000,165.000000,756360.000000,650.000000,815.000000,4.939394,70-133,-1.000000,""
697,w0,167,755567.000000,64,300.000000,1,COMPLETED_SUCCESSFULLY,756360.000000,167.000000,756527.000000,793.000000,960.000000,5.748503,70-133,-1.000000,""
698,w0,170,755572.000000,64,300.000000,1,COMPLETED_SUCCESSFULLY,756527.000000,170.000000,756697.000000,955.000000,1125.000000,6.617647,70-133,-1.000000,""
699,w0,167,755577.000000,64,300.000000,1,COMPLETED_SUCCESSFULLY,756697.000000,167.000000,756864.000000,1120.000000,1287.000000,7.706587,70-133,-1.000000,""
700,w0,171,755585.000000,64,300.000000,1,COMPLETED_SUCCESSFULLY,756864.000000,171.000000,757035.000000,1279.000000,1450.000000,8.479532,70-133,-1.000000,""
701,w0,165,755603.000000,64,300.000000,1,COMPLETED_SUCCESSFULLY,757035.000000,165.000000,757200.000000,1432.000000,1597.000000,9.678788,70-133,-1.000000,""
702,w0,22,757309.000000,2,64800.000000,1,COMPLETED_SUCCESSFULLY,757309.000000,22.000000,757331.000000,0.000000,22.000000,1.000000,70-71,-1.000000,""
703,w0,28,757418.000000,2,64800.000000,1,COMPLETED_SUCCESSFULLY,757418.000000,28.000000,757446.000000,0.000000,28.000000,1.000000,70-71,-1.000000,""
704,w0,28,757486.000000,2,64800.000000,1,COMPLETED_SUCCESSFULLY,757486.000000,28.000000,757514.000000,0.000000,28.000000,1.000000,70-71,-1.000000,""
690,w0,9611,748798.000000,64,43200.000000,1,COMPLETED_SUCCESSFULLY,748798.000000,9611.000000,758409.000000,0.000000,9611.000000,1.000000,6-69,-1.000000,""
686,w0,28013,738978.000000,2,64800.000000,1,COMPLETED_SUCCESSFULLY,738978.000000,28013.000000,766991.000000,0.000000,28013.000000,1.000000,2-3,-1.000000,""
705,w0,400,768421.000000,1,1800.000000,1,COMPLETED_SUCCESSFULLY,768421.000000,400.000000,768821.000000,0.000000,400.000000,1.000000,2,-1.000000,""
706,w0,398,768899.000000,1,1800.000000,1,COMPLETED_SUCCESSFULLY,768899.000000,398.000000,769297.000000,0.000000,398.000000,1.000000,2,-1.000000,""
707,w0,94,770741.000000,7,1200.000000,1,COMPLETED_SUCCESSFULLY,770741.000000,94.000000,770835.000000,0.000000,94.000000,1.000000,2-3 6-10,-1.000000,""
715,w0,34,772238.000000,2,3600.000000,1,COMPLETED_SUCCESSFULLY,772238.000000,34.000000,772272.000000,0.000000,34.000000,1.000000,68-69,-1.000000,""
752,w0,41,772565.000000,2,3600.000000,1,COMPLETED_SUCCESSFULLY,772565.000000,41.000000,772606.000000,0.000000,41.000000,1.000000,104-105,-1.000000,""
754,w0,114,772878.000000,5,3600.000000,1,COMPLETED_SUCCESSFULLY,772878.000000,114.000000,772992.000000,0.000000,114.000000,1.000000,139-143,-1.000000,""
755,w0,117,772890.000000,5,3600.000000,1,COMPLETED_SUCCESSFULLY,772890.000000,117.000000,773007.000000,0.000000,117.000000,1.000000,144-148,-1.000000,""
756,w0,115,772895.000000,5,3600.000000,1,COMPLETED_SUCCESSFULLY,772895.000000,115.000000,773010.000000,0.000000,115.000000,1.000000,149-153,-1.000000,""
753,w0,304,772721.000000,35,1200.000000,1,COMPLETED_SUCCESSFULLY,772721.000000,304.000000,773025.000000,0.000000,304.000000,1.000000,104-138,-1.000000,""
757,w0,41,773239.000000,2,3600.000000,1,COMPLETED_SUCCESSFULLY,773239.000000,41.000000,773280.000000,0.000000,41.000000,1.000000,104-105,-1.000000,""
759,w0,41,773567.000000,2,3600.000000,1,COMPLETED_SUCCESSFULLY,773567.000000,41.000000,773608.000000,0.000000,41.000000,1.000000,139-140,-1.000000,""
685,w0,35096,738587.000000,2,64800.000000,1,COMPLETED_SUCCESSFULLY,738587.000000,35096.000000,773683.000000,0.000000,35096.000000,1.000000,0-1,-1.000000,""
758,w0,301,773448.000000,35,1200.000000,1,COMPLETED_SUCCESSFULLY,773448.000000,301.000000,773749.000000,0.000000,301.000000,1.000000,104-138,-1.000000,""
708,w0,2166,771654.000000,16,28800.000000,1,COMPLETED_SUCCESSFULLY,771654.000000,2166.000000,773820.000000,0.000000,2166.000000,1.000000,2-3 6-19,-1.000000,""
731,w0,1297,772543.000000,1,28800.000000,1,COMPLETED_SUCCESSFULLY,772543.000000,1297.000000,773840.000000,0.000000,1297.000000,1.000000,83,-1.000000,""
730,w0,1305,772543.000000,1,28800.000000,1,COMPLETED_SUCCESSFULLY,772543.000000,1305.000000,773848.000000,0.000000,1305.000000,1.000000,82,-1.000000,""
728,w0,1318,772542.000000,1,28800.000000,1,COMPLETED_SUCCESSFULLY,772542.000000,1318.000000,773860.000000,0.000000,1318.000000,1.000000,80,-1.000000,""
732,w0,1322,772544.000000,1,28800.000000,1,COMPLETED_SUCCESSFULLY,772544.000000,1322.000000,773866.000000,0.000000,1322.000000,1.000000,84,-1.000000,""
729,w0,1347,772542.000000,1,28800.000000,1,COMPLETED_SUCCESSFULLY,772542.000000,1347.000000,773889.000000,0.000000,1347.000000,1.000000,81,-1.000000,""
734,w0,1350,772545.000000,1,28800.000000,1,COMPLETED_SUCCESSFULLY,772545.000000,1350.000000,773895.000000,0.000000,1350.000000,1.000000,86,-1.000000,""
733,w0,1404,772545.000000,1,28800.000000,1,COMPLETED_SUCCESSFULLY,772545.000000,1404.000000,773949.000000,0.000000,1404.000000,1.000000,85,-1.000000,""
727,w0,1429,772541.000000,1,28800.000000,1,COMPLETED_SUCCESSFULLY,772541.000000,1429.000000,773970.000000,0.000000,1429.000000,1.000000,79,-1.000000,""
735,w0,1478,772546.000000,1,28800.000000,1,COMPLETED_SUCCESSFULLY,772546.000000,1478.000000,774024.000000,0.000000,1478.000000,1.000000,87,-1.000000,""
725,w0,1518,772540.000000,1,28800.000000,1,COMPLETED_SUCCESSFULLY,772540.000000,1518.000000,774058.000000,0.000000,1518.000000,1.000000,77,-1.000000,""
736,w0,1584,772547.000000,1,28800.000000,1,COMPLETED_SUCCESSFULLY,772547.000000,1584.000000,774131.000000,0.000000,1584.000000,1.000000,88,-1.000000,""
726,w0,1658,772540.000000,1,28800.000000,1,COMPLETED_SUCCESSFULLY,772540.000000,1658.000000,774198.000000,0.000000,1658.000000,1.000000,78,-1.000000,""
737,w0,1719,772547.000000,1,28800.000000,1,COMPLETED_SUCCESSFULLY,772547.000000,1719.000000,774266.000000,0.000000,1719.000000,1.000000,89,-1.000000,""
761,w0,28,774297.000000,32,36000.000000,1,COMPLETED_SUCCESSFULLY,774297.000000,28.000000,774325.000000,0.000000,28.000000,1.000000,1-3 6-19 77-89 104-105,-1.000000,""
724,w0,1843,772539.000000,1,28800.000000,1,COMPLETED_SUCCESSFULLY,772539.000000,1843.000000,774382.000000,0.000000,1843.000000,1.000000,76,-1.000000,""
762,w0,28,774398.000000,32,36000.000000,1,COMPLETED_SUCCESSFULLY,774398.000000,28.000000,774426.000000,0.000000,28.000000,1.000000,1-3 6-19 76-89 104,-1.000000,""
738,w0,1904,772548.000000,1,28800.000000,1,COMPLETED_SUCCESSFULLY,772548.000000,1904.000000,774452.000000,0.000000,1904.000000,1.000000,90,-1.000000,""
722,w0,2045,772538.000000,1,28800.000000,1,COMPLETED_SUCCESSFULLY,772538.000000,2045.000000,774583.000000,0.000000,2045.000000,1.000000,74,-1.000000,""
763,w0,49,774552.000000,4,61740.000000,1,COMPLETED_SUCCESSFULLY,774552.000000,49.000000,774601.000000,0.000000,49.000000,1.000000,1-3 6,-1.000000,""
739,w0,2152,772549.000000,1,28800.000000,1,COMPLETED_SUCCESSFULLY,772549.000000,2152.000000,774701.000000,0.000000,2152.000000,1.000000,91,-1.000000,""
765,w0,22,774746.000000,4,61740.000000,1,COMPLETED_SUCCESSFULLY,774746.000000,22.000000,774768.000000,0.000000,22.000000,1.000000,3 6-8,-1.000000,""
723,w0,2269,772538.000000,1,28800.000000,1,COMPLETED_SUCCESSFULLY,772538.000000,2269.000000,774807.000000,0.000000,2269.000000,1.000000,75,-1.000000,""
766,w0,44,774827.000000,4,61740.000000,1,COMPLETED_SUCCESSFULLY,774827.000000,44.000000,774871.000000,0.000000,44.000000,1.000000,3 6-8,-1.000000,""
767,w0,81,774935.000000,8,900.000000,1,COMPLETED_SUCCESSFULLY,774935.000000,81.000000,775016.000000,0.000000,81.000000,1.000000,3 6-12,-1.000000,""
740,w0,2479,772549.000000,1,28800.000000,1,COMPLETED_SUCCESSFULLY,772549.000000,2479.000000,775028.000000,0.000000,2479.000000,1.000000,92,-1.000000,""
721,w0,2515,772537.000000,1,28800.000000,1,COMPLETED_SUCCESSFULLY,772537.000000,2515.000000,775052.000000,0.000000,2515.000000,1.000000,73,-1.000000,""
768,w0,80,775087.000000,8,900.000000,1,COMPLETED_SUCCESSFULLY,775087.000000,80.000000,775167.000000,0.000000,80.000000,1.000000,3 6-12,-1.000000,""
719,w0,2693,772536.000000,1,28800.000000,1,COMPLETED_SUCCESSFULLY,772536.000000,2693.000000,775229.000000,0.000000,2693.000000,1.000000,71,-1.000000,""
720,w0,2835,772536.000000,1,28800.000000,1,COMPLETED_SUCCESSFULLY,772536.000000,2835.000000,775371.000000,0.000000,2835.000000,1.000000,72,-1.000000,""
716,w0,2847,772534.000000,1,28800.000000,1,COMPLETED_SUCCESSFULLY,772534.000000,2847.000000,775381.000000,0.000000,2847.000000,1.000000,68,-1.000000,""
718,w0,2930,772535.000000,1,28800.000000,1,COMPLETED_SUCCESSFULLY,772535.000000,2930.000000,775465.000000,0.000000,2930.000000,1.000000,70,-1.000000,""
717,w0,2954,772534.000000,1,28800.000000,1,COMPLETED_SUCCESSFULLY,772534.000000,2954.000000,775488.000000,0.000000,2954.000000,1.000000,69,-1.000000,""
741,w0,2938,772550.000000,1,28800.000000,1,COMPLETED_SUCCESSFULLY,772550.000000,2938.000000,775488.000000,0.000000,2938.000000,1.000000,93,-1.000000,""
769,w0,97,775421.000000,4,900.000000,1,COMPLETED_SUCCESSFULLY,775421.000000,97.000000,775518.000000,0.000000,97.000000,1.000000,3 6-8,-1.000000,""
772,w0,27,775650.000000,5,3600.000000,1,COMPLETED_SUCCESSFULLY,775650.000000,27.000000,775677.000000,0.000000,27.000000,1.000000,8-12,-1.000000,""
770,w0,153,775559.000000,2,900.000000,1,COMPLETED_SUCCESSFULLY,775559.000000,153.000000,775712.000000,0.000000,153.000000,1.000000,3 6,-1.000000,""
771,w0,203,775634.000000,1,36000.000000,1,COMPLETED_SUCCESSFULLY,775634.000000,203.000000,775837.000000,0.000000,203.000000,1.000000,7,-1.000000,""
773,w0,23,775845.000000,1,600.000000,1,COMPLETED_SUCCESSFULLY,775845.000000,23.000000,775868.000000,0.000000,23.000000,1.000000,3,-1.000000,""
774,w0,24,775852.000000,1,600.000000,1,COMPLETED_SUCCESSFULLY,775852.000000,24.000000,775876.000000,0.000000,24.000000,1.000000,6,-1.000000,""
775,w0,21,775863.000000,5,3600.000000,1,COMPLETED_SUCCESSFULLY,775863.000000,21.000000,775884.000000,0.000000,21.000000,1.000000,7-11,-1.000000,""
776,w0,21,775863.000000,5,3600.000000,1,COMPLETED_SUCCESSFULLY,775863.000000,21.000000,775884.000000,0.000000,21.000000,1.000000,12-16,-1.000000,""
777,w0,22,775863.000000,5,3600.000000,1,COMPLETED_SUCCESSFULLY,775863.000000,22.000000,775885.000000,0.000000,22.000000,1.000000,17-19 68-69,-1.000000,""
778,w0,22,775863.000000,5,3600.000000,1,COMPLETED_SUCCESSFULLY,775863.000000,22.000000,775885.000000,0.000000,22.000000,1.000000,70-74,-1.000000,""
781,w0,21,775879.000000,5,3600.000000,1,COMPLETED_SUCCESSFULLY,775879.000000,21.000000,775900.000000,0.000000,21.000000,1.000000,83-87,-1.000000,""
779,w0,22,775879.000000,5,3600.000000,1,COMPLETED_SUCCESSFULLY,775879.000000,22.000000,775901.000000,0.000000,22.000000,1.000000,3 6 75-77,-1.000000,""
780,w0,22,775879.000000,5,3600.000000,1,COMPLETED_SUCCESSFULLY,775879.000000,22.000000,775901.000000,0.000000,22.000000,1.000000,78-82,-1.000000,""
782,w0,22,775879.000000,5,3600.000000,1,COMPLETED_SUCCESSFULLY,775879.000000,22.000000,775901.000000,0.000000,22.000000,1.000000,88-92,-1.000000,""
783,w0,23,775990.000000,1,600.000000,1,COMPLETED_SUCCESSFULLY,775990.000000,23.000000,776013.000000,0.000000,23.000000,1.000000,3,-1.000000,""
784,w0,23,775996.000000,1,600.000000,1,COMPLETED_SUCCESSFULLY,775996.000000,23.000000,776019.000000,0.000000,23.000000,1.000000,6,-1.000000,""
786,w0,21,776021.000000,5,3600.000000,1,COMPLETED_SUCCESSFULLY,776021.000000,21.000000,776042.000000,0.000000,21.000000,1.000000,10-14,-1.000000,""
787,w0,21,776021.000000,5,3600.000000,1,COMPLETED_SUCCESSFULLY,776021.000000,21.000000,776042.000000,0.000000,21.000000,1.000000,15-19,-1.000000,""
788,w0,21,776021.000000,5,3600.000000,1,COMPLETED_SUCCESSFULLY,776021.000000,21.000000,776042.000000,0.000000,21.000000,1.000000,68-72,-1.000000,""
792,w0,21,776021.000000,5,3600.000000,1,COMPLETED_SUCCESSFULLY,776021.000000,21.000000,776042.000000,0.000000,21.000000,1.000000,88-92,-1.000000,""
785,w0,22,776021.000000,5,3600.000000,1,COMPLETED_SUCCESSFULLY,776021.000000,22.000000,776043.000000,0.000000,22.000000,1.000000,3 6-9,-1.000000,""
789,w0,22,776021.000000,5,3600.000000,1,COMPLETED_SUCCESSFULLY,776021.000000,22.000000,776043.000000,0.000000,22.000000,1.000000,73-77,-1.000000,""
790,w0,22,776021.000000,5,3600.000000,1,COMPLETED_SUCCESSFULLY,776021.000000,22.000000,776043.000000,0.000000,22.000000,1.000000,78-82,-1.000000,""
791,w0,22,776021.000000,5,3600.000000,1,COMPLETED_SUCCESSFULLY,776021.000000,22.000000,776043.000000,0.000000,22.000000,1.000000,83-87,-1.000000,""
742,w0,3565,772551.000000,1,28800.000000,1,COMPLETED_SUCCESSFULLY,772551.000000,3565.000000,776116.000000,0.000000,3565.000000,1.000000,94,-1.000000,""
793,w0,27,776123.000000,4,61740.000000,1,COMPLETED_SUCCESSFULLY,776123.000000,27.000000,776150.000000,0.000000,27.000000,1.000000,3 6-8,-1.000000,""
794,w0,23,776181.000000,1,600.000000,1,COMPLETED_SUCCESSFULLY,776181.000000,23.000000,776204.000000,0.000000,23.000000,1.000000,3,-1.000000,""
795,w0,23,776202.000000,1,600.000000,1,COMPLETED_SUCCESSFULLY,776202.000000,23.000000,776225.000000,0.000000,23.000000,1.000000,6,-1.000000,""
796,w0,21,776219.000000,5,3600.000000,1,COMPLETED_SUCCESSFULLY,776219.000000,21.000000,776240.000000,0.000000,21.000000,1.000000,3 7-10,-1.000000,""
797,w0,21,776219.000000,5,3600.000000,1,COMPLETED_SUCCESSFULLY,776219.000000,21.000000,776240.000000,0.000000,21.000000,1.000000,11-15,-1.000000,""
798,w0,22,776219.000000,5,3600.000000,1,COMPLETED_SUCCESSFULLY,776219.000000,22.000000,776241.000000,0.000000,22.000000,1.000000,16-19 68,-1.000000,""
799,w0,22,776219.000000,5,3600.000000,1,COMPLETED_SUCCESSFULLY,776219.000000,22.000000,776241.000000,0.000000,22.000000,1.000000,69-73,-1.000000,""
800,w0,23,776306.000000,1,600.000000,1,COMPLETED_SUCCESSFULLY,776306.000000,23.000000,776329.000000,0.000000,23.000000,1.000000,3,-1.000000,""
801,w0,23,776331.000000,1,600.000000,1,COMPLETED_SUCCESSFULLY,776331.000000,23.000000,776354.000000,0.000000,23.000000,1.000000,3,-1.000000,""
806,w0,27,776351.000000,5,3600.000000,1,COMPLETED_SUCCESSFULLY,776351.000000,27.000000,776378.000000,0.000000,27.000000,1.000000,74-78,-1.000000,""
807,w0,27,776351.000000,5,3600.000000,1,COMPLETED_SUCCESSFULLY,776351.000000,27.000000,776378.000000,0.000000,27.000000,1.000000,79-83,-1.000000,""
808,w0,27,776351.000000,5,3600.000000,1,COMPLETED_SUCCESSFULLY,776351.000000,27.000000,776378.000000,0.000000,27.000000,1.000000,84-88,-1.000000,""
809,w0,28,776351.000000,5,3600.000000,1,COMPLETED_SUCCESSFULLY,776351.000000,28.000000,776379.000000,0.000000,28.000000,1.000000,89-93,-1.000000,""
802,w0,70,776331.000000,5,3600.000000,1,COMPLETED_SUCCESSFULLY,776331.000000,70.000000,776401.000000,0.000000,70.000000,1.000000,6-10,-1.000000,""
804,w0,75,776331.000000,5,3600.000000,1,COMPLETED_SUCCESSFULLY,776331.000000,75.000000,776406.000000,0.000000,75.000000,1.000000,16-19 68,-1.000000,""
805,w0,76,776331.000000,5,3600.000000,1,COMPLETED_SUCCESSFULLY,776331.000000,76.000000,776407.000000,0.000000,76.000000,1.000000,69-73,-1.000000,""
803,w0,116,776331.000000,5,3600.000000,1,COMPLETED_SUCCESSFULLY,776331.000000,116.000000,776447.000000,0.000000,116.000000,1.000000,11-15,-1.000000,""
687,w0,37534,739077.000000,2,64800.000000,1,COMPLETED_SUCCESSFULLY,739077.000000,37534.000000,776611.000000,0.000000,37534.000000,1.000000,4-5,-1.000000,""
751,w0,4178,772557.000000,1,28800.000000,1,COMPLETED_SUCCESSFULLY,772557.000000,4178.000000,776735.000000,0.000000,4178.000000,1.000000,103,-1.000000,""
810,w0,27,776760.000000,4,61740.000000,1,COMPLETED_SUCCESSFULLY,776760.000000,27.000000,776787.000000,0.000000,27.000000,1.000000,3-6,-1.000000,""
811,w0,27,776885.000000,4,61740.000000,1,COMPLETED_SUCCESSFULLY,776885.000000,27.000000,776912.000000,0.000000,27.000000,1.000000,3-6,-1.000000,""
812,w0,34,776901.000000,2,3600.000000,1,COMPLETED_SUCCESSFULLY,776901.000000,34.000000,776935.000000,0.000000,34.000000,1.000000,7-8,-1.000000,""
813,w0,31,776984.000000,1,3600.000000,1,COMPLETED_SUCCESSFULLY,776984.000000,31.000000,777015.000000,0.000000,31.000000,1.000000,3,-1.000000,""
743,w0,4475,772551.000000,1,28800.000000,1,COMPLETED_SUCCESSFULLY,772551.000000,4475.000000,777026.000000,0.000000,4475.000000,1.000000,95,-1.000000,""
814,w0,27,777002.000000,4,61740.000000,1,COMPLETED_SUCCESSFULLY,777002.000000,27.000000,777029.000000,0.000000,27.000000,1.000000,4-7,-1.000000,""
749,w0,4706,772556.000000,1,28800.000000,1,COMPLETED_SUCCESSFULLY,772556.000000,4706.000000,777262.000000,0.000000,4706.000000,1.000000,101,-1.000000,""
817,w0,11,777464.000000,1,3600.000000,1,COMPLETED_SUCCESSFULLY,777464.000000,11.000000,777475.000000,0.000000,11.000000,1.000000,101,-1.000000,""
818,w0,12,777549.000000,1,3600.000000,1,COMPLETED_SUCCESSFULLY,777549.000000,12.000000,777561.000000,0.000000,12.000000,1.000000,101,-1.000000,""
819,w0,27,777550.000000,8,600.000000,1,COMPLETED_SUCCESSFULLY,777550.000000,27.000000,777577.000000,0.000000,27.000000,1.000000,155-162,-1.000000,""
816,w0,876,777109.000000,1,3600.000000,1,COMPLETED_SUCCESSFULLY,777109.000000,876.000000,777985.000000,0.000000,876.000000,1.000000,154,-1.000000,""
744,w0,5574,772552.000000,1,28800.000000,1,COMPLETED_SUCCESSFULLY,772552.000000,5574.000000,778126.000000,0.000000,5574.000000,1.000000,96,-1.000000,""
745,w0,6099,772553.000000,1,28800.000000,1,COMPLETED_SUCCESSFULLY,772553.000000,6099.000000,778652.000000,0.000000,6099.000000,1.000000,97,-1.000000,""
820,w0,23,778932.000000,1,600.000000,1,COMPLETED_SUCCESSFULLY,778932.000000,23.000000,778955.000000,0.000000,23.000000,1.000000,96,-1.000000,""
750,w0,6413,772556.000000,1,28800.000000,1,COMPLETED_SUCCESSFULLY,772556.000000,6413.000000,778969.000000,0.000000,6413.000000,1.000000,102,-1.000000,""
815,w0,1968,777037.000000,96,3600.000000,1,COMPLETED_SUCCESSFULLY,777037.000000,1968.000000,779005.000000,0.000000,1968.000000,1.000000,3-19 68-95 103-153,-1.000000,""
746,w0,6466,772553.000000,1,28800.000000,1,COMPLETED_SUCCESSFULLY,772553.000000,6466.000000,779019.000000,0.000000,6466.000000,1.000000,98,-1.000000,""
821,w0,132,779081.000000,5,3600.000000,1,COMPLETED_SUCCESSFULLY,779081.000000,132.000000,779213.000000,0.000000,132.000000,1.000000,3-7,-1.000000,""
822,w0,140,779081.000000,5,3600.000000,1,COMPLETED_SUCCESSFULLY,779081.000000,140.000000,779221.000000,0.000000,140.000000,1.000000,8-12,-1.000000,""
823,w0,140,779081.000000,5,3600.000000,1,COMPLETED_SUCCESSFULLY,779081.000000,140.000000,779221.000000,0.000000,140.000000,1.000000,13-17,-1.000000,""
824,w0,188,779081.000000,5,3600.000000,1,COMPLETED_SUCCESSFULLY,779081.000000,188.000000,779269.000000,0.000000,188.000000,1.000000,18-19 68-70,-1.000000,""
747,w0,6873,772554.000000,1,28800.000000,1,COMPLETED_SUCCESSFULLY,772554.000000,6873.000000,779427.000000,0.000000,6873.000000,1.000000,99,-1.000000,""
748,w0,7070,772555.000000,1,28800.000000,1,COMPLETED_SUCCESSFULLY,772555.000000,7070.000000,779625.000000,0.000000,7070.000000,1.000000,100,-1.000000,""
826,w0,33,780437.000000,2,3600.000000,1,COMPLETED_SUCCESSFULLY,780437.000000,33.000000,780470.000000,0.000000,33.000000,1.000000,4-5,-1.000000,""
827,w0,35,780551.000000,2,3600.000000,1,COMPLETED_SUCCESSFULLY,780551.000000,35.000000,780586.000000,0.000000,35.000000,1.000000,4-5,-1.000000,""
828,w0,19,781440.000000,1,3600.000000,1,COMPLETED_SUCCESSFULLY,781440.000000,19.000000,781459.000000,0.000000,19.000000,1.000000,4,-1.000000,""
829,w0,17,781463.000000,1,3600.000000,1,COMPLETED_SUCCESSFULLY,781463.000000,17.000000,781480.000000,0.000000,17.000000,1.000000,4,-1.000000,""
830,w0,33,781597.000000,2,3600.000000,1,COMPLETED_SUCCESSFULLY,781597.000000,33.000000,781630.000000,0.000000,33.000000,1.000000,4-5,-1.000000,""
831,w0,27,781926.000000,8,600.000000,1,COMPLETED_SUCCESSFULLY,781926.000000,27.000000,781953.000000,0.000000,27.000000,1.000000,4-11,-1.000000,""
832,w0,360,781940.000000,2,600.000000,1,COMPLETED_SUCCESSFULLY,781940.000000,360.000000,782300.000000,0.000000,360.000000,1.000000,12-13,-1.000000,""
833,w0,28,782468.000000,2,1530.000000,1,COMPLETED_SUCCESSFULLY,782468.000000,28.000000,782496.000000,0.000000,28.000000,1.000000,4-5,-1.000000,""
825,w0,3153,779375.000000,1,64800.000000,1,COMPLETED_SUCCESSFULLY,779375.000000,3153.000000,782528.000000,0.000000,3153.000000,1.000000,3,-1.000000,""
834,w0,33,782496.000000,2,900.000000,1,COMPLETED_SUCCESSFULLY,782496.000000,33.000000,782529.000000,0.000000,33.000000,1.000000,6-7,-1.000000,""
835,w0,27,782699.000000,1,900.000000,1,COMPLETED_SUCCESSFULLY,782699.000000,27.000000,782726.000000,0.000000,27.000000,1.000000,3,-1.000000,""
836,w0,37,782915.000000,1,900.000000,1,COMPLETED_SUCCESSFULLY,782915.000000,37.000000,782952.000000,0.000000,37.000000,1.000000,3,-1.000000,""
837,w0,58,783026.000000,1,900.000000,1,COMPLETED_SUCCESSFULLY,783026.000000,58.000000,783084.000000,0.000000,58.000000,1.000000,3,-1.000000,""
839,w0,27,783470.000000,8,600.000000,1,COMPLETED_SUCCESSFULLY,783470.000000,27.000000,783497.000000,0.000000,27.000000,1.000000,4-11,-1.000000,""
840,w0,28,783555.000000,8,600.000000,1,COMPLETED_SUCCESSFULLY,783555.000000,28.000000,783583.000000,0.000000,28.000000,1.000000,4-11,-1.000000,""
842,w0,113,783675.000000,8,600.000000,1,COMPLETED_SUCCESSFULLY,783675.000000,113.000000,783788.000000,0.000000,113.000000,1.000000,5-12,-1.000000,""
841,w0,405,783621.000000,1,1800.000000,1,COMPLETED_SUCCESSFULLY,783621.000000,405.000000,784026.000000,0.000000,405.000000,1.000000,4,-1.000000,""
844,w0,173,784143.000000,16,600.000000,1,COMPLETED_SUCCESSFULLY,784143.000000,173.000000,784316.000000,0.000000,173.000000,1.000000,12-19 68-75,-1.000000,""
764,w0,9864,774709.000000,2,64800.000000,1,COMPLETED_SUCCESSFULLY,774709.000000,9864.000000,784573.000000,0.000000,9864.000000,1.000000,1-2,-1.000000,""
848,w0,38,784756.000000,1,900.000000,1,COMPLETED_SUCCESSFULLY,784756.000000,38.000000,784794.000000,0.000000,38.000000,1.000000,17,-1.000000,""
849,w0,36,784849.000000,1,900.000000,1,COMPLETED_SUCCESSFULLY,784849.000000,36.000000,784885.000000,0.000000,36.000000,1.000000,17,-1.000000,""
846,w0,400,784569.000000,1,1800.000000,1,COMPLETED_SUCCESSFULLY,784569.000000,400.000000,784969.000000,0.000000,400.000000,1.000000,16,-1.000000,""
851,w0,28,785096.000000,8,43200.000000,1,COMPLETED_SUCCESSFULLY,785096.000000,28.000000,785124.000000,0.000000,28.000000,1.000000,17-19 68-72,-1.000000,""
850,w0,58,785094.000000,1,900.000000,1,COMPLETED_SUCCESSFULLY,785094.000000,58.000000,785152.000000,0.000000,58.000000,1.000000,16,-1.000000,""
853,w0,101,785459.000000,64,600.000000,1,COMPLETED_SUCCESSFULLY,785459.000000,101.000000,785560.000000,0.000000,101.000000,1.000000,17-19 68-128,-1.000000,""
852,w0,399,785339.000000,1,1800.000000,1,COMPLETED_SUCCESSFULLY,785339.000000,399.000000,785738.000000,0.000000,399.000000,1.000000,16,-1.000000,""
854,w0,57,785984.000000,1,900.000000,1,COMPLETED_SUCCESSFULLY,785984.000000,57.000000,786041.000000,0.000000,57.000000,1.000000,16,-1.000000,""
857,w0,57,786803.000000,1,900.000000,1,COMPLETED_SUCCESSFULLY,786803.000000,57.000000,786860.000000,0.000000,57.000000,1.000000,129,-1.000000,""
856,w0,393,786701.000000,1,1800.000000,1,COMPLETED_SUCCESSFULLY,786701.000000,393.000000,787094.000000,0.000000,393.000000,1.000000,128,-1.000000,""
858,w0,64,787272.000000,4,1830.000000,1,COMPLETED_SUCCESSFULLY,787272.000000,64.000000,787336.000000,0.000000,64.000000,1.000000,128-131,-1.000000,""
859,w0,392,787890.000000,1,1800.000000,1,COMPLETED_SUCCESSFULLY,787890.000000,392.000000,788282.000000,0.000000,392.000000,1.000000,128,-1.000000,""
861,w0,29,788603.000000,4,64800.000000,1,COMPLETED_SUCCESSFULLY,788603.000000,29.000000,788632.000000,0.000000,29.000000,1.000000,136-139,-1.000000,""
760,w0,15208,773891.000000,1,36000.000000,1,COMPLETED_SUCCESSFULLY,773891.000000,15208.000000,789099.000000,0.000000,15208.000000,1.000000,0,-1.000000,""
863,w0,27,789302.000000,8,540.000000,1,COMPLETED_SUCCESSFULLY,789302.000000,27.000000,789329.000000,0.000000,27.000000,1.000000,136-143,-1.000000,""
862,w0,170,789162.000000,1,1800.000000,1,COMPLETED_SUCCESSFULLY,789162.000000,170.000000,789332.000000,0.000000,170.000000,1.000000,0,-1.000000,""
864,w0,43,789709.000000,8,540.000000,1,COMPLETED_SUCCESSFULLY,789709.000000,43.000000,789752.000000,0.000000,43.000000,1.000000,0 136-142,-1.000000,""
865,w0,18,789873.000000,1,3600.000000,1,COMPLETED_SUCCESSFULLY,789873.000000,18.000000,789891.000000,0.000000,18.000000,1.000000,0,-1.000000,""
866,w0,41,790255.000000,8,540.000000,1,COMPLETED_SUCCESSFULLY,790255.000000,41.000000,790296.000000,0.000000,41.000000,1.000000,0 136-142,-1.000000,""
709,w0,18204,772149.000000,8,61740.000000,1,COMPLETED_SUCCESSFULLY,772149.000000,18204.000000,790353.000000,0.000000,18204.000000,1.000000,20-27,-1.000000,""
711,w0,18205,772151.000000,8,61740.000000,1,COMPLETED_SUCCESSFULLY,772151.000000,18205.000000,790356.000000,0.000000,18205.000000,1.000000,36-43,-1.000000,""
712,w0,18234,772151.000000,8,61740.000000,1,COMPLETED_SUCCESSFULLY,772151.000000,18234.000000,790385.000000,0.000000,18234.000000,1.000000,44-51,-1.000000,""
710,w0,18273,772150.000000,8,61740.000000,1,COMPLETED_SUCCESSFULLY,772150.000000,18273.000000,790423.000000,0.000000,18273.000000,1.000000,28-35,-1.000000,""
713,w0,18324,772152.000000,8,61740.000000,1,COMPLETED_SUCCESSFULLY,772152.000000,18324.000000,790476.000000,0.000000,18324.000000,1.000000,52-59,-1.000000,""
867,w0,169,790341.000000,1,1800.000000,1,COMPLETED_SUCCESSFULLY,790341.000000,169.000000,790510.000000,0.000000,169.000000,1.000000,0,-1.000000,""
714,w0,18422,772153.000000,8,61740.000000,1,COMPLETED_SUCCESSFULLY,772153.000000,18422.000000,790575.000000,0.000000,18422.000000,1.000000,60-67,-1.000000,""
869,w0,42,790678.000000,8,540.000000,1,COMPLETED_SUCCESSFULLY,790678.000000,42.000000,790720.000000,0.000000,42.000000,1.000000,20-27,-1.000000,""
877,w0,111,790860.000000,1,1800.000000,1,COMPLETED_SUCCESSFULLY,790860.000000,111.000000,790971.000000,0.000000,111.000000,1.000000,153,-1.000000,""
878,w0,87,790885.000000,2,1800.000000,1,COMPLETED_SUCCESSFULLY,790885.000000,87.000000,790972.000000,0.000000,87.000000,1.000000,154-155,-1.000000,""
868,w0,329,790660.000000,1,3600.000000,1,COMPLETED_SUCCESSFULLY,790660.000000,329.000000,790989.000000,0.000000,329.000000,1.000000,0,-1.000000,""
875,w0,184,790832.000000,1,1800.000000,1,COMPLETED_SUCCESSFULLY,790832.000000,184.000000,791016.000000,0.000000,184.000000,1.000000,152,-1.000000,""
880,w0,66,791021.000000,8,1800.000000,1,COMPLETED_SUCCESSFULLY,791021.000000,66.000000,791087.000000,0.000000,66.000000,1.000000,155-162,-1.000000,""
879,w0,74,791017.000000,4,1800.000000,1,COMPLETED_SUCCESSFULLY,791017.000000,74.000000,791091.000000,0.000000,74.000000,1.000000,0 152-154,-1.000000,""
870,w0,363,790792.000000,64,300.000000,0,COMPLETED_WALLTIME_REACHED,790792.000000,300.000000,791092.000000,0.000000,300.000000,1.000000,20-67 136-151,-1.000000,""
845,w0,6778,784483.000000,4,9030.000000,1,COMPLETED_SUCCESSFULLY,784483.000000,6778.000000,791261.000000,0.000000,6778.000000,1.000000,12-15,-1.000000,""
871,w0,282,790797.000000,64,300.000000,1,COMPLETED_SUCCESSFULLY,791092.000000,282.000000,791374.000000,295.000000,577.000000,2.046099,0 20-67 136-150,-1.000000,""
872,w0,281,790808.000000,64,300.000000,1,COMPLETED_SUCCESSFULLY,791374.000000,281.000000,791655.000000,566.000000,847.000000,3.014235,0 12-15 20-67 136-146,-1.000000,""
873,w0,273,790813.000000,64,300.000000,1,COMPLETED_SUCCESSFULLY,791655.000000,273.000000,791928.000000,842.000000,1115.000000,4.084249,0 12-15 20-67 136-146,-1.000000,""
881,w0,37,791965.000000,8,64800.000000,1,COMPLETED_SUCCESSFULLY,791965.000000,37.000000,792002.000000,0.000000,37.000000,1.000000,147-154,-1.000000,""
882,w0,32,791970.000000,8,64800.000000,1,COMPLETED_SUCCESSFULLY,791970.000000,32.000000,792002.000000,0.000000,32.000000,1.000000,155-162,-1.000000,""
874,w0,278,790823.000000,64,300.000000,1,COMPLETED_SUCCESSFULLY,791928.000000,278.000000,792206.000000,1105.000000,1383.000000,4.974820,0 12-15 20-67 136-146,-1.000000,""
876,w0,281,790832.000000,64,300.000000,1,COMPLETED_SUCCESSFULLY,792206.000000,281.000000,792487.000000,1374.000000,1655.000000,5.889680,0 12-15 20-67 136-146,-1.000000,""
883,w0,36,792524.000000,8,64800.000000,1,COMPLETED_SUCCESSFULLY,792524.000000,36.000000,792560.000000,0.000000,36.000000,1.000000,0 12-15 20-22,-1.000000,""
884,w0,18,792574.000000,1,1800.000000,1,COMPLETED_SUCCESSFULLY,792574.000000,18.000000,792592.000000,0.000000,18.000000,1.000000,0,-1.000000,""
885,w0,17,793740.000000,1,1800.000000,1,COMPLETED_SUCCESSFULLY,793740.000000,17.000000,793757.000000,0.000000,17.000000,1.000000,0,-1.000000,""
886,w0,42,793990.000000,8,540.000000,1,COMPLETED_SUCCESSFULLY,793990.000000,42.000000,794032.000000,0.000000,42.000000,1.000000,0 12-15 20-22,-1.000000,""
838,w0,11340,783173.000000,1,64800.000000,1,COMPLETED_SUCCESSFULLY,783173.000000,11340.000000,794513.000000,0.000000,11340.000000,1.000000,3,-1.000000,""
887,w0,38,794493.000000,8,540.000000,1,COMPLETED_SUCCESSFULLY,794493.000000,38.000000,794531.000000,0.000000,38.000000,1.000000,0 12-15 20-22,-1.000000,""
888,w0,17,795384.000000,1,1800.000000,1,COMPLETED_SUCCESSFULLY,795384.000000,17.000000,795401.000000,0.000000,17.000000,1.000000,0,-1.000000,""
889,w0,21,796487.000000,1,180.000000,1,COMPLETED_SUCCESSFULLY,796487.000000,21.000000,796508.000000,0.000000,21.000000,1.000000,0,-1.000000,""
890,w0,21,796524.000000,1,180.000000,1,COMPLETED_SUCCESSFULLY,796524.000000,21.000000,796545.000000,0.000000,21.000000,1.000000,0,-1.000000,""
892,w0,56,796664.000000,1,180.000000,1,COMPLETED_SUCCESSFULLY,796664.000000,56.000000,796720.000000,0.000000,56.000000,1.000000,3,-1.000000,""
895,w0,21,798183.000000,8,61740.000000,1,COMPLETED_SUCCESSFULLY,798183.000000,21.000000,798204.000000,0.000000,21.000000,1.000000,14-15 20-25,-1.000000,""
896,w0,21,798184.000000,8,61740.000000,1,COMPLETED_SUCCESSFULLY,798184.000000,21.000000,798205.000000,0.000000,21.000000,1.000000,26-33,-1.000000,""
897,w0,21,798184.000000,8,61740.000000,1,COMPLETED_SUCCESSFULLY,798184.000000,21.000000,798205.000000,0.000000,21.000000,1.000000,34-41,-1.000000,""
898,w0,22,798185.000000,8,61740.000000,1,COMPLETED_SUCCESSFULLY,798185.000000,22.000000,798207.000000,0.000000,22.000000,1.000000,42-49,-1.000000,""
899,w0,22,798185.000000,8,61740.000000,1,COMPLETED_SUCCESSFULLY,798185.000000,22.000000,798207.000000,0.000000,22.000000,1.000000,50-57,-1.000000,""
900,w0,21,798186.000000,8,61740.000000,1,COMPLETED_SUCCESSFULLY,798186.000000,21.000000,798207.000000,0.000000,21.000000,1.000000,58-65,-1.000000,""
901,w0,21,798187.000000,8,61740.000000,1,COMPLETED_SUCCESSFULLY,798187.000000,21.000000,798208.000000,0.000000,21.000000,1.000000,66-67 136-141,-1.000000,""
902,w0,21,798187.000000,8,61740.000000,1,COMPLETED_SUCCESSFULLY,798187.000000,21.000000,798208.000000,0.000000,21.000000,1.000000,142-149,-1.000000,""
903,w0,21,798188.000000,8,61740.000000,1,COMPLETED_SUCCESSFULLY,798188.000000,21.000000,798209.000000,0.000000,21.000000,1.000000,150-157,-1.000000,""
904,w0,22,798188.000000,8,61740.000000,1,COMPLETED_SUCCESSFULLY,798188.000000,22.000000,798210.000000,0.000000,22.000000,1.000000,158-165,-1.000000,""
905,w0,21,798189.000000,8,61740.000000,1,COMPLETED_SUCCESSFULLY,798204.000000,21.000000,798225.000000,15.000000,36.000000,1.714286,14-15 20-25,-1.000000,""
906,w0,21,798190.000000,8,61740.000000,1,COMPLETED_SUCCESSFULLY,798205.000000,21.000000,798226.000000,15.000000,36.000000,1.714286,26-33,-1.000000,""
907,w0,21,798190.000000,8,61740.000000,1,COMPLETED_SUCCESSFULLY,798205.000000,21.000000,798226.000000,15.000000,36.000000,1.714286,34-41,-1.000000,""
908,w0,21,798191.000000,8,61740.000000,1,COMPLETED_SUCCESSFULLY,798207.000000,21.000000,798228.000000,16.000000,37.000000,1.761905,42-49,-1.000000,""
909,w0,22,798192.000000,8,61740.000000,1,COMPLETED_SUCCESSFULLY,798207.000000,22.000000,798229.000000,15.000000,37.000000,1.681818,50-57,-1.000000,""
910,w0,22,798192.000000,8,61740.000000,1,COMPLETED_SUCCESSFULLY,798207.000000,22.000000,798229.000000,15.000000,37.000000,1.681818,58-65,-1.000000,""
911,w0,22,798193.000000,8,61740.000000,1,COMPLETED_SUCCESSFULLY,798208.000000,22.000000,798230.000000,15.000000,37.000000,1.681818,66-67 136-141,-1.000000,""
912,w0,22,798193.000000,8,61740.000000,1,COMPLETED_SUCCESSFULLY,798208.000000,22.000000,798230.000000,15.000000,37.000000,1.681818,142-149,-1.000000,""
913,w0,21,798194.000000,8,61740.000000,1,COMPLETED_SUCCESSFULLY,798209.000000,21.000000,798230.000000,15.000000,36.000000,1.714286,150-157,-1.000000,""
914,w0,21,798195.000000,8,61740.000000,1,COMPLETED_SUCCESSFULLY,798210.000000,21.000000,798231.000000,15.000000,36.000000,1.714286,158-165,-1.000000,""
915,w0,22,798195.000000,8,61740.000000,1,COMPLETED_SUCCESSFULLY,798225.000000,22.000000,798247.000000,30.000000,52.000000,2.363636,14-15 20-25,-1.000000,""
917,w0,21,798197.000000,8,61740.000000,1,COMPLETED_SUCCESSFULLY,798226.000000,21.000000,798247.000000,29.000000,50.000000,2.380952,34-41,-1.000000,""
916,w0,22,798196.000000,8,61740.000000,1,COMPLETED_SUCCESSFULLY,798226.000000,22.000000,798248.000000,30.000000,52.000000,2.363636,26-33,-1.000000,""
918,w0,21,798197.000000,8,61740.000000,1,COMPLETED_SUCCESSFULLY,798228.000000,21.000000,798249.000000,31.000000,52.000000,2.476190,42-49,-1.000000,""
919,w0,21,798198.000000,8,61740.000000,1,COMPLETED_SUCCESSFULLY,798229.000000,21.000000,798250.000000,31.000000,52.000000,2.476190,50-57,-1.000000,""
920,w0,21,798199.000000,8,61740.000000,1,COMPLETED_SUCCESSFULLY,798229.000000,21.000000,798250.000000,30.000000,51.000000,2.428571,58-65,-1.000000,""
921,w0,21,798199.000000,8,61740.000000,1,COMPLETED_SUCCESSFULLY,798230.000000,21.000000,798251.000000,31.000000,52.000000,2.476190,66-67 136-141,-1.000000,""
922,w0,22,798200.000000,8,61740.000000,1,COMPLETED_SUCCESSFULLY,798230.000000,22.000000,798252.000000,30.000000,52.000000,2.363636,142-149,-1.000000,""
923,w0,22,798200.000000,8,61740.000000,1,COMPLETED_SUCCESSFULLY,798230.000000,22.000000,798252.000000,30.000000,52.000000,2.363636,150-157,-1.000000,""
924,w0,23,798201.000000,8,61740.000000,1,COMPLETED_SUCCESSFULLY,798231.000000,23.000000,798254.000000,30.000000,53.000000,2.304348,158-165,-1.000000,""
925,w0,22,798202.000000,8,61740.000000,1,COMPLETED_SUCCESSFULLY,798247.000000,22.000000,798269.000000,45.000000,67.000000,3.045455,14-15 20-25,-1.000000,""
926,w0,22,798202.000000,8,61740.000000,1,COMPLETED_SUCCESSFULLY,798247.000000,22.000000,798269.000000,45.000000,67.000000,3.045455,34-41,-1.000000,""
927,w0,21,798203.000000,8,61740.000000,1,COMPLETED_SUCCESSFULLY,798248.000000,21.000000,798269.000000,45.000000,66.000000,3.142857,26-33,-1.000000,""
928,w0,21,798204.000000,8,61740.000000,1,COMPLETED_SUCCESSFULLY,798249.000000,21.000000,798270.000000,45.000000,66.000000,3.142857,42-49,-1.000000,""
929,w0,22,798204.000000,8,61740.000000,1,COMPLETED_SUCCESSFULLY,798250.000000,22.000000,798272.000000,46.000000,68.000000,3.090909,50-57,-1.000000,""
930,w0,22,798205.000000,8,61740.000000,1,COMPLETED_SUCCESSFULLY,798250.000000,22.000000,798272.000000,45.000000,67.000000,3.045455,58-65,-1.000000,""
931,w0,21,798205.000000,8,61740.000000,1,COMPLETED_SUCCESSFULLY,798251.000000,21.000000,798272.000000,46.000000,67.000000,3.190476,66-67 136-141,-1.000000,""
932,w0,21,798206.000000,8,61740.000000,1,COMPLETED_SUCCESSFULLY,798252.000000,21.000000,798273.000000,46.000000,67.000000,3.190476,142-149,-1.000000,""
933,w0,22,798207.000000,8,61740.000000,1,COMPLETED_SUCCESSFULLY,798252.000000,22.000000,798274.000000,45.000000,67.000000,3.045455,150-157,-1.000000,""
934,w0,22,798207.000000,8,61740.000000,1,COMPLETED_SUCCESSFULLY,798254.000000,22.000000,798276.000000,47.000000,69.000000,3.136364,158-165,-1.000000,""
936,w0,21,798209.000000,8,61740.000000,1,COMPLETED_SUCCESSFULLY,798269.000000,21.000000,798290.000000,60.000000,81.000000,3.857143,34-41,-1.000000,""
935,w0,22,798208.000000,8,61740.000000,1,COMPLETED_SUCCESSFULLY,798269.000000,22.000000,798291.000000,61.000000,83.000000,3.772727,14-15 20-25,-1.000000,""
937,w0,22,798209.000000,8,61740.000000,1,COMPLETED_SUCCESSFULLY,798269.000000,22.000000,798291.000000,60.000000,82.000000,3.727273,26-33,-1.000000,""
938,w0,22,798769.000000,8,25740.000000,1,COMPLETED_SUCCESSFULLY,798769.000000,22.000000,798791.000000,0.000000,22.000000,1.000000,14-15 20-25,-1.000000,""
939,w0,12,798816.000000,1,14400.000000,1,COMPLETED_SUCCESSFULLY,798816.000000,12.000000,798828.000000,0.000000,12.000000,1.000000,14,-1.000000,""
940,w0,17,799044.000000,1,14400.000000,1,COMPLETED_SUCCESSFULLY,799044.000000,17.000000,799061.000000,0.000000,17.000000,1.000000,14,-1.000000,""
843,w0,15250,784084.000000,8,36600.000000,1,COMPLETED_SUCCESSFULLY,784084.000000,15250.000000,799334.000000,0.000000,15250.000000,1.000000,4-11,-1.000000,""
891,w0,2818,796592.000000,1,64800.000000,1,COMPLETED_SUCCESSFULLY,796592.000000,2818.000000,799410.000000,0.000000,2818.000000,1.000000,0,-1.000000,""
941,w0,41,799686.000000,4,600.000000,1,COMPLETED_SUCCESSFULLY,799686.000000,41.000000,799727.000000,0.000000,41.000000,1.000000,0 4-6,-1.000000,""
855,w0,14012,786072.000000,64,43200.000000,1,COMPLETED_SUCCESSFULLY,786072.000000,14012.000000,800084.000000,0.000000,14012.000000,1.000000,16-19 68-127,-1.000000,""
942,w0,90,800459.000000,8,600.000000,1,COMPLETED_SUCCESSFULLY,800459.000000,90.000000,800549.000000,0.000000,90.000000,1.000000,0 4-10,-1.000000,""
943,w0,17,800551.000000,1,1800.000000,1,COMPLETED_SUCCESSFULLY,800551.000000,17.000000,800568.000000,0.000000,17.000000,1.000000,0,-1.000000,""
944,w0,41,800612.000000,4,600.000000,1,COMPLETED_SUCCESSFULLY,800612.000000,41.000000,800653.000000,0.000000,41.000000,1.000000,0 4-6,-1.000000,""
946,w0,18,800752.000000,1,1800.000000,1,COMPLETED_SUCCESSFULLY,800752.000000,18.000000,800770.000000,0.000000,18.000000,1.000000,4,-1.000000,""
947,w0,18,800879.000000,1,1800.000000,1,COMPLETED_SUCCESSFULLY,800879.000000,18.000000,800897.000000,0.000000,18.000000,1.000000,4,-1.000000,""
948,w0,17,801098.000000,1,14400.000000,1,COMPLETED_SUCCESSFULLY,801098.000000,17.000000,801115.000000,0.000000,17.000000,1.000000,4,-1.000000,""
949,w0,39,801233.000000,4,600.000000,1,COMPLETED_SUCCESSFULLY,801233.000000,39.000000,801272.000000,0.000000,39.000000,1.000000,4-7,-1.000000,""
950,w0,17,801608.000000,1,14400.000000,1,COMPLETED_SUCCESSFULLY,801608.000000,17.000000,801625.000000,0.000000,17.000000,1.000000,4,-1.000000,""
951,w0,39,801675.000000,4,600.000000,1,COMPLETED_SUCCESSFULLY,801675.000000,39.000000,801714.000000,0.000000,39.000000,1.000000,4-7,-1.000000,""
952,w0,18,802549.000000,1,1800.000000,1,COMPLETED_SUCCESSFULLY,802549.000000,18.000000,802567.000000,0.000000,18.000000,1.000000,4,-1.000000,""
953,w0,41,802605.000000,4,600.000000,1,COMPLETED_SUCCESSFULLY,802605.000000,41.000000,802646.000000,0.000000,41.000000,1.000000,4-7,-1.000000,""
954,w0,43,803003.000000,4,600.000000,1,COMPLETED_SUCCESSFULLY,803003.000000,43.000000,803046.000000,0.000000,43.000000,1.000000,4-7,-1.000000,""
955,w0,50,803682.000000,4,600.000000,1,COMPLETED_SUCCESSFULLY,803682.000000,50.000000,803732.000000,0.000000,50.000000,1.000000,4-7,-1.000000,""
860,w0,16160,788567.000000,8,36600.000000,1,COMPLETED_SUCCESSFULLY,788567.000000,16160.000000,804727.000000,0.000000,16160.000000,1.000000,128-135,-1.000000,""
956,w0,590,806254.000000,4,1800.000000,1,COMPLETED_SUCCESSFULLY,806254.000000,590.000000,806844.000000,0.000000,590.000000,1.000000,4-7,-1.000000,""
957,w0,487,806859.000000,4,1800.000000,1,COMPLETED_SUCCESSFULLY,806859.000000,487.000000,807346.000000,0.000000,487.000000,1.000000,4-7,-1.000000,""
958,w0,41,807776.000000,4,1800.000000,1,COMPLETED_SUCCESSFULLY,807776.000000,41.000000,807817.000000,0.000000,41.000000,1.000000,4-7,-1.000000,""
959,w0,308,808197.000000,4,1800.000000,1,COMPLETED_SUCCESSFULLY,808197.000000,308.000000,808505.000000,0.000000,308.000000,1.000000,4-7,-1.000000,""
960,w0,249,808514.000000,4,1800.000000,1,COMPLETED_SUCCESSFULLY,808514.000000,249.000000,808763.000000,0.000000,249.000000,1.000000,4-7,-1.000000,""
961,w0,54,808749.000000,4,1800.000000,1,COMPLETED_SUCCESSFULLY,808749.000000,54.000000,808803.000000,0.000000,54.000000,1.000000,8-11,-1.000000,""
945,w0,8132,800735.000000,1,64800.000000,1,COMPLETED_SUCCESSFULLY,800735.000000,8132.000000,808867.000000,0.000000,8132.000000,1.000000,0,-1.000000,""
962,w0,40,808895.000000,4,1800.000000,1,COMPLETED_SUCCESSFULLY,808895.000000,40.000000,808935.000000,0.000000,40.000000,1.000000,0 4-6,-1.000000,""
963,w0,41,809112.000000,4,1800.000000,1,COMPLETED_SUCCESSFULLY,809112.000000,41.000000,809153.000000,0.000000,41.000000,1.000000,0 4-6,-1.000000,""
964,w0,42,809330.000000,4,1800.000000,1,COMPLETED_SUCCESSFULLY,809330.000000,42.000000,809372.000000,0.000000,42.000000,1.000000,0 4-6,-1.000000,""
965,w0,42,809957.000000,4,1800.000000,1,COMPLETED_SUCCESSFULLY,809957.000000,42.000000,809999.000000,0.000000,42.000000,1.000000,0 4-6,-1.000000,""
966,w0,42,810190.000000,4,1800.000000,1,COMPLETED_SUCCESSFULLY,810190.000000,42.000000,810232.000000,0.000000,42.000000,1.000000,0 4-6,-1.000000,""
967,w0,1468,810311.000000,1,5400.000000,1,COMPLETED_SUCCESSFULLY,810311.000000,1468.000000,811779.000000,0.000000,1468.000000,1.000000,0,-1.000000,""
969,w0,1195,810610.000000,8,64800.000000,1,COMPLETED_SUCCESSFULLY,810610.000000,1195.000000,811805.000000,0.000000,1195.000000,1.000000,14-21,-1.000000,""
971,w0,40,812968.000000,2,46800.000000,1,COMPLETED_SUCCESSFULLY,812968.000000,40.000000,813008.000000,0.000000,40.000000,1.000000,0 14,-1.000000,""
968,w0,2681,810579.000000,8,64800.000000,1,COMPLETED_SUCCESSFULLY,810579.000000,2681.000000,813260.000000,0.000000,2681.000000,1.000000,4-11,-1.000000,""
974,w0,282,814068.000000,64,300.000000,1,COMPLETED_SUCCESSFULLY,814068.000000,282.000000,814350.000000,0.000000,282.000000,1.000000,79-142,-1.000000,""
973,w0,309,814064.000000,64,300.000000,0,COMPLETED_WALLTIME_REACHED,814064.000000,300.000000,814364.000000,0.000000,300.000000,1.000000,4-11 15-21 30-78,-1.000000,""
975,w0,192,814072.000000,64,300.000000,1,COMPLETED_SUCCESSFULLY,814350.000000,192.000000,814542.000000,278.000000,470.000000,2.447917,79-142,-1.000000,""
976,w0,280,814077.000000,64,300.000000,1,COMPLETED_SUCCESSFULLY,814364.000000,280.000000,814644.000000,287.000000,567.000000,2.025000,4-11 15-21 30-78,-1.000000,""
970,w0,4073,810639.000000,8,64800.000000,1,COMPLETED_SUCCESSFULLY,810639.000000,4073.000000,814712.000000,0.000000,4073.000000,1.000000,22-29,-1.000000,""
978,w0,45,815050.000000,16,300.000000,1,COMPLETED_SUCCESSFULLY,815050.000000,45.000000,815095.000000,0.000000,45.000000,1.000000,4-11 15-22,-1.000000,""
979,w0,45,815055.000000,16,300.000000,1,COMPLETED_SUCCESSFULLY,815055.000000,45.000000,815100.000000,0.000000,45.000000,1.000000,23-38,-1.000000,""
980,w0,46,815059.000000,16,300.000000,1,COMPLETED_SUCCESSFULLY,815059.000000,46.000000,815105.000000,0.000000,46.000000,1.000000,39-54,-1.000000,""
981,w0,51,815062.000000,16,300.000000,1,COMPLETED_SUCCESSFULLY,815062.000000,51.000000,815113.000000,0.000000,51.000000,1.000000,55-70,-1.000000,""
982,w0,48,815067.000000,16,300.000000,1,COMPLETED_SUCCESSFULLY,815067.000000,48.000000,815115.000000,0.000000,48.000000,1.000000,71-78 80-87,-1.000000,""
983,w0,46,815125.000000,32,300.000000,1,COMPLETED_SUCCESSFULLY,815125.000000,46.000000,815171.000000,0.000000,46.000000,1.000000,4-11 15-38,-1.000000,""
984,w0,45,815129.000000,32,300.000000,1,COMPLETED_SUCCESSFULLY,815129.000000,45.000000,815174.000000,0.000000,45.000000,1.000000,39-70,-1.000000,""
986,w0,47,815141.000000,32,300.000000,1,COMPLETED_SUCCESSFULLY,815141.000000,47.000000,815188.000000,0.000000,47.000000,1.000000,104-135,-1.000000,""
987,w0,49,815146.000000,32,300.000000,1,COMPLETED_SUCCESSFULLY,815146.000000,49.000000,815195.000000,0.000000,49.000000,1.000000,136-167,-1.000000,""
985,w0,99,815137.000000,32,300.000000,1,COMPLETED_SUCCESSFULLY,815137.000000,99.000000,815236.000000,0.000000,99.000000,1.000000,71-78 80-103,-1.000000,""
988,w0,45,815303.000000,16,300.000000,1,COMPLETED_SUCCESSFULLY,815303.000000,45.000000,815348.000000,0.000000,45.000000,1.000000,4-11 15-22,-1.000000,""
989,w0,46,815309.000000,16,300.000000,1,COMPLETED_SUCCESSFULLY,815309.000000,46.000000,815355.000000,0.000000,46.000000,1.000000,23-38,-1.000000,""
990,w0,46,815314.000000,16,300.000000,1,COMPLETED_SUCCESSFULLY,815314.000000,46.000000,815360.000000,0.000000,46.000000,1.000000,39-54,-1.000000,""
991,w0,45,815319.000000,16,300.000000,1,COMPLETED_SUCCESSFULLY,815319.000000,45.000000,815364.000000,0.000000,45.000000,1.000000,55-70,-1.000000,""
992,w0,44,815326.000000,16,300.000000,1,COMPLETED_SUCCESSFULLY,815326.000000,44.000000,815370.000000,0.000000,44.000000,1.000000,71-78 80-87,-1.000000,""
994,w0,49,815337.000000,32,300.000000,1,COMPLETED_SUCCESSFULLY,815337.000000,49.000000,815386.000000,0.000000,49.000000,1.000000,120-151,-1.000000,""
995,w0,52,815342.000000,32,300.000000,1,COMPLETED_SUCCESSFULLY,815348.000000,52.000000,815400.000000,6.000000,58.000000,1.115385,4-11 15-22 152-167,-1.000000,""
996,w0,46,815346.000000,32,300.000000,1,COMPLETED_SUCCESSFULLY,815360.000000,46.000000,815406.000000,14.000000,60.000000,1.304348,23-54,-1.000000,""
997,w0,49,815355.000000,32,300.000000,1,COMPLETED_SUCCESSFULLY,815370.000000,49.000000,815419.000000,15.000000,64.000000,1.306122,55-78 80-87,-1.000000,""
993,w0,100,815332.000000,32,300.000000,1,COMPLETED_SUCCESSFULLY,815332.000000,100.000000,815432.000000,0.000000,100.000000,1.000000,88-119,-1.000000,""
847,w0,31589,784641.000000,2,64800.000000,1,COMPLETED_SUCCESSFULLY,784641.000000,31589.000000,816230.000000,0.000000,31589.000000,1.000000,1-2,-1.000000,""
998,w0,352,816408.000000,139,3600.000000,1,COMPLETED_SUCCESSFULLY,816408.000000,352.000000,816760.000000,0.000000,352.000000,1.000000,1-2 4-11 15-78 80-144,-1.000000,""
999,w0,100,816622.000000,64,600.000000,1,COMPLETED_SUCCESSFULLY,816760.000000,100.000000,816860.000000,138.000000,238.000000,2.380000,1-2 4-11 15-68,-1.000000,""
1000,w0,220,816847.000000,10,3600.000000,1,COMPLETED_SUCCESSFULLY,816847.000000,220.000000,817067.000000,0.000000,220.000000,1.000000,69-78,-1.000000,""
1002,w0,28,817116.000000,10,3600.000000,1,COMPLETED_SUCCESSFULLY,817116.000000,28.000000,817144.000000,0.000000,28.000000,1.000000,21-30,-1.000000,""
1003,w0,50,817210.000000,1,120.000000,1,COMPLETED_SUCCESSFULLY,817210.000000,50.000000,817260.000000,0.000000,50.000000,1.000000,21,-1.000000,""
1001,w0,173,817088.000000,16,600.000000,1,COMPLETED_SUCCESSFULLY,817088.000000,173.000000,817261.000000,0.000000,173.000000,1.000000,1-2 4-11 15-20,-1.000000,""
1004,w0,32,817491.000000,8,120.000000,1,COMPLETED_SUCCESSFULLY,817491.000000,32.000000,817523.000000,0.000000,32.000000,1.000000,1-2 4-9,-1.000000,""
1005,w0,40,817613.000000,4,120.000000,1,COMPLETED_SUCCESSFULLY,817613.000000,40.000000,817653.000000,0.000000,40.000000,1.000000,1-2 4-5,-1.000000,""
1007,w0,37,817831.000000,4,120.000000,1,COMPLETED_SUCCESSFULLY,817831.000000,37.000000,817868.000000,0.000000,37.000000,1.000000,5-8,-1.000000,""
1008,w0,44,818111.000000,16,300.000000,1,COMPLETED_SUCCESSFULLY,818111.000000,44.000000,818155.000000,0.000000,44.000000,1.000000,5-11 15-23,-1.000000,""
1009,w0,46,818116.000000,16,300.000000,1,COMPLETED_SUCCESSFULLY,818116.000000,46.000000,818162.000000,0.000000,46.000000,1.000000,24-39,-1.000000,""
1010,w0,44,818125.000000,16,300.000000,1,COMPLETED_SUCCESSFULLY,818125.000000,44.000000,818169.000000,0.000000,44.000000,1.000000,40-55,-1.000000,""
1011,w0,44,818129.000000,16,300.000000,1,COMPLETED_SUCCESSFULLY,818129.000000,44.000000,818173.000000,0.000000,44.000000,1.000000,56-71,-1.000000,""
1012,w0,46,818138.000000,16,300.000000,1,COMPLETED_SUCCESSFULLY,818138.000000,46.000000,818184.000000,0.000000,46.000000,1.000000,72-78 80-88,-1.000000,""
1014,w0,47,818165.000000,32,300.000000,1,COMPLETED_SUCCESSFULLY,818165.000000,47.000000,818212.000000,0.000000,47.000000,1.000000,24-39 105-120,-1.000000,""
1015,w0,47,818172.000000,32,300.000000,1,COMPLETED_SUCCESSFULLY,818172.000000,47.000000,818219.000000,0.000000,47.000000,1.000000,40-55 121-136,-1.000000,""
1016,w0,48,818179.000000,32,300.000000,1,COMPLETED_SUCCESSFULLY,818179.000000,48.000000,818227.000000,0.000000,48.000000,1.000000,56-71 137-152,-1.000000,""
1017,w0,48,818186.000000,32,300.000000,1,COMPLETED_SUCCESSFULLY,818186.000000,48.000000,818234.000000,0.000000,48.000000,1.000000,72-78 80-88 153-168,-1.000000,""
1013,w0,101,818157.000000,32,300.000000,1,COMPLETED_SUCCESSFULLY,818157.000000,101.000000,818258.000000,0.000000,101.000000,1.000000,5-11 15-23 89-104,-1.000000,""
1018,w0,35,818583.000000,32,120.000000,1,COMPLETED_SUCCESSFULLY,818583.000000,35.000000,818618.000000,0.000000,35.000000,1.000000,5-11 15-39,-1.000000,""
1019,w0,48,818607.000000,32,300.000000,1,COMPLETED_SUCCESSFULLY,818607.000000,48.000000,818655.000000,0.000000,48.000000,1.000000,40-71,-1.000000,""
1021,w0,44,818619.000000,32,300.000000,1,COMPLETED_SUCCESSFULLY,818619.000000,44.000000,818663.000000,0.000000,44.000000,1.000000,5-11 15-39,-1.000000,""
1022,w0,49,818632.000000,32,300.000000,1,COMPLETED_SUCCESSFULLY,818632.000000,49.000000,818681.000000,0.000000,49.000000,1.000000,105-136,-1.000000,""
1023,w0,44,818643.000000,16,300.000000,1,COMPLETED_SUCCESSFULLY,818643.000000,44.000000,818687.000000,0.000000,44.000000,1.000000,137-152,-1.000000,""
1024,w0,45,818649.000000,16,300.000000,1,COMPLETED_SUCCESSFULLY,818649.000000,45.000000,818694.000000,0.000000,45.000000,1.000000,153-168,-1.000000,""
1025,w0,48,818653.000000,16,300.000000,1,COMPLETED_SUCCESSFULLY,818655.000000,48.000000,818703.000000,2.000000,50.000000,1.041667,40-55,-1.000000,""
1026,w0,51,818657.000000,16,300.000000,1,COMPLETED_SUCCESSFULLY,818657.000000,51.000000,818708.000000,0.000000,51.000000,1.000000,56-71,-1.000000,""
1027,w0,45,818663.000000,16,300.000000,1,COMPLETED_SUCCESSFULLY,818663.000000,45.000000,818708.000000,0.000000,45.000000,1.000000,5-11 15-23,-1.000000,""
1020,w0,100,818612.000000,32,300.000000,1,COMPLETED_SUCCESSFULLY,818612.000000,100.000000,818712.000000,0.000000,100.000000,1.000000,72-78 80-104,-1.000000,""
1028,w0,33,818819.000000,8,120.000000,1,COMPLETED_SUCCESSFULLY,818819.000000,33.000000,818852.000000,0.000000,33.000000,1.000000,5-11 15,-1.000000,""
1029,w0,185,819045.000000,8,600.000000,1,COMPLETED_SUCCESSFULLY,819045.000000,185.000000,819230.000000,0.000000,185.000000,1.000000,5-11 15,-1.000000,""
893,w0,27913,797399.000000,1,64800.000000,1,COMPLETED_SUCCESSFULLY,797399.000000,27913.000000,825312.000000,0.000000,27913.000000,1.000000,3,-1.000000,""
977,w0,14450,814554.000000,1,64800.000000,1,COMPLETED_SUCCESSFULLY,814554.000000,14450.000000,829004.000000,0.000000,14450.000000,1.000000,79,-1.000000,""
894,w0,38807,797661.000000,2,64800.000000,1,COMPLETED_SUCCESSFULLY,797661.000000,38807.000000,836468.000000,0.000000,38807.000000,1.000000,12-13,-1.000000,""
1031,w0,12546,825332.000000,64,43200.000000,1,COMPLETED_SUCCESSFULLY,825332.000000,12546.000000,837878.000000,0.000000,12546.000000,1.000000,3 16-78,-1.000000,""
1030,w0,25606,819393.000000,8,43800.000000,1,COMPLETED_SUCCESSFULLY,819393.000000,25606.000000,844999.000000,0.000000,25606.000000,1.000000,5-11 15,-1.000000,""
1032,w0,38,845883.000000,8,600.000000,1,COMPLETED_SUCCESSFULLY,845883.000000,38.000000,845921.000000,0.000000,38.000000,1.000000,3 5-11,-1.000000,""
1033,w0,37,845890.000000,8,600.000000,1,COMPLETED_SUCCESSFULLY,845890.000000,37.000000,845927.000000,0.000000,37.000000,1.000000,12-13 15-20,-1.000000,""
1034,w0,37,845893.000000,8,600.000000,1,COMPLETED_SUCCESSFULLY,845893.000000,37.000000,845930.000000,0.000000,37.000000,1.000000,21-28,-1.000000,""
1035,w0,37,845898.000000,8,600.000000,1,COMPLETED_SUCCESSFULLY,845898.000000,37.000000,845935.000000,0.000000,37.000000,1.000000,29-36,-1.000000,""
1036,w0,37,845902.000000,8,600.000000,1,COMPLETED_SUCCESSFULLY,845902.000000,37.000000,845939.000000,0.000000,37.000000,1.000000,37-44,-1.000000,""
1037,w0,39,845906.000000,8,600.000000,1,COMPLETED_SUCCESSFULLY,845906.000000,39.000000,845945.000000,0.000000,39.000000,1.000000,45-52,-1.000000,""
1038,w0,38,845910.000000,8,600.000000,1,COMPLETED_SUCCESSFULLY,845910.000000,38.000000,845948.000000,0.000000,38.000000,1.000000,53-60,-1.000000,""
1039,w0,37,845924.000000,8,600.000000,1,COMPLETED_SUCCESSFULLY,845924.000000,37.000000,845961.000000,0.000000,37.000000,1.000000,3 5-11,-1.000000,""
1040,w0,44,847172.000000,16,600.000000,1,COMPLETED_SUCCESSFULLY,847172.000000,44.000000,847216.000000,0.000000,44.000000,1.000000,3 5-13 15-20,-1.000000,""
1041,w0,46,847177.000000,16,600.000000,1,COMPLETED_SUCCESSFULLY,847177.000000,46.000000,847223.000000,0.000000,46.000000,1.000000,21-36,-1.000000,""
1042,w0,46,847184.000000,16,600.000000,1,COMPLETED_SUCCESSFULLY,847184.000000,46.000000,847230.000000,0.000000,46.000000,1.000000,37-52,-1.000000,""
1043,w0,44,847189.000000,16,600.000000,1,COMPLETED_SUCCESSFULLY,847189.000000,44.000000,847233.000000,0.000000,44.000000,1.000000,53-68,-1.000000,""
1044,w0,47,847196.000000,16,600.000000,1,COMPLETED_SUCCESSFULLY,847196.000000,47.000000,847243.000000,0.000000,47.000000,1.000000,69-84,-1.000000,""
1045,w0,95,847202.000000,16,600.000000,1,COMPLETED_SUCCESSFULLY,847202.000000,95.000000,847297.000000,0.000000,95.000000,1.000000,85-100,-1.000000,""
1050,w0,29,853285.000000,1,1800.000000,1,COMPLETED_SUCCESSFULLY,853285.000000,29.000000,853314.000000,0.000000,29.000000,1.000000,31,-1.000000,""
1052,w0,38,853392.000000,1,1800.000000,1,COMPLETED_SUCCESSFULLY,853392.000000,38.000000,853430.000000,0.000000,38.000000,1.000000,32,-1.000000,""
1053,w0,29,853863.000000,1,1800.000000,1,COMPLETED_SUCCESSFULLY,853863.000000,29.000000,853892.000000,0.000000,29.000000,1.000000,32,-1.000000,""
1060,w0,61,853933.000000,4,1800.000000,1,COMPLETED_SUCCESSFULLY,853933.000000,61.000000,853994.000000,0.000000,61.000000,1.000000,32 161-163,-1.000000,""
1055,w0,194,853873.000000,64,600.000000,1,COMPLETED_SUCCESSFULLY,853873.000000,194.000000,854067.000000,0.000000,194.000000,1.000000,97-160,-1.000000,""
1054,w0,295,853869.000000,64,600.000000,1,COMPLETED_SUCCESSFULLY,853869.000000,295.000000,854164.000000,0.000000,295.000000,1.000000,33-96,-1.000000,""
1056,w0,187,853879.000000,64,600.000000,1,COMPLETED_SUCCESSFULLY,854067.000000,187.000000,854254.000000,188.000000,375.000000,2.005348,32 97-159,-1.000000,""
1057,w0,181,853883.000000,64,600.000000,1,COMPLETED_SUCCESSFULLY,854164.000000,181.000000,854345.000000,281.000000,462.000000,2.552486,33-96,-1.000000,""
1058,w0,189,853889.000000,64,600.000000,1,COMPLETED_SUCCESSFULLY,854254.000000,189.000000,854443.000000,365.000000,554.000000,2.931217,32 97-159,-1.000000,""
1059,w0,174,853893.000000,64,600.000000,1,COMPLETED_SUCCESSFULLY,854345.000000,174.000000,854519.000000,452.000000,626.000000,3.597701,33-96,-1.000000,""
1061,w0,65,854706.000000,4,1800.000000,1,COMPLETED_SUCCESSFULLY,854706.000000,65.000000,854771.000000,0.000000,65.000000,1.000000,32-35,-1.000000,""
1062,w0,98,855174.000000,4,1800.000000,1,COMPLETED_SUCCESSFULLY,855174.000000,98.000000,855272.000000,0.000000,98.000000,1.000000,32-35,-1.000000,""
1051,w0,4326,853370.000000,1,21600.000000,1,COMPLETED_SUCCESSFULLY,853370.000000,4326.000000,857696.000000,0.000000,4326.000000,1.000000,31,-1.000000,""
1065,w0,508,857919.000000,3,43200.000000,1,COMPLETED_SUCCESSFULLY,857919.000000,508.000000,858427.000000,0.000000,508.000000,1.000000,31 35-36,-1.000000,""
1066,w0,536,858179.000000,6,43200.000000,1,COMPLETED_SUCCESSFULLY,858179.000000,536.000000,858715.000000,0.000000,536.000000,1.000000,37-42,-1.000000,""
1067,w0,87,858817.000000,64,7200.000000,1,COMPLETED_SUCCESSFULLY,858817.000000,87.000000,858904.000000,0.000000,87.000000,1.000000,31 35-97,-1.000000,""
972,w0,46554,813241.000000,2,46800.000000,1,COMPLETED_SUCCESSFULLY,813241.000000,46554.000000,859795.000000,0.000000,46554.000000,1.000000,0 14,-1.000000,""
1068,w0,1197,859130.000000,8,3540.000000,1,COMPLETED_SUCCESSFULLY,859130.000000,1197.000000,860327.000000,0.000000,1197.000000,1.000000,31 35-41,-1.000000,""
1070,w0,47,860416.000000,4,1800.000000,1,COMPLETED_SUCCESSFULLY,860416.000000,47.000000,860463.000000,0.000000,47.000000,1.000000,0 14 31 35,-1.000000,""
1073,w0,551,862033.000000,100,3300.000000,1,COMPLETED_SUCCESSFULLY,862033.000000,551.000000,862584.000000,0.000000,551.000000,1.000000,49-148,-1.000000,""
1069,w0,3297,859292.000000,1,21600.000000,1,COMPLETED_SUCCESSFULLY,859292.000000,3297.000000,862589.000000,0.000000,3297.000000,1.000000,42,-1.000000,""
1075,w0,1237,862653.000000,8,3540.000000,1,COMPLETED_SUCCESSFULLY,862653.000000,1237.000000,863890.000000,0.000000,1237.000000,1.000000,42 49-55,-1.000000,""
1049,w0,12959,851145.000000,2,18000.000000,1,COMPLETED_SUCCESSFULLY,851145.000000,12959.000000,864104.000000,0.000000,12959.000000,1.000000,29-30,-1.000000,""
1078,w0,170,864136.000000,16,600.000000,1,COMPLETED_SUCCESSFULLY,864136.000000,170.000000,864306.000000,0.000000,170.000000,1.000000,29-30 42 49-55 121-126,-1.000000,""
1079,w0,128,864386.000000,8,3540.000000,1,COMPLETED_SUCCESSFULLY,864386.000000,128.000000,864514.000000,0.000000,128.000000,1.000000,29-30 42 49-53,-1.000000,""
1082,w0,37,864655.000000,3,43200.000000,1,COMPLETED_SUCCESSFULLY,864655.000000,37.000000,864692.000000,0.000000,37.000000,1.000000,54-55 121,-1.000000,""
1080,w0,125,864613.000000,8,3540.000000,1,COMPLETED_SUCCESSFULLY,864613.000000,125.000000,864738.000000,0.000000,125.000000,1.000000,29-30 42 49-53,-1.000000,""
1083,w0,106,864822.000000,8,540.000000,1,COMPLETED_SUCCESSFULLY,864822.000000,106.000000,864928.000000,0.000000,106.000000,1.000000,29-30 42 49-53,-1.000000,""
1077,w0,3149,863843.000000,64,7200.000000,1,COMPLETED_SUCCESSFULLY,863843.000000,3149.000000,866992.000000,0.000000,3149.000000,1.000000,57-120,-1.000000,""
1081,w0,79,864645.000000,64,600.000000,1,COMPLETED_SUCCESSFULLY,866992.000000,79.000000,867071.000000,2347.000000,2426.000000,30.708861,29-30 42 49-53 57-112,-1.000000,""
1076,w0,6019,862929.000000,1,21600.000000,1,COMPLETED_SUCCESSFULLY,862929.000000,6019.000000,868948.000000,0.000000,6019.000000,1.000000,56,-1.000000,""
1006,w0,51591,817776.000000,3,64800.000000,1,COMPLETED_SUCCESSFULLY,817776.000000,51591.000000,869367.000000,0.000000,51591.000000,1.000000,1-2 4,-1.000000,""
1086,w0,32,874273.000000,8,7140.000000,1,COMPLETED_SUCCESSFULLY,874273.000000,32.000000,874305.000000,0.000000,32.000000,1.000000,1-2 4 49-53,-1.000000,""
1087,w0,31,874274.000000,8,7140.000000,1,COMPLETED_SUCCESSFULLY,874274.000000,31.000000,874305.000000,0.000000,31.000000,1.000000,56-63,-1.000000,""
1088,w0,31,874275.000000,8,7140.000000,1,COMPLETED_SUCCESSFULLY,874275.000000,31.000000,874306.000000,0.000000,31.000000,1.000000,64-71,-1.000000,""
1089,w0,31,874275.000000,8,7140.000000,1,COMPLETED_SUCCESSFULLY,874275.000000,31.000000,874306.000000,0.000000,31.000000,1.000000,72-79,-1.000000,""
1091,w0,30,874277.000000,8,7140.000000,1,COMPLETED_SUCCESSFULLY,874277.000000,30.000000,874307.000000,0.000000,30.000000,1.000000,88-95,-1.000000,""
1090,w0,32,874276.000000,8,7140.000000,1,COMPLETED_SUCCESSFULLY,874276.000000,32.000000,874308.000000,0.000000,32.000000,1.000000,80-87,-1.000000,""
1092,w0,31,874278.000000,8,7140.000000,1,COMPLETED_SUCCESSFULLY,874278.000000,31.000000,874309.000000,0.000000,31.000000,1.000000,96-103,-1.000000,""
1093,w0,30,874279.000000,8,7140.000000,1,COMPLETED_SUCCESSFULLY,874279.000000,30.000000,874309.000000,0.000000,30.000000,1.000000,104-111,-1.000000,""
1094,w0,31,874520.000000,8,7140.000000,1,COMPLETED_SUCCESSFULLY,874520.000000,31.000000,874551.000000,0.000000,31.000000,1.000000,1-2 4 49-53,-1.000000,""
1095,w0,20,874663.000000,1,540.000000,1,COMPLETED_SUCCESSFULLY,874663.000000,20.000000,874683.000000,0.000000,20.000000,1.000000,1,-1.000000,""
1096,w0,20,874772.000000,1,540.000000,1,COMPLETED_SUCCESSFULLY,874772.000000,20.000000,874792.000000,0.000000,20.000000,1.000000,1,-1.000000,""
1097,w0,143,875131.000000,4,14400.000000,1,COMPLETED_SUCCESSFULLY,875131.000000,143.000000,875274.000000,0.000000,143.000000,1.000000,1-2 4 49,-1.000000,""
1104,w0,37,875941.000000,8,600.000000,1,COMPLETED_SUCCESSFULLY,875941.000000,37.000000,875978.000000,0.000000,37.000000,1.000000,60-67,-1.000000,""
1105,w0,37,875947.000000,8,600.000000,1,COMPLETED_SUCCESSFULLY,875947.000000,37.000000,875984.000000,0.000000,37.000000,1.000000,68-75,-1.000000,""
1106,w0,38,875958.000000,8,600.000000,1,COMPLETED_SUCCESSFULLY,875958.000000,38.000000,875996.000000,0.000000,38.000000,1.000000,76-83,-1.000000,""
1107,w0,61,876226.000000,1,600.000000,1,COMPLETED_SUCCESSFULLY,876226.000000,61.000000,876287.000000,0.000000,61.000000,1.000000,60,-1.000000,""
1108,w0,61,876232.000000,1,600.000000,1,COMPLETED_SUCCESSFULLY,876232.000000,61.000000,876293.000000,0.000000,61.000000,1.000000,61,-1.000000,""
1109,w0,60,876238.000000,1,600.000000,1,COMPLETED_SUCCESSFULLY,876238.000000,60.000000,876298.000000,0.000000,60.000000,1.000000,62,-1.000000,""
1110,w0,60,876243.000000,1,600.000000,1,COMPLETED_SUCCESSFULLY,876243.000000,60.000000,876303.000000,0.000000,60.000000,1.000000,63,-1.000000,""
1111,w0,60,876248.000000,1,600.000000,1,COMPLETED_SUCCESSFULLY,876248.000000,60.000000,876308.000000,0.000000,60.000000,1.000000,64,-1.000000,""
1112,w0,61,876253.000000,1,600.000000,1,COMPLETED_SUCCESSFULLY,876253.000000,61.000000,876314.000000,0.000000,61.000000,1.000000,65,-1.000000,""
1113,w0,526,876757.000000,4,600.000000,1,COMPLETED_SUCCESSFULLY,876757.000000,526.000000,877283.000000,0.000000,526.000000,1.000000,60-63,-1.000000,""
1114,w0,33,877334.000000,1,600.000000,1,COMPLETED_SUCCESSFULLY,877334.000000,33.000000,877367.000000,0.000000,33.000000,1.000000,60,-1.000000,""
1115,w0,73,879392.000000,4,600.000000,1,COMPLETED_SUCCESSFULLY,879392.000000,73.000000,879465.000000,0.000000,73.000000,1.000000,60-63,-1.000000,""
1116,w0,143,880294.000000,4,600.000000,1,COMPLETED_SUCCESSFULLY,880294.000000,143.000000,880437.000000,0.000000,143.000000,1.000000,60-63,-1.000000,""
1117,w0,43,880626.000000,4,600.000000,1,COMPLETED_SUCCESSFULLY,880626.000000,43.000000,880669.000000,0.000000,43.000000,1.000000,60-63,-1.000000,""
1118,w0,91,880973.000000,8,600.000000,1,COMPLETED_SUCCESSFULLY,880973.000000,91.000000,881064.000000,0.000000,91.000000,1.000000,60-67,-1.000000,""
1119,w0,83,881096.000000,4,600.000000,1,COMPLETED_SUCCESSFULLY,881096.000000,83.000000,881179.000000,0.000000,83.000000,1.000000,60-63,-1.000000,""
1121,w0,1182,881242.000000,4,1800.000000,1,COMPLETED_SUCCESSFULLY,881242.000000,1182.000000,882424.000000,0.000000,1182.000000,1.000000,60-63,-1.000000,""
1046,w0,34960,850310.000000,8,43800.000000,1,COMPLETED_SUCCESSFULLY,850310.000000,34960.000000,885270.000000,0.000000,34960.000000,1.000000,3 5-11,-1.000000,""
1122,w0,37,885298.000000,8,600.000000,1,COMPLETED_SUCCESSFULLY,885298.000000,37.000000,885335.000000,0.000000,37.000000,1.000000,3 5-11,-1.000000,""
1123,w0,79,887715.000000,64,600.000000,1,COMPLETED_SUCCESSFULLY,887715.000000,79.000000,887794.000000,0.000000,79.000000,1.000000,3 5-11 60-63 67-118,-1.000000,""
1074,w0,25995,862131.000000,8,32400.000000,1,COMPLETED_SUCCESSFULLY,862131.000000,25995.000000,888126.000000,0.000000,25995.000000,1.000000,149-156,-1.000000,""
1072,w0,26734,861625.000000,8,32400.000000,1,COMPLETED_SUCCESSFULLY,861625.000000,26734.000000,888359.000000,0.000000,26734.000000,1.000000,40-41 43-48,-1.000000,""
1047,w0,38109,850578.000000,8,47400.000000,1,COMPLETED_SUCCESSFULLY,850578.000000,38109.000000,888687.000000,0.000000,38109.000000,1.000000,12-13 15-20,-1.000000,""
1084,w0,25419,864894.000000,8,32400.000000,1,COMPLETED_SUCCESSFULLY,864894.000000,25419.000000,890313.000000,0.000000,25419.000000,1.000000,54-55 121-126,-1.000000,""
1125,w0,19,890585.000000,1,1800.000000,1,COMPLETED_SUCCESSFULLY,890585.000000,19.000000,890604.000000,0.000000,19.000000,1.000000,12,-1.000000,""
1124,w0,312,890541.000000,8,14400.000000,1,COMPLETED_SUCCESSFULLY,890541.000000,312.000000,890853.000000,0.000000,312.000000,1.000000,3 5-11,-1.000000,""
1071,w0,29480,861560.000000,8,32400.000000,1,COMPLETED_SUCCESSFULLY,861560.000000,29480.000000,891040.000000,0.000000,29480.000000,1.000000,0 14 31 35-39,-1.000000,""
1126,w0,37,891005.000000,8,600.000000,1,COMPLETED_SUCCESSFULLY,891005.000000,37.000000,891042.000000,0.000000,37.000000,1.000000,3 5-11,-1.000000,""
1127,w0,37,891195.000000,8,600.000000,1,COMPLETED_SUCCESSFULLY,891195.000000,37.000000,891232.000000,0.000000,37.000000,1.000000,0 3 5-10,-1.000000,""
1128,w0,37,891297.000000,8,600.000000,1,COMPLETED_SUCCESSFULLY,891297.000000,37.000000,891334.000000,0.000000,37.000000,1.000000,0 3 5-10,-1.000000,""
1129,w0,36,891352.000000,8,600.000000,1,COMPLETED_SUCCESSFULLY,891352.000000,36.000000,891388.000000,0.000000,36.000000,1.000000,0 3 5-10,-1.000000,""
1048,w0,40749,850674.000000,8,51000.000000,1,COMPLETED_SUCCESSFULLY,850674.000000,40749.000000,891423.000000,0.000000,40749.000000,1.000000,21-28,-1.000000,""
1130,w0,37,891472.000000,8,600.000000,1,COMPLETED_SUCCESSFULLY,891472.000000,37.000000,891509.000000,0.000000,37.000000,1.000000,0 3 5-10,-1.000000,""
1131,w0,37,891571.000000,8,600.000000,1,COMPLETED_SUCCESSFULLY,891571.000000,37.000000,891608.000000,0.000000,37.000000,1.000000,0 3 5-10,-1.000000,""
1132,w0,323,891628.000000,8,14400.000000,1,COMPLETED_SUCCESSFULLY,891628.000000,323.000000,891951.000000,0.000000,323.000000,1.000000,0 3 5-10,-1.000000,""
1133,w0,39,892449.000000,8,600.000000,1,COMPLETED_SUCCESSFULLY,892449.000000,39.000000,892488.000000,0.000000,39.000000,1.000000,0 3 5-10,-1.000000,""
1134,w0,37,892576.000000,8,600.000000,1,COMPLETED_SUCCESSFULLY,892576.000000,37.000000,892613.000000,0.000000,37.000000,1.000000,0 3 5-10,-1.000000,""
1135,w0,36,892687.000000,8,600.000000,1,COMPLETED_SUCCESSFULLY,892687.000000,36.000000,892723.000000,0.000000,36.000000,1.000000,0 3 5-10,-1.000000,""
1136,w0,37,892918.000000,8,600.000000,1,COMPLETED_SUCCESSFULLY,892918.000000,37.000000,892955.000000,0.000000,37.000000,1.000000,0 3 5-10,-1.000000,""
1137,w0,39,893039.000000,8,600.000000,1,COMPLETED_SUCCESSFULLY,893039.000000,39.000000,893078.000000,0.000000,39.000000,1.000000,0 3 5-10,-1.000000,""
1138,w0,38,893103.000000,8,600.000000,1,COMPLETED_SUCCESSFULLY,893103.000000,38.000000,893141.000000,0.000000,38.000000,1.000000,0 3 5-10,-1.000000,""
1139,w0,38,893172.000000,8,600.000000,1,COMPLETED_SUCCESSFULLY,893172.000000,38.000000,893210.000000,0.000000,38.000000,1.000000,0 3 5-10,-1.000000,""
1140,w0,37,893233.000000,8,600.000000,1,COMPLETED_SUCCESSFULLY,893233.000000,37.000000,893270.000000,0.000000,37.000000,1.000000,0 3 5-10,-1.000000,""
1141,w0,29,893402.000000,8,1800.000000,1,COMPLETED_SUCCESSFULLY,893402.000000,29.000000,893431.000000,0.000000,29.000000,1.000000,0 3 5-10,-1.000000,""
1143,w0,38,893763.000000,8,600.000000,1,COMPLETED_SUCCESSFULLY,893763.000000,38.000000,893801.000000,0.000000,38.000000,1.000000,85-92,-1.000000,""
1142,w0,174,893637.000000,64,43200.000000,1,COMPLETED_SUCCESSFULLY,893637.000000,174.000000,893811.000000,0.000000,174.000000,1.000000,0 3 5-28 31 35-41 43-48 54-55 60-63 67-84,-1.000000,""
1146,w0,36,894197.000000,8,600.000000,1,COMPLETED_SUCCESSFULLY,894197.000000,36.000000,894233.000000,0.000000,36.000000,1.000000,149-156,-1.000000,""
1147,w0,36,894282.000000,8,600.000000,1,COMPLETED_SUCCESSFULLY,894282.000000,36.000000,894318.000000,0.000000,36.000000,1.000000,149-156,-1.000000,""
1148,w0,39,894287.000000,8,600.000000,1,COMPLETED_SUCCESSFULLY,894287.000000,39.000000,894326.000000,0.000000,39.000000,1.000000,157-164,-1.000000,""
1149,w0,36,894297.000000,8,600.000000,1,COMPLETED_SUCCESSFULLY,894318.000000,36.000000,894354.000000,21.000000,57.000000,1.583333,149-156,-1.000000,""
1150,w0,13,897924.000000,1,1800.000000,1,COMPLETED_SUCCESSFULLY,897924.000000,13.000000,897937.000000,0.000000,13.000000,1.000000,149,-1.000000,""
1152,w0,30,901465.000000,13,3300.000000,1,COMPLETED_SUCCESSFULLY,901465.000000,30.000000,901495.000000,0.000000,30.000000,1.000000,151-163,-1.000000,""
1064,w0,47239,856661.000000,2,64800.000000,1,COMPLETED_SUCCESSFULLY,856661.000000,47239.000000,903900.000000,0.000000,47239.000000,1.000000,33-34,-1.000000,""
1154,w0,199,903146.000000,8,21600.000000,1,COMPLETED_SUCCESSFULLY,903900.000000,199.000000,904099.000000,754.000000,953.000000,4.788945,33-34 164-169,-1.000000,""
1153,w0,2941,901933.000000,13,3300.000000,1,COMPLETED_SUCCESSFULLY,901933.000000,2941.000000,904874.000000,0.000000,2941.000000,1.000000,151-163,-1.000000,""
1145,w0,13259,894134.000000,64,43200.000000,1,COMPLETED_SUCCESSFULLY,894134.000000,13259.000000,907393.000000,0.000000,13259.000000,1.000000,85-148,-1.000000,""
1144,w0,13893,894132.000000,64,43200.000000,1,COMPLETED_SUCCESSFULLY,894132.000000,13893.000000,908025.000000,0.000000,13893.000000,1.000000,0 3 5-28 31 35-41 43-48 54-55 60-63 67-84,-1.000000,""
1063,w0,52636,856574.000000,1,64800.000000,1,COMPLETED_SUCCESSFULLY,856574.000000,52636.000000,909210.000000,0.000000,52636.000000,1.000000,32,-1.000000,""
1155,w0,5635,907310.000000,128,43200.000000,1,COMPLETED_SUCCESSFULLY,908025.000000,5635.000000,913660.000000,715.000000,6350.000000,1.126886,0 3 5-28 31 33-41 43-48 54-55 60-63 67-146,-1.000000,""
1156,w0,38,914017.000000,64,43200.000000,1,COMPLETED_SUCCESSFULLY,914017.000000,38.000000,914055.000000,0.000000,38.000000,1.000000,0 3 5-28 31-41 43-48 54-55 60-63 67-81,-1.000000,""
1085,w0,47566,868186.000000,3,64800.000000,1,COMPLETED_SUCCESSFULLY,868186.000000,47566.000000,915752.000000,0.000000,47566.000000,1.000000,29-30 42,-1.000000,""
1157,w0,40,916457.000000,128,43200.000000,1,COMPLETED_SUCCESSFULLY,916457.000000,40.000000,916497.000000,0.000000,40.000000,1.000000,0 3 5-48 54-55 60-63 67-142,-1.000000,""
1158,w0,38,916742.000000,128,43200.000000,1,COMPLETED_SUCCESSFULLY,916742.000000,38.000000,916780.000000,0.000000,38.000000,1.000000,0 3 5-48 54-55 60-63 67-142,-1.000000,""
1159,w0,2450,920078.000000,3,43200.000000,1,COMPLETED_SUCCESSFULLY,920078.000000,2450.000000,922528.000000,0.000000,2450.000000,1.000000,0 3 5,-1.000000,""
1101,w0,47187,875405.000000,2,54000.000000,1,COMPLETED_SUCCESSFULLY,875405.000000,47187.000000,922592.000000,0.000000,47187.000000,1.000000,52-53,-1.000000,""
1100,w0,47223,875372.000000,2,54000.000000,1,COMPLETED_SUCCESSFULLY,875372.000000,47223.000000,922595.000000,0.000000,47223.000000,1.000000,50-51,-1.000000,""
1160,w0,2605,920185.000000,6,43200.000000,1,COMPLETED_SUCCESSFULLY,920185.000000,2605.000000,922790.000000,0.000000,2605.000000,1.000000,6-11,-1.000000,""
1099,w0,47836,875356.000000,2,54000.000000,1,COMPLETED_SUCCESSFULLY,875356.000000,47836.000000,923192.000000,0.000000,47836.000000,1.000000,4 49,-1.000000,""
1098,w0,47894,875334.000000,2,54000.000000,1,COMPLETED_SUCCESSFULLY,875334.000000,47894.000000,923228.000000,0.000000,47894.000000,1.000000,1-2,-1.000000,""
1102,w0,48774,875435.000000,2,54000.000000,1,COMPLETED_SUCCESSFULLY,875435.000000,48774.000000,924209.000000,0.000000,48774.000000,1.000000,56-57,-1.000000,""
1103,w0,51916,875451.000000,2,54000.000000,1,COMPLETED_SUCCESSFULLY,875451.000000,51916.000000,927367.000000,0.000000,51916.000000,1.000000,58-59,-1.000000,""
1161,w0,295,928264.000000,8,14400.000000,1,COMPLETED_SUCCESSFULLY,928264.000000,295.000000,928559.000000,0.000000,295.000000,1.000000,0-7,-1.000000,""
1151,w0,30283,899189.000000,2,64800.000000,1,COMPLETED_SUCCESSFULLY,899189.000000,30283.000000,929472.000000,0.000000,30283.000000,1.000000,149-150,-1.000000,""
1162,w0,158,929710.000000,4,1800.000000,1,COMPLETED_SUCCESSFULLY,929710.000000,158.000000,929868.000000,0.000000,158.000000,1.000000,0-3,-1.000000,""
1164,w0,286,935050.000000,64,600.000000,1,COMPLETED_SUCCESSFULLY,935050.000000,286.000000,935336.000000,0.000000,286.000000,1.000000,67-130,-1.000000,""
1163,w0,319,935039.000000,64,600.000000,1,COMPLETED_SUCCESSFULLY,935039.000000,319.000000,935358.000000,0.000000,319.000000,1.000000,0-63,-1.000000,""
1166,w0,198,935063.000000,64,600.000000,1,COMPLETED_SUCCESSFULLY,935358.000000,198.000000,935556.000000,295.000000,493.000000,2.489899,0-63,-1.000000,""
1165,w0,282,935054.000000,64,600.000000,1,COMPLETED_SUCCESSFULLY,935336.000000,282.000000,935618.000000,282.000000,564.000000,2.000000,67-130,-1.000000,""
1167,w0,192,935070.000000,64,600.000000,1,COMPLETED_SUCCESSFULLY,935556.000000,192.000000,935748.000000,486.000000,678.000000,3.531250,0-63,-1.000000,""
1168,w0,306,935075.000000,64,600.000000,1,COMPLETED_SUCCESSFULLY,935618.000000,306.000000,935924.000000,543.000000,849.000000,2.774510,67-130,-1.000000,""
1169,w0,915,935456.000000,32,1200.000000,1,COMPLETED_SUCCESSFULLY,935456.000000,915.000000,936371.000000,0.000000,915.000000,1.000000,131-162,-1.000000,""
1176,w0,218,938163.000000,16,600.000000,1,COMPLETED_SUCCESSFULLY,938163.000000,218.000000,938381.000000,0.000000,218.000000,1.000000,115-130,-1.000000,""
1171,w0,248,938134.000000,16,600.000000,1,COMPLETED_SUCCESSFULLY,938134.000000,248.000000,938382.000000,0.000000,248.000000,1.000000,32-47,-1.000000,""
1172,w0,238,938145.000000,16,600.000000,1,COMPLETED_SUCCESSFULLY,938145.000000,238.000000,938383.000000,0.000000,238.000000,1.000000,48-63,-1.000000,""
1174,w0,230,938155.000000,16,600.000000,1,COMPLETED_SUCCESSFULLY,938155.000000,230.000000,938385.000000,0.000000,230.000000,1.000000,83-98,-1.000000,""
1175,w0,228,938159.000000,16,600.000000,1,COMPLETED_SUCCESSFULLY,938159.000000,228.000000,938387.000000,0.000000,228.000000,1.000000,99-114,-1.000000,""
1173,w0,239,938150.000000,16,600.000000,1,COMPLETED_SUCCESSFULLY,938150.000000,239.000000,938389.000000,0.000000,239.000000,1.000000,67-82,-1.000000,""
1170,w0,403,938004.000000,32,1200.000000,1,COMPLETED_SUCCESSFULLY,938004.000000,403.000000,938407.000000,0.000000,403.000000,1.000000,0-31,-1.000000,""
1120,w0,62397,881099.000000,3,64800.000000,1,COMPLETED_SUCCESSFULLY,881099.000000,62397.000000,943496.000000,0.000000,62397.000000,1.000000,64-66,-1.000000,""
1180,w0,37,947416.000000,8,600.000000,1,COMPLETED_SUCCESSFULLY,947416.000000,37.000000,947453.000000,0.000000,37.000000,1.000000,80-87,-1.000000,""
1183,w0,19,951669.000000,1,600.000000,1,COMPLETED_SUCCESSFULLY,951669.000000,19.000000,951688.000000,0.000000,19.000000,1.000000,98,-1.000000,""
1184,w0,98,951710.000000,8,32400.000000,1,COMPLETED_SUCCESSFULLY,951710.000000,98.000000,951808.000000,0.000000,98.000000,1.000000,98-105,-1.000000,""
1185,w0,107,951765.000000,8,32400.000000,1,COMPLETED_SUCCESSFULLY,951765.000000,107.000000,951872.000000,0.000000,107.000000,1.000000,106-113,-1.000000,""
1182,w0,2191,951082.000000,16,28800.000000,1,COMPLETED_SUCCESSFULLY,951082.000000,2191.000000,953273.000000,0.000000,2191.000000,1.000000,82-97,-1.000000,""
1179,w0,6553,946794.000000,64,43200.000000,1,COMPLETED_SUCCESSFULLY,946794.000000,6553.000000,953347.000000,0.000000,6553.000000,1.000000,16-79,-1.000000,""
1190,w0,61,954189.000000,12,1200.000000,1,COMPLETED_SUCCESSFULLY,954189.000000,61.000000,954250.000000,0.000000,61.000000,1.000000,16-27,-1.000000,""
1192,w0,18,954491.000000,1,600.000000,1,COMPLETED_SUCCESSFULLY,954491.000000,18.000000,954509.000000,0.000000,18.000000,1.000000,82,-1.000000,""
1191,w0,244,954345.000000,64,600.000000,1,COMPLETED_SUCCESSFULLY,954345.000000,244.000000,954589.000000,0.000000,244.000000,1.000000,16-79,-1.000000,""
1193,w0,214,954713.000000,12,1200.000000,1,COMPLETED_SUCCESSFULLY,954713.000000,214.000000,954927.000000,0.000000,214.000000,1.000000,16-27,-1.000000,""
1195,w0,17,955159.000000,1,600.000000,1,COMPLETED_SUCCESSFULLY,955159.000000,17.000000,955176.000000,0.000000,17.000000,1.000000,82,-1.000000,""
1196,w0,17,955191.000000,1,600.000000,1,COMPLETED_SUCCESSFULLY,955191.000000,17.000000,955208.000000,0.000000,17.000000,1.000000,82,-1.000000,""
1194,w0,274,955025.000000,64,600.000000,1,COMPLETED_SUCCESSFULLY,955025.000000,274.000000,955299.000000,0.000000,274.000000,1.000000,16-79,-1.000000,""
1197,w0,235,956522.000000,64,600.000000,1,COMPLETED_SUCCESSFULLY,956522.000000,235.000000,956757.000000,0.000000,235.000000,1.000000,16-79,-1.000000,""
1206,w0,27,956740.000000,4,3600.000000,1,COMPLETED_SUCCESSFULLY,956757.000000,27.000000,956784.000000,17.000000,44.000000,1.629630,24-27,-1.000000,""
1208,w0,61,957513.000000,1,600.000000,1,COMPLETED_SUCCESSFULLY,957513.000000,61.000000,957574.000000,0.000000,61.000000,1.000000,24,-1.000000,""
1210,w0,38,957635.000000,8,600.000000,1,COMPLETED_SUCCESSFULLY,957635.000000,38.000000,957673.000000,0.000000,38.000000,1.000000,25-32,-1.000000,""
1209,w0,74,957624.000000,1,1800.000000,1,COMPLETED_SUCCESSFULLY,957624.000000,74.000000,957698.000000,0.000000,74.000000,1.000000,24,-1.000000,""
1200,w0,1171,956536.000000,8,14340.000000,1,COMPLETED_SUCCESSFULLY,956536.000000,1171.000000,957707.000000,0.000000,1171.000000,1.000000,130-137,-1.000000,""
1204,w0,1219,956540.000000,8,14340.000000,1,COMPLETED_SUCCESSFULLY,956540.000000,1219.000000,957759.000000,0.000000,1219.000000,1.000000,162-169,-1.000000,""
1211,w0,32,957935.000000,2,1800.000000,1,COMPLETED_SUCCESSFULLY,957935.000000,32.000000,957967.000000,0.000000,32.000000,1.000000,162-163,-1.000000,""
1207,w0,441,957059.000000,64,600.000000,1,COMPLETED_SUCCESSFULLY,957707.000000,441.000000,958148.000000,648.000000,1089.000000,2.469388,24-79 130-137,-1.000000,""
1205,w0,1419,956541.000000,8,14340.000000,1,COMPLETED_SUCCESSFULLY,956757.000000,1419.000000,958176.000000,216.000000,1635.000000,1.152220,16-23,-1.000000,""
1212,w0,70,958148.000000,1,1800.000000,1,COMPLETED_SUCCESSFULLY,958148.000000,70.000000,958218.000000,0.000000,70.000000,1.000000,24,-1.000000,""
1201,w0,1903,956537.000000,8,14340.000000,1,COMPLETED_SUCCESSFULLY,956537.000000,1903.000000,958440.000000,0.000000,1903.000000,1.000000,138-145,-1.000000,""
1213,w0,33,958488.000000,2,1800.000000,1,COMPLETED_SUCCESSFULLY,958488.000000,33.000000,958521.000000,0.000000,33.000000,1.000000,16-17,-1.000000,""
1199,w0,2383,956535.000000,8,14340.000000,1,COMPLETED_SUCCESSFULLY,956535.000000,2383.000000,958918.000000,0.000000,2383.000000,1.000000,90-97,-1.000000,""
1198,w0,2450,956534.000000,8,14340.000000,1,COMPLETED_SUCCESSFULLY,956534.000000,2450.000000,958984.000000,0.000000,2450.000000,1.000000,82-89,-1.000000,""
1203,w0,2800,956539.000000,8,14340.000000,1,COMPLETED_SUCCESSFULLY,956539.000000,2800.000000,959339.000000,0.000000,2800.000000,1.000000,154-161,-1.000000,""
1214,w0,24,960091.000000,1,5400.000000,1,COMPLETED_SUCCESSFULLY,960091.000000,24.000000,960115.000000,0.000000,24.000000,1.000000,16,-1.000000,""
1217,w0,17,960645.000000,1,14400.000000,1,COMPLETED_SUCCESSFULLY,960645.000000,17.000000,960662.000000,0.000000,17.000000,1.000000,83,-1.000000,""
1218,w0,26,960943.000000,1,14400.000000,1,COMPLETED_SUCCESSFULLY,960943.000000,26.000000,960969.000000,0.000000,26.000000,1.000000,83,-1.000000,""
1215,w0,714,960340.000000,1,5400.000000,1,COMPLETED_SUCCESSFULLY,960340.000000,714.000000,961054.000000,0.000000,714.000000,1.000000,16,-1.000000,""
1219,w0,43,961388.000000,1,14400.000000,1,COMPLETED_SUCCESSFULLY,961388.000000,43.000000,961431.000000,0.000000,43.000000,1.000000,16,-1.000000,""
1220,w0,27,961554.000000,1,14400.000000,1,COMPLETED_SUCCESSFULLY,961554.000000,27.000000,961581.000000,0.000000,27.000000,1.000000,16,-1.000000,""
1202,w0,5137,956538.000000,8,14340.000000,1,COMPLETED_SUCCESSFULLY,956538.000000,5137.000000,961675.000000,0.000000,5137.000000,1.000000,146-153,-1.000000,""
1221,w0,27,961821.000000,1,14400.000000,1,COMPLETED_SUCCESSFULLY,961821.000000,27.000000,961848.000000,0.000000,27.000000,1.000000,16,-1.000000,""
1222,w0,33,961936.000000,1,14400.000000,1,COMPLETED_SUCCESSFULLY,961936.000000,33.000000,961969.000000,0.000000,33.000000,1.000000,16,-1.000000,""
1223,w0,35,962105.000000,1,14400.000000,1,COMPLETED_SUCCESSFULLY,962105.000000,35.000000,962140.000000,0.000000,35.000000,1.000000,16,-1.000000,""
1225,w0,42,962361.000000,1,14400.000000,1,COMPLETED_SUCCESSFULLY,962361.000000,42.000000,962403.000000,0.000000,42.000000,1.000000,84,-1.000000,""
1227,w0,61,962653.000000,1,600.000000,1,COMPLETED_SUCCESSFULLY,962653.000000,61.000000,962714.000000,0.000000,61.000000,1.000000,84,-1.000000,""
1229,w0,28,962713.000000,1,14400.000000,1,COMPLETED_SUCCESSFULLY,962713.000000,28.000000,962741.000000,0.000000,28.000000,1.000000,86,-1.000000,""
1228,w0,61,962697.000000,1,600.000000,1,COMPLETED_SUCCESSFULLY,962697.000000,61.000000,962758.000000,0.000000,61.000000,1.000000,85,-1.000000,""
1230,w0,61,962835.000000,1,600.000000,1,COMPLETED_SUCCESSFULLY,962835.000000,61.000000,962896.000000,0.000000,61.000000,1.000000,84,-1.000000,""
1231,w0,61,962842.000000,1,600.000000,1,COMPLETED_SUCCESSFULLY,962842.000000,61.000000,962903.000000,0.000000,61.000000,1.000000,85,-1.000000,""
1234,w0,61,963109.000000,1,600.000000,1,COMPLETED_SUCCESSFULLY,963109.000000,61.000000,963170.000000,0.000000,61.000000,1.000000,132,-1.000000,""
1236,w0,61,963120.000000,1,600.000000,1,COMPLETED_SUCCESSFULLY,963120.000000,61.000000,963181.000000,0.000000,61.000000,1.000000,134,-1.000000,""
1235,w0,108,963114.000000,1,600.000000,1,COMPLETED_SUCCESSFULLY,963114.000000,108.000000,963222.000000,0.000000,108.000000,1.000000,133,-1.000000,""
1237,w0,21,963232.000000,1,14400.000000,1,COMPLETED_SUCCESSFULLY,963232.000000,21.000000,963253.000000,0.000000,21.000000,1.000000,132,-1.000000,""
1238,w0,20,963302.000000,1,14400.000000,1,COMPLETED_SUCCESSFULLY,963302.000000,20.000000,963322.000000,0.000000,20.000000,1.000000,132,-1.000000,""
1239,w0,17,963402.000000,1,14400.000000,1,COMPLETED_SUCCESSFULLY,963402.000000,17.000000,963419.000000,0.000000,17.000000,1.000000,132,-1.000000,""
1248,w0,17,963465.000000,1,14400.000000,1,COMPLETED_SUCCESSFULLY,963465.000000,17.000000,963482.000000,0.000000,17.000000,1.000000,164,-1.000000,""
1249,w0,17,963560.000000,1,14400.000000,1,COMPLETED_SUCCESSFULLY,963560.000000,17.000000,963577.000000,0.000000,17.000000,1.000000,164,-1.000000,""
1224,w0,1666,962344.000000,2,43200.000000,1,COMPLETED_SUCCESSFULLY,962344.000000,1666.000000,964010.000000,0.000000,1666.000000,1.000000,16 83,-1.000000,""
1242,w0,846,963456.000000,8,7140.000000,1,COMPLETED_SUCCESSFULLY,963456.000000,846.000000,964302.000000,0.000000,846.000000,1.000000,148-155,-1.000000,""
1233,w0,1502,963095.000000,8,14340.000000,1,COMPLETED_SUCCESSFULLY,963095.000000,1502.000000,964597.000000,0.000000,1502.000000,1.000000,92-97 130-131,-1.000000,""
1243,w0,1360,963457.000000,8,7140.000000,1,COMPLETED_SUCCESSFULLY,963457.000000,1360.000000,964817.000000,0.000000,1360.000000,1.000000,156-163,-1.000000,""
1250,w0,108,964815.000000,1,600.000000,1,COMPLETED_SUCCESSFULLY,964815.000000,108.000000,964923.000000,0.000000,108.000000,1.000000,170,-1.000000,""
1251,w0,17,964961.000000,1,14400.000000,1,COMPLETED_SUCCESSFULLY,964961.000000,17.000000,964978.000000,0.000000,17.000000,1.000000,170,-1.000000,""
1241,w0,1616,963455.000000,8,7140.000000,1,COMPLETED_SUCCESSFULLY,963455.000000,1616.000000,965071.000000,0.000000,1616.000000,1.000000,140-147,-1.000000,""
1240,w0,1700,963454.000000,8,7140.000000,1,COMPLETED_SUCCESSFULLY,963454.000000,1700.000000,965154.000000,0.000000,1700.000000,1.000000,132-139,-1.000000,""
1246,w0,698,963459.000000,8,7140.000000,1,COMPLETED_SUCCESSFULLY,964597.000000,698.000000,965295.000000,1138.000000,1836.000000,2.630372,92-97 130-131,-1.000000,""
1253,w0,16,965499.000000,1,14400.000000,1,COMPLETED_SUCCESSFULLY,965499.000000,16.000000,965515.000000,0.000000,16.000000,1.000000,92,-1.000000,""
1232,w0,2762,963093.000000,8,14340.000000,1,COMPLETED_SUCCESSFULLY,963093.000000,2762.000000,965855.000000,0.000000,2762.000000,1.000000,84-91,-1.000000,""
1247,w0,1120,963460.000000,8,7140.000000,1,COMPLETED_SUCCESSFULLY,964817.000000,1120.000000,965937.000000,1357.000000,2477.000000,2.211607,156-163,-1.000000,""
1245,w0,2018,963458.000000,8,7140.000000,1,COMPLETED_SUCCESSFULLY,964302.000000,2018.000000,966320.000000,844.000000,2862.000000,1.418236,148-155,-1.000000,""
1252,w0,2431,965163.000000,1,14400.000000,1,COMPLETED_SUCCESSFULLY,965163.000000,2431.000000,967594.000000,0.000000,2431.000000,1.000000,132,-1.000000,""
1244,w0,3761,963457.000000,8,7140.000000,1,COMPLETED_SUCCESSFULLY,964010.000000,3761.000000,967771.000000,553.000000,4314.000000,1.147035,16 83 164-169,-1.000000,""
1254,w0,2457,966134.000000,2,43200.000000,1,COMPLETED_SUCCESSFULLY,966134.000000,2457.000000,968591.000000,0.000000,2457.000000,1.000000,84-85,-1.000000,""
1256,w0,11,970136.000000,1,14400.000000,1,COMPLETED_SUCCESSFULLY,970136.000000,11.000000,970147.000000,0.000000,11.000000,1.000000,16,-1.000000,""
1255,w0,3812,966774.000000,8,43200.000000,1,COMPLETED_SUCCESSFULLY,966774.000000,3812.000000,970586.000000,0.000000,3812.000000,1.000000,86-93,-1.000000,""
1257,w0,11,971300.000000,1,14400.000000,1,COMPLETED_SUCCESSFULLY,971300.000000,11.000000,971311.000000,0.000000,11.000000,1.000000,16,-1.000000,""
1216,w0,11356,960388.000000,64,43200.000000,1,COMPLETED_SUCCESSFULLY,960388.000000,11356.000000,971744.000000,0.000000,11356.000000,1.000000,17-79 82,-1.000000,""
1226,w0,35,962458.000000,64,3600.000000,1,COMPLETED_SUCCESSFULLY,971744.000000,35.000000,971779.000000,9286.000000,9321.000000,266.314286,16-79,-1.000000,""
1258,w0,18,972759.000000,1,600.000000,1,COMPLETED_SUCCESSFULLY,972759.000000,18.000000,972777.000000,0.000000,18.000000,1.000000,16,-1.000000,""
1259,w0,33,972764.000000,64,3600.000000,1,COMPLETED_SUCCESSFULLY,972764.000000,33.000000,972797.000000,0.000000,33.000000,1.000000,17-79 82,-1.000000,""
1260,w0,34,972840.000000,8,600.000000,1,COMPLETED_SUCCESSFULLY,972840.000000,34.000000,972874.000000,0.000000,34.000000,1.000000,16-23,-1.000000,""
1261,w0,33,972842.000000,64,3600.000000,1,COMPLETED_SUCCESSFULLY,972842.000000,33.000000,972875.000000,0.000000,33.000000,1.000000,24-79 82-89,-1.000000,""
1262,w0,36,972955.000000,8,600.000000,1,COMPLETED_SUCCESSFULLY,972955.000000,36.000000,972991.000000,0.000000,36.000000,1.000000,16-23,-1.000000,""
1263,w0,35,972957.000000,8,600.000000,1,COMPLETED_SUCCESSFULLY,972957.000000,35.000000,972992.000000,0.000000,35.000000,1.000000,24-31,-1.000000,""
1264,w0,33,972968.000000,64,3600.000000,1,COMPLETED_SUCCESSFULLY,972968.000000,33.000000,973001.000000,0.000000,33.000000,1.000000,32-79 82-97,-1.000000,""
1265,w0,36,973118.000000,8,600.000000,1,COMPLETED_SUCCESSFULLY,973118.000000,36.000000,973154.000000,0.000000,36.000000,1.000000,16-23,-1.000000,""
1266,w0,34,973420.000000,8,600.000000,1,COMPLETED_SUCCESSFULLY,973420.000000,34.000000,973454.000000,0.000000,34.000000,1.000000,16-23,-1.000000,""
1267,w0,359,973422.000000,64,3600.000000,1,COMPLETED_SUCCESSFULLY,973422.000000,359.000000,973781.000000,0.000000,359.000000,1.000000,24-79 82-89,-1.000000,""
1268,w0,33,973863.000000,64,3600.000000,1,COMPLETED_SUCCESSFULLY,973863.000000,33.000000,973896.000000,0.000000,33.000000,1.000000,16-79,-1.000000,""
1269,w0,181,973875.000000,64,600.000000,1,COMPLETED_SUCCESSFULLY,973896.000000,181.000000,974077.000000,21.000000,202.000000,1.116022,16-79,-1.000000,""
1270,w0,36,975338.000000,8,600.000000,1,COMPLETED_SUCCESSFULLY,975338.000000,36.000000,975374.000000,0.000000,36.000000,1.000000,16-23,-1.000000,""
1271,w0,36,975663.000000,8,600.000000,1,COMPLETED_SUCCESSFULLY,975663.000000,36.000000,975699.000000,0.000000,36.000000,1.000000,16-23,-1.000000,""
1186,w0,25129,951979.000000,8,32400.000000,1,COMPLETED_SUCCESSFULLY,951979.000000,25129.000000,977108.000000,0.000000,25129.000000,1.000000,98-105,-1.000000,""
1189,w0,25578,952012.000000,8,32400.000000,1,COMPLETED_SUCCESSFULLY,952012.000000,25578.000000,977590.000000,0.000000,25578.000000,1.000000,122-129,-1.000000,""
1281,w0,937,977818.000000,8,14340.000000,1,COMPLETED_SUCCESSFULLY,977818.000000,937.000000,978755.000000,0.000000,937.000000,1.000000,149-156,-1.000000,""
1274,w0,1276,977503.000000,1,43200.000000,1,COMPLETED_SUCCESSFULLY,977503.000000,1276.000000,978779.000000,0.000000,1276.000000,1.000000,84,-1.000000,""
1277,w0,1083,977815.000000,8,14340.000000,1,COMPLETED_SUCCESSFULLY,977815.000000,1083.000000,978898.000000,0.000000,1083.000000,1.000000,101-105 122-124,-1.000000,""
1188,w0,26903,951997.000000,8,32400.000000,1,COMPLETED_SUCCESSFULLY,951997.000000,26903.000000,978900.000000,0.000000,26903.000000,1.000000,114-121,-1.000000,""
1282,w0,1322,977819.000000,8,14340.000000,1,COMPLETED_SUCCESSFULLY,977819.000000,1322.000000,979141.000000,0.000000,1322.000000,1.000000,157-164,-1.000000,""
1278,w0,1623,977816.000000,8,14340.000000,1,COMPLETED_SUCCESSFULLY,977816.000000,1623.000000,979439.000000,0.000000,1623.000000,1.000000,125-132,-1.000000,""
1187,w0,27868,951988.000000,8,32400.000000,1,COMPLETED_SUCCESSFULLY,951988.000000,27868.000000,979856.000000,0.000000,27868.000000,1.000000,106-113,-1.000000,""
1276,w0,2096,977814.000000,8,14340.000000,1,COMPLETED_SUCCESSFULLY,977814.000000,2096.000000,979910.000000,0.000000,2096.000000,1.000000,93-100,-1.000000,""
1285,w0,21,980235.000000,8,32400.000000,1,COMPLETED_SUCCESSFULLY,980235.000000,21.000000,980256.000000,0.000000,21.000000,1.000000,113-120,-1.000000,""
1279,w0,2688,977817.000000,8,14340.000000,1,COMPLETED_SUCCESSFULLY,977817.000000,2688.000000,980505.000000,0.000000,2688.000000,1.000000,133-140,-1.000000,""
1275,w0,2833,977813.000000,8,14340.000000,1,COMPLETED_SUCCESSFULLY,977813.000000,2833.000000,980646.000000,0.000000,2833.000000,1.000000,85-92,-1.000000,""
1280,w0,4947,977817.000000,8,14340.000000,1,COMPLETED_SUCCESSFULLY,977817.000000,4947.000000,982764.000000,0.000000,4947.000000,1.000000,141-148,-1.000000,""
1177,w0,37303,945669.000000,8,51000.000000,1,COMPLETED_SUCCESSFULLY,945669.000000,37303.000000,982972.000000,0.000000,37303.000000,1.000000,0-7,-1.000000,""
1178,w0,38755,945702.000000,8,47400.000000,1,COMPLETED_SUCCESSFULLY,945702.000000,38755.000000,984457.000000,0.000000,38755.000000,1.000000,8-15,-1.000000,""
1288,w0,306,984417.000000,64,600.000000,1,COMPLETED_SUCCESSFULLY,984457.000000,306.000000,984763.000000,40.000000,346.000000,1.130719,0-15 85-92 129-168,-1.000000,""
1273,w0,8139,976998.000000,2,43200.000000,1,COMPLETED_SUCCESSFULLY,976998.000000,8139.000000,985137.000000,0.000000,8139.000000,1.000000,82-83,-1.000000,""
1283,w0,5597,979883.000000,13,6900.000000,1,COMPLETED_SUCCESSFULLY,979883.000000,5597.000000,985480.000000,0.000000,5597.000000,1.000000,84 101-112,-1.000000,""
1289,w0,17,985643.000000,1,14400.000000,1,COMPLETED_SUCCESSFULLY,985643.000000,17.000000,985660.000000,0.000000,17.000000,1.000000,0,-1.000000,""
1290,w0,20,986234.000000,1,14400.000000,1,COMPLETED_SUCCESSFULLY,986234.000000,20.000000,986254.000000,0.000000,20.000000,1.000000,0,-1.000000,""
1291,w0,18,986345.000000,1,14400.000000,1,COMPLETED_SUCCESSFULLY,986345.000000,18.000000,986363.000000,0.000000,18.000000,1.000000,0,-1.000000,""
1292,w0,17,986532.000000,1,14400.000000,1,COMPLETED_SUCCESSFULLY,986532.000000,17.000000,986549.000000,0.000000,17.000000,1.000000,0,-1.000000,""
1293,w0,17,986880.000000,1,14400.000000,1,COMPLETED_SUCCESSFULLY,986880.000000,17.000000,986897.000000,0.000000,17.000000,1.000000,0,-1.000000,""
1272,w0,11785,976116.000000,64,43200.000000,1,COMPLETED_SUCCESSFULLY,976116.000000,11785.000000,987901.000000,0.000000,11785.000000,1.000000,16-79,-1.000000,""
1294,w0,1053,987134.000000,13,6900.000000,1,COMPLETED_SUCCESSFULLY,987134.000000,1053.000000,988187.000000,0.000000,1053.000000,1.000000,0-12,-1.000000,""
1295,w0,11,988570.000000,1,14400.000000,1,COMPLETED_SUCCESSFULLY,988570.000000,11.000000,988581.000000,0.000000,11.000000,1.000000,0,-1.000000,""
1296,w0,1046,988790.000000,13,6900.000000,1,COMPLETED_SUCCESSFULLY,988790.000000,1046.000000,989836.000000,0.000000,1046.000000,1.000000,0-12,-1.000000,""
1298,w0,1081,990206.000000,8,43200.000000,1,COMPLETED_SUCCESSFULLY,990206.000000,1081.000000,991287.000000,0.000000,1081.000000,1.000000,0-7,-1.000000,""
1297,w0,2433,988986.000000,1,14400.000000,1,COMPLETED_SUCCESSFULLY,988986.000000,2433.000000,991419.000000,0.000000,2433.000000,1.000000,13,-1.000000,""
1299,w0,3333,991816.000000,8,43200.000000,1,COMPLETED_SUCCESSFULLY,991816.000000,3333.000000,995149.000000,0.000000,3333.000000,1.000000,0-7,-1.000000,""
1300,w0,24,995885.000000,1,43200.000000,1,COMPLETED_SUCCESSFULLY,995885.000000,24.000000,995909.000000,0.000000,24.000000,1.000000,0,-1.000000,""
1181,w0,51932,947813.000000,2,64800.000000,1,COMPLETED_SUCCESSFULLY,947813.000000,51932.000000,999745.000000,0.000000,51932.000000,1.000000,80-81,-1.000000,""
1302,w0,4835,1000029.000000,1,43200.000000,1,COMPLETED_SUCCESSFULLY,1000029.000000,4835.000000,1004864.000000,0.000000,4835.000000,1.000000,64,-1.000000,""
1284,w0,26727,980159.000000,8,32400.000000,1,COMPLETED_SUCCESSFULLY,980159.000000,26727.000000,1006886.000000,0.000000,26727.000000,1.000000,93-100,-1.000000,""
1287,w0,27405,980412.000000,8,32400.000000,1,COMPLETED_SUCCESSFULLY,980412.000000,27405.000000,1007817.000000,0.000000,27405.000000,1.000000,121-128,-1.000000,""
1301,w0,9982,998538.000000,64,43200.000000,1,COMPLETED_SUCCESSFULLY,998538.000000,9982.000000,1008520.000000,0.000000,9982.000000,1.000000,0-63,-1.000000,""
1304,w0,230,1010165.000000,64,600.000000,1,COMPLETED_SUCCESSFULLY,1010165.000000,230.000000,1010395.000000,0.000000,230.000000,1.000000,64-112 121-135,-1.000000,""
1303,w0,312,1010160.000000,64,600.000000,1,COMPLETED_SUCCESSFULLY,1010160.000000,312.000000,1010472.000000,0.000000,312.000000,1.000000,0-63,-1.000000,""
1286,w0,30205,980331.000000,8,32400.000000,1,COMPLETED_SUCCESSFULLY,980331.000000,30205.000000,1010536.000000,0.000000,30205.000000,1.000000,113-120,-1.000000,""
1305,w0,46,1010606.000000,32,600.000000,1,COMPLETED_SUCCESSFULLY,1010606.000000,46.000000,1010652.000000,0.000000,46.000000,1.000000,0-31,-1.000000,""
1307,w0,232,1010716.000000,64,600.000000,1,COMPLETED_SUCCESSFULLY,1010716.000000,232.000000,1010948.000000,0.000000,232.000000,1.000000,64-127,-1.000000,""
1306,w0,327,1010653.000000,64,600.000000,1,COMPLETED_SUCCESSFULLY,1010653.000000,327.000000,1010980.000000,0.000000,327.000000,1.000000,0-63,-1.000000,""
1308,w0,45,1011718.000000,16,600.000000,1,COMPLETED_SUCCESSFULLY,1011718.000000,45.000000,1011763.000000,0.000000,45.000000,1.000000,0-15,-1.000000,""
1309,w0,47,1011725.000000,16,600.000000,1,COMPLETED_SUCCESSFULLY,1011725.000000,47.000000,1011772.000000,0.000000,47.000000,1.000000,16-31,-1.000000,""
1310,w0,54,1011729.000000,16,600.000000,1,COMPLETED_SUCCESSFULLY,1011729.000000,54.000000,1011783.000000,0.000000,54.000000,1.000000,32-47,-1.000000,""
1311,w0,53,1011738.000000,16,600.000000,1,COMPLETED_SUCCESSFULLY,1011738.000000,53.000000,1011791.000000,0.000000,53.000000,1.000000,48-63,-1.000000,""
1312,w0,35,1011813.000000,8,32400.000000,1,COMPLETED_SUCCESSFULLY,1011813.000000,35.000000,1011848.000000,0.000000,35.000000,1.000000,0-7,-1.000000,""
1315,w0,47,1012028.000000,32,600.000000,1,COMPLETED_SUCCESSFULLY,1012028.000000,47.000000,1012075.000000,0.000000,47.000000,1.000000,16-47,-1.000000,""
1316,w0,62,1012032.000000,32,600.000000,1,COMPLETED_SUCCESSFULLY,1012032.000000,62.000000,1012094.000000,0.000000,62.000000,1.000000,48-79,-1.000000,""
1317,w0,54,1012222.000000,32,600.000000,1,COMPLETED_SUCCESSFULLY,1012222.000000,54.000000,1012276.000000,0.000000,54.000000,1.000000,16-47,-1.000000,""
1318,w0,37,1012283.000000,8,600.000000,1,COMPLETED_SUCCESSFULLY,1012283.000000,37.000000,1012320.000000,0.000000,37.000000,1.000000,16-23,-1.000000,""
1319,w0,37,1012297.000000,8,600.000000,1,COMPLETED_SUCCESSFULLY,1012297.000000,37.000000,1012334.000000,0.000000,37.000000,1.000000,24-31,-1.000000,""
1320,w0,37,1012304.000000,8,600.000000,1,COMPLETED_SUCCESSFULLY,1012304.000000,37.000000,1012341.000000,0.000000,37.000000,1.000000,32-39,-1.000000,""
1321,w0,38,1012317.000000,8,600.000000,1,COMPLETED_SUCCESSFULLY,1012317.000000,38.000000,1012355.000000,0.000000,38.000000,1.000000,40-47,-1.000000,""
1322,w0,45,1012482.000000,32,600.000000,1,COMPLETED_SUCCESSFULLY,1012482.000000,45.000000,1012527.000000,0.000000,45.000000,1.000000,16-47,-1.000000,""
1323,w0,39,1012491.000000,8,600.000000,1,COMPLETED_SUCCESSFULLY,1012491.000000,39.000000,1012530.000000,0.000000,39.000000,1.000000,48-55,-1.000000,""
1324,w0,38,1012496.000000,8,600.000000,1,COMPLETED_SUCCESSFULLY,1012496.000000,38.000000,1012534.000000,0.000000,38.000000,1.000000,56-63,-1.000000,""
1325,w0,37,1012501.000000,8,600.000000,1,COMPLETED_SUCCESSFULLY,1012501.000000,37.000000,1012538.000000,0.000000,37.000000,1.000000,64-71,-1.000000,""
1326,w0,39,1012506.000000,8,600.000000,1,COMPLETED_SUCCESSFULLY,1012506.000000,39.000000,1012545.000000,0.000000,39.000000,1.000000,72-79,-1.000000,""
1327,w0,38,1012512.000000,8,600.000000,1,COMPLETED_SUCCESSFULLY,1012512.000000,38.000000,1012550.000000,0.000000,38.000000,1.000000,80-87,-1.000000,""
1328,w0,41,1018883.000000,8,600.000000,1,COMPLETED_SUCCESSFULLY,1018883.000000,41.000000,1018924.000000,0.000000,41.000000,1.000000,16-23,-1.000000,""
1329,w0,28,1018970.000000,16,7200.000000,1,COMPLETED_SUCCESSFULLY,1018970.000000,28.000000,1018998.000000,0.000000,28.000000,1.000000,16-31,-1.000000,""
1330,w0,38,1019063.000000,8,600.000000,1,COMPLETED_SUCCESSFULLY,1019063.000000,38.000000,1019101.000000,0.000000,38.000000,1.000000,16-23,-1.000000,""
1331,w0,39,1019070.000000,8,600.000000,1,COMPLETED_SUCCESSFULLY,1019070.000000,39.000000,1019109.000000,0.000000,39.000000,1.000000,24-31,-1.000000,""
1332,w0,37,1019079.000000,8,600.000000,1,COMPLETED_SUCCESSFULLY,1019079.000000,37.000000,1019116.000000,0.000000,37.000000,1.000000,32-39,-1.000000,""
1333,w0,38,1019085.000000,8,600.000000,1,COMPLETED_SUCCESSFULLY,1019085.000000,38.000000,1019123.000000,0.000000,38.000000,1.000000,40-47,-1.000000,""
1334,w0,29,1019180.000000,8,10200.000000,1,COMPLETED_SUCCESSFULLY,1019180.000000,29.000000,1019209.000000,0.000000,29.000000,1.000000,16-23,-1.000000,""
1336,w0,27,1019434.000000,8,600.000000,1,COMPLETED_SUCCESSFULLY,1019434.000000,27.000000,1019461.000000,0.000000,27.000000,1.000000,24-31,-1.000000,""
1337,w0,27,1019440.000000,8,600.000000,1,COMPLETED_SUCCESSFULLY,1019440.000000,27.000000,1019467.000000,0.000000,27.000000,1.000000,32-39,-1.000000,""
1338,w0,26,1019449.000000,8,600.000000,1,COMPLETED_SUCCESSFULLY,1019449.000000,26.000000,1019475.000000,0.000000,26.000000,1.000000,40-47,-1.000000,""
1339,w0,28,1019455.000000,8,600.000000,1,COMPLETED_SUCCESSFULLY,1019455.000000,28.000000,1019483.000000,0.000000,28.000000,1.000000,48-55,-1.000000,""
1341,w0,27,1019620.000000,8,600.000000,1,COMPLETED_SUCCESSFULLY,1019620.000000,27.000000,1019647.000000,0.000000,27.000000,1.000000,25-32,-1.000000,""
1342,w0,27,1019626.000000,8,600.000000,1,COMPLETED_SUCCESSFULLY,1019626.000000,27.000000,1019653.000000,0.000000,27.000000,1.000000,33-40,-1.000000,""
1343,w0,27,1019637.000000,8,600.000000,1,COMPLETED_SUCCESSFULLY,1019637.000000,27.000000,1019664.000000,0.000000,27.000000,1.000000,41-48,-1.000000,""
1344,w0,29,1019816.000000,16,7200.000000,1,COMPLETED_SUCCESSFULLY,1019816.000000,29.000000,1019845.000000,0.000000,29.000000,1.000000,25-40,-1.000000,""
1345,w0,49,1019936.000000,8,600.000000,1,COMPLETED_SUCCESSFULLY,1019936.000000,49.000000,1019985.000000,0.000000,49.000000,1.000000,25-32,-1.000000,""
1346,w0,50,1019942.000000,8,600.000000,1,COMPLETED_SUCCESSFULLY,1019942.000000,50.000000,1019992.000000,0.000000,50.000000,1.000000,33-40,-1.000000,""
1347,w0,52,1019948.000000,8,600.000000,1,COMPLETED_SUCCESSFULLY,1019948.000000,52.000000,1020000.000000,0.000000,52.000000,1.000000,41-48,-1.000000,""
1348,w0,51,1019953.000000,8,600.000000,1,COMPLETED_SUCCESSFULLY,1019953.000000,51.000000,1020004.000000,0.000000,51.000000,1.000000,49-56,-1.000000,""
1349,w0,50,1019958.000000,8,600.000000,1,COMPLETED_SUCCESSFULLY,1019958.000000,50.000000,1020008.000000,0.000000,50.000000,1.000000,57-64,-1.000000,""
1350,w0,52,1019972.000000,8,600.000000,1,COMPLETED_SUCCESSFULLY,1019972.000000,52.000000,1020024.000000,0.000000,52.000000,1.000000,65-72,-1.000000,""
1351,w0,43,1022041.000000,1,1200.000000,1,COMPLETED_SUCCESSFULLY,1022041.000000,43.000000,1022084.000000,0.000000,43.000000,1.000000,25,-1.000000,""
1353,w0,51,1023318.000000,32,600.000000,1,COMPLETED_SUCCESSFULLY,1023318.000000,51.000000,1023369.000000,0.000000,51.000000,1.000000,89-120,-1.000000,""
1352,w0,235,1023309.000000,64,600.000000,1,COMPLETED_SUCCESSFULLY,1023309.000000,235.000000,1023544.000000,0.000000,235.000000,1.000000,25-88,-1.000000,""
1340,w0,4402,1019543.000000,1,14400.000000,1,COMPLETED_SUCCESSFULLY,1019543.000000,4402.000000,1023945.000000,0.000000,4402.000000,1.000000,24,-1.000000,""
1354,w0,53,1024921.000000,8,600.000000,1,COMPLETED_SUCCESSFULLY,1024921.000000,53.000000,1024974.000000,0.000000,53.000000,1.000000,24-31,-1.000000,""
1355,w0,11,1025939.000000,1,14400.000000,1,COMPLETED_SUCCESSFULLY,1025939.000000,11.000000,1025950.000000,0.000000,11.000000,1.000000,24,-1.000000,""
1356,w0,302,1026126.000000,64,600.000000,1,COMPLETED_SUCCESSFULLY,1026126.000000,302.000000,1026428.000000,0.000000,302.000000,1.000000,24-87,-1.000000,""
1357,w0,233,1026230.000000,64,600.000000,1,COMPLETED_SUCCESSFULLY,1026230.000000,233.000000,1026463.000000,0.000000,233.000000,1.000000,88-151,-1.000000,""
1358,w0,44,1026951.000000,32,600.000000,1,COMPLETED_SUCCESSFULLY,1026951.000000,44.000000,1026995.000000,0.000000,44.000000,1.000000,24-55,-1.000000,""
1359,w0,46,1026956.000000,32,600.000000,1,COMPLETED_SUCCESSFULLY,1026956.000000,46.000000,1027002.000000,0.000000,46.000000,1.000000,56-87,-1.000000,""
1360,w0,49,1026966.000000,32,600.000000,1,COMPLETED_SUCCESSFULLY,1026966.000000,49.000000,1027015.000000,0.000000,49.000000,1.000000,88-119,-1.000000,""
1361,w0,52,1026970.000000,32,600.000000,1,COMPLETED_SUCCESSFULLY,1026970.000000,52.000000,1027022.000000,0.000000,52.000000,1.000000,120-151,-1.000000,""
1362,w0,46,1026974.000000,32,600.000000,1,COMPLETED_SUCCESSFULLY,1026995.000000,46.000000,1027041.000000,21.000000,67.000000,1.456522,24-55,-1.000000,""
1363,w0,49,1027480.000000,8,600.000000,1,COMPLETED_SUCCESSFULLY,1027480.000000,49.000000,1027529.000000,0.000000,49.000000,1.000000,24-31,-1.000000,""
1364,w0,50,1027488.000000,8,600.000000,1,COMPLETED_SUCCESSFULLY,1027488.000000,50.000000,1027538.000000,0.000000,50.000000,1.000000,32-39,-1.000000,""
1365,w0,48,1027494.000000,8,600.000000,1,COMPLETED_SUCCESSFULLY,1027494.000000,48.000000,1027542.000000,0.000000,48.000000,1.000000,40-47,-1.000000,""
1366,w0,50,1027502.000000,8,600.000000,1,COMPLETED_SUCCESSFULLY,1027502.000000,50.000000,1027552.000000,0.000000,50.000000,1.000000,48-55,-1.000000,""
1367,w0,51,1027509.000000,8,600.000000,1,COMPLETED_SUCCESSFULLY,1027509.000000,51.000000,1027560.000000,0.000000,51.000000,1.000000,56-63,-1.000000,""
1335,w0,8357,1019288.000000,8,10200.000000,1,COMPLETED_SUCCESSFULLY,1019288.000000,8357.000000,1027645.000000,0.000000,8357.000000,1.000000,16-23,-1.000000,""
1368,w0,11,1028015.000000,1,14400.000000,1,COMPLETED_SUCCESSFULLY,1028015.000000,11.000000,1028026.000000,0.000000,11.000000,1.000000,16,-1.000000,""
1369,w0,17,1028729.000000,1,14400.000000,1,COMPLETED_SUCCESSFULLY,1028729.000000,17.000000,1028746.000000,0.000000,17.000000,1.000000,16,-1.000000,""
1370,w0,759,1028978.000000,64,3600.000000,1,COMPLETED_SUCCESSFULLY,1028978.000000,759.000000,1029737.000000,0.000000,759.000000,1.000000,16-79,-1.000000,""
1372,w0,24,1029737.000000,1,1800.000000,1,COMPLETED_SUCCESSFULLY,1029737.000000,24.000000,1029761.000000,0.000000,24.000000,1.000000,16,-1.000000,""
1373,w0,18,1030152.000000,1,1800.000000,1,COMPLETED_SUCCESSFULLY,1030152.000000,18.000000,1030170.000000,0.000000,18.000000,1.000000,16,-1.000000,""
1374,w0,4664,1031738.000000,4,129600.000000,1,COMPLETED_SUCCESSFULLY,1031738.000000,4664.000000,1036402.000000,0.000000,4664.000000,1.000000,16-19,-1.000000,""
1314,w0,25922,1011913.000000,8,32400.000000,1,COMPLETED_SUCCESSFULLY,1011913.000000,25922.000000,1037835.000000,0.000000,25922.000000,1.000000,8-15,-1.000000,""
1313,w0,28077,1011876.000000,8,32400.000000,1,COMPLETED_SUCCESSFULLY,1011876.000000,28077.000000,1039953.000000,0.000000,28077.000000,1.000000,0-7,-1.000000,""
1371,w0,325,1029227.000000,170,3600.000000,1,COMPLETED_SUCCESSFULLY,1039953.000000,325.000000,1040278.000000,10726.000000,11051.000000,34.003077,0-169,-1.000000,""
1377,w0,47,1141837.000000,32,600.000000,1,COMPLETED_SUCCESSFULLY,1141837.000000,47.000000,1141884.000000,0.000000,47.000000,1.000000,128-159,-1.000000,""
1375,w0,164,1141810.000000,64,600.000000,1,COMPLETED_SUCCESSFULLY,1141810.000000,164.000000,1141974.000000,0.000000,164.000000,1.000000,0-63,-1.000000,""
1376,w0,309,1141815.000000,64,600.000000,1,COMPLETED_SUCCESSFULLY,1141815.000000,309.000000,1142124.000000,0.000000,309.000000,1.000000,64-127,-1.000000,""
1378,w0,281,1142762.000000,64,600.000000,1,COMPLETED_SUCCESSFULLY,1142762.000000,281.000000,1143043.000000,0.000000,281.000000,1.000000,0-63,-1.000000,""
1379,w0,193,1142872.000000,64,600.000000,1,COMPLETED_SUCCESSFULLY,1142872.000000,193.000000,1143065.000000,0.000000,193.000000,1.000000,64-127,-1.000000,""
1380,w0,190,1143045.000000,64,600.000000,1,COMPLETED_SUCCESSFULLY,1143045.000000,190.000000,1143235.000000,0.000000,190.000000,1.000000,0-63,-1.000000,""
1381,w0,47,1143472.000000,8,600.000000,1,COMPLETED_SUCCESSFULLY,1143472.000000,47.000000,1143519.000000,0.000000,47.000000,1.000000,0-7,-1.000000,""
1382,w0,48,1143495.000000,8,600.000000,1,COMPLETED_SUCCESSFULLY,1143495.000000,48.000000,1143543.000000,0.000000,48.000000,1.000000,8-15,-1.000000,""
1383,w0,47,1143556.000000,8,600.000000,1,COMPLETED_SUCCESSFULLY,1143556.000000,47.000000,1143603.000000,0.000000,47.000000,1.000000,0-7,-1.000000,""
1384,w0,48,1143589.000000,8,600.000000,1,COMPLETED_SUCCESSFULLY,1143589.000000,48.000000,1143637.000000,0.000000,48.000000,1.000000,8-15,-1.000000,""
1385,w0,48,1143611.000000,8,600.000000,1,COMPLETED_SUCCESSFULLY,1143611.000000,48.000000,1143659.000000,0.000000,48.000000,1.000000,0-7,-1.000000,""
1386,w0,48,1143653.000000,8,600.000000,1,COMPLETED_SUCCESSFULLY,1143653.000000,48.000000,1143701.000000,0.000000,48.000000,1.000000,8-15,-1.000000,""
1387,w0,48,1143674.000000,8,600.000000,1,COMPLETED_SUCCESSFULLY,1143674.000000,48.000000,1143722.000000,0.000000,48.000000,1.000000,0-7,-1.000000,""
1388,w0,47,1143710.000000,8,600.000000,1,COMPLETED_SUCCESSFULLY,1143710.000000,47.000000,1143757.000000,0.000000,47.000000,1.000000,8-15,-1.000000,""
1389,w0,51,1143722.000000,8,600.000000,1,COMPLETED_SUCCESSFULLY,1143722.000000,51.000000,1143773.000000,0.000000,51.000000,1.000000,0-7,-1.000000,""
1390,w0,48,1143726.000000,8,600.000000,1,COMPLETED_SUCCESSFULLY,1143726.000000,48.000000,1143774.000000,0.000000,48.000000,1.000000,16-23,-1.000000,""
1391,w0,48,1143731.000000,8,600.000000,1,COMPLETED_SUCCESSFULLY,1143731.000000,48.000000,1143779.000000,0.000000,48.000000,1.000000,24-31,-1.000000,""
1392,w0,47,1143740.000000,8,600.000000,1,COMPLETED_SUCCESSFULLY,1143740.000000,47.000000,1143787.000000,0.000000,47.000000,1.000000,32-39,-1.000000,""
1393,w0,47,1143745.000000,8,600.000000,1,COMPLETED_SUCCESSFULLY,1143745.000000,47.000000,1143792.000000,0.000000,47.000000,1.000000,40-47,-1.000000,""
1394,w0,48,1143750.000000,8,600.000000,1,COMPLETED_SUCCESSFULLY,1143750.000000,48.000000,1143798.000000,0.000000,48.000000,1.000000,48-55,-1.000000,""
1395,w0,52,1144158.000000,8,600.000000,1,COMPLETED_SUCCESSFULLY,1144158.000000,52.000000,1144210.000000,0.000000,52.000000,1.000000,0-7,-1.000000,""
1396,w0,47,1144166.000000,8,600.000000,1,COMPLETED_SUCCESSFULLY,1144166.000000,47.000000,1144213.000000,0.000000,47.000000,1.000000,8-15,-1.000000,""
1398,w0,191,1144290.000000,64,600.000000,1,COMPLETED_SUCCESSFULLY,1144290.000000,191.000000,1144481.000000,0.000000,191.000000,1.000000,64-127,-1.000000,""
1400,w0,48,1144433.000000,8,600.000000,1,COMPLETED_SUCCESSFULLY,1144433.000000,48.000000,1144481.000000,0.000000,48.000000,1.000000,128-135,-1.000000,""
1401,w0,48,1144441.000000,8,600.000000,1,COMPLETED_SUCCESSFULLY,1144441.000000,48.000000,1144489.000000,0.000000,48.000000,1.000000,136-143,-1.000000,""
1397,w0,284,1144282.000000,64,600.000000,1,COMPLETED_SUCCESSFULLY,1144282.000000,284.000000,1144566.000000,0.000000,284.000000,1.000000,0-63,-1.000000,""
1399,w0,193,1144331.000000,64,600.000000,1,COMPLETED_SUCCESSFULLY,1144481.000000,193.000000,1144674.000000,150.000000,343.000000,1.777202,64-127,-1.000000,""
1403,w0,194,1145876.000000,64,600.000000,1,COMPLETED_SUCCESSFULLY,1145876.000000,194.000000,1146070.000000,0.000000,194.000000,1.000000,64-127,-1.000000,""
1402,w0,277,1145867.000000,64,600.000000,1,COMPLETED_SUCCESSFULLY,1145867.000000,277.000000,1146144.000000,0.000000,277.000000,1.000000,0-63,-1.000000,""
1405,w0,49,1146182.000000,8,600.000000,1,COMPLETED_SUCCESSFULLY,1146182.000000,49.000000,1146231.000000,0.000000,49.000000,1.000000,0-7,-1.000000,""
1406,w0,48,1146187.000000,8,600.000000,1,COMPLETED_SUCCESSFULLY,1146187.000000,48.000000,1146235.000000,0.000000,48.000000,1.000000,8-15,-1.000000,""
1407,w0,49,1146195.000000,8,600.000000,1,COMPLETED_SUCCESSFULLY,1146195.000000,49.000000,1146244.000000,0.000000,49.000000,1.000000,16-23,-1.000000,""
1408,w0,49,1146203.000000,8,600.000000,1,COMPLETED_SUCCESSFULLY,1146203.000000,49.000000,1146252.000000,0.000000,49.000000,1.000000,24-31,-1.000000,""
1404,w0,191,1145946.000000,64,600.000000,1,COMPLETED_SUCCESSFULLY,1146070.000000,191.000000,1146261.000000,124.000000,315.000000,1.649215,64-127,-1.000000,""
1409,w0,48,1146226.000000,8,600.000000,1,COMPLETED_SUCCESSFULLY,1146226.000000,48.000000,1146274.000000,0.000000,48.000000,1.000000,32-39,-1.000000,""
1410,w0,48,1146387.000000,8,600.000000,1,COMPLETED_SUCCESSFULLY,1146387.000000,48.000000,1146435.000000,0.000000,48.000000,1.000000,0-7,-1.000000,""
1411,w0,47,1146397.000000,8,600.000000,1,COMPLETED_SUCCESSFULLY,1146397.000000,47.000000,1146444.000000,0.000000,47.000000,1.000000,8-15,-1.000000,""
1412,w0,52,1146420.000000,8,600.000000,1,COMPLETED_SUCCESSFULLY,1146420.000000,52.000000,1146472.000000,0.000000,52.000000,1.000000,16-23,-1.000000,""
1413,w0,47,1146433.000000,8,600.000000,1,COMPLETED_SUCCESSFULLY,1146433.000000,47.000000,1146480.000000,0.000000,47.000000,1.000000,24-31,-1.000000,""
1414,w0,48,1146603.000000,8,600.000000,1,COMPLETED_SUCCESSFULLY,1146603.000000,48.000000,1146651.000000,0.000000,48.000000,1.000000,0-7,-1.000000,""
1415,w0,46,1146613.000000,8,600.000000,1,COMPLETED_SUCCESSFULLY,1146613.000000,46.000000,1146659.000000,0.000000,46.000000,1.000000,8-15,-1.000000,""
1416,w0,61,1146879.000000,1,600.000000,1,COMPLETED_SUCCESSFULLY,1146879.000000,61.000000,1146940.000000,0.000000,61.000000,1.000000,0,-1.000000,""
1417,w0,80,1146909.000000,1,600.000000,1,COMPLETED_SUCCESSFULLY,1146909.000000,80.000000,1146989.000000,0.000000,80.000000,1.000000,1,-1.000000,""
1418,w0,60,1146952.000000,1,600.000000,1,COMPLETED_SUCCESSFULLY,1146952.000000,60.000000,1147012.000000,0.000000,60.000000,1.000000,0,-1.000000,""
1419,w0,59,1146988.000000,1,600.000000,1,COMPLETED_SUCCESSFULLY,1146988.000000,59.000000,1147047.000000,0.000000,59.000000,1.000000,2,-1.000000,""
1420,w0,59,1147025.000000,1,600.000000,1,COMPLETED_SUCCESSFULLY,1147025.000000,59.000000,1147084.000000,0.000000,59.000000,1.000000,0,-1.000000,""
1421,w0,61,1147143.000000,1,600.000000,1,COMPLETED_SUCCESSFULLY,1147143.000000,61.000000,1147204.000000,0.000000,61.000000,1.000000,0,-1.000000,""
1422,w0,60,1147172.000000,1,600.000000,1,COMPLETED_SUCCESSFULLY,1147172.000000,60.000000,1147232.000000,0.000000,60.000000,1.000000,1,-1.000000,""
1423,w0,60,1147202.000000,1,600.000000,1,COMPLETED_SUCCESSFULLY,1147202.000000,60.000000,1147262.000000,0.000000,60.000000,1.000000,2,-1.000000,""
1424,w0,60,1147225.000000,1,600.000000,1,COMPLETED_SUCCESSFULLY,1147225.000000,60.000000,1147285.000000,0.000000,60.000000,1.000000,0,-1.000000,""
1426,w0,60,1147242.000000,1,600.000000,1,COMPLETED_SUCCESSFULLY,1147242.000000,60.000000,1147302.000000,0.000000,60.000000,1.000000,1,-1.000000,""
1427,w0,59,1147248.000000,1,600.000000,1,COMPLETED_SUCCESSFULLY,1147248.000000,59.000000,1147307.000000,0.000000,59.000000,1.000000,4,-1.000000,""
1425,w0,84,1147230.000000,1,600.000000,1,COMPLETED_SUCCESSFULLY,1147230.000000,84.000000,1147314.000000,0.000000,84.000000,1.000000,3,-1.000000,""
1428,w0,60,1147258.000000,1,600.000000,1,COMPLETED_SUCCESSFULLY,1147258.000000,60.000000,1147318.000000,0.000000,60.000000,1.000000,5,-1.000000,""
1429,w0,60,1147301.000000,1,600.000000,1,COMPLETED_SUCCESSFULLY,1147301.000000,60.000000,1147361.000000,0.000000,60.000000,1.000000,0,-1.000000,""
1430,w0,59,1147311.000000,1,600.000000,1,COMPLETED_SUCCESSFULLY,1147311.000000,59.000000,1147370.000000,0.000000,59.000000,1.000000,1,-1.000000,""
1431,w0,59,1147317.000000,1,600.000000,1,COMPLETED_SUCCESSFULLY,1147317.000000,59.000000,1147376.000000,0.000000,59.000000,1.000000,2,-1.000000,""
1432,w0,287,1147416.000000,64,600.000000,1,COMPLETED_SUCCESSFULLY,1147416.000000,287.000000,1147703.000000,0.000000,287.000000,1.000000,0-63,-1.000000,""
1433,w0,183,1147623.000000,64,600.000000,1,COMPLETED_SUCCESSFULLY,1147623.000000,183.000000,1147806.000000,0.000000,183.000000,1.000000,64-127,-1.000000,""
1434,w0,160,1147753.000000,64,600.000000,1,COMPLETED_SUCCESSFULLY,1147753.000000,160.000000,1147913.000000,0.000000,160.000000,1.000000,0-63,-1.000000,""
1436,w0,159,1147922.000000,64,600.000000,1,COMPLETED_SUCCESSFULLY,1147922.000000,159.000000,1148081.000000,0.000000,159.000000,1.000000,0-63,-1.000000,""
1435,w0,289,1147806.000000,64,600.000000,1,COMPLETED_SUCCESSFULLY,1147806.000000,289.000000,1148095.000000,0.000000,289.000000,1.000000,64-127,-1.000000,""
1437,w0,167,1147929.000000,64,600.000000,1,COMPLETED_SUCCESSFULLY,1148081.000000,167.000000,1148248.000000,152.000000,319.000000,1.910180,0-63,-1.000000,""
1438,w0,279,1148149.000000,64,600.000000,1,COMPLETED_SUCCESSFULLY,1148149.000000,279.000000,1148428.000000,0.000000,279.000000,1.000000,64-127,-1.000000,""
1439,w0,166,1148394.000000,64,600.000000,1,COMPLETED_SUCCESSFULLY,1148394.000000,166.000000,1148560.000000,0.000000,166.000000,1.000000,0-63,-1.000000,""
1442,w0,60,1148957.000000,1,600.000000,1,COMPLETED_SUCCESSFULLY,1148957.000000,60.000000,1149017.000000,0.000000,60.000000,1.000000,128,-1.000000,""
1441,w0,165,1148854.000000,64,600.000000,1,COMPLETED_SUCCESSFULLY,1148854.000000,165.000000,1149019.000000,0.000000,165.000000,1.000000,64-127,-1.000000,""
1440,w0,280,1148753.000000,64,600.000000,1,COMPLETED_SUCCESSFULLY,1148753.000000,280.000000,1149033.000000,0.000000,280.000000,1.000000,0-63,-1.000000,""
1443,w0,60,1149016.000000,1,600.000000,1,COMPLETED_SUCCESSFULLY,1149016.000000,60.000000,1149076.000000,0.000000,60.000000,1.000000,129,-1.000000,""
1444,w0,27,1149858.000000,171,600.000000,1,COMPLETED_SUCCESSFULLY,1149858.000000,27.000000,1149885.000000,0.000000,27.000000,1.000000,0-170,-1.000000,""
1445,w0,29,1150045.000000,8,43200.000000,1,COMPLETED_SUCCESSFULLY,1150045.000000,29.000000,1150074.000000,0.000000,29.000000,1.000000,0-7,-1.000000,""
1446,w0,25,1150414.000000,171,600.000000,1,COMPLETED_SUCCESSFULLY,1150414.000000,25.000000,1150439.000000,0.000000,25.000000,1.000000,0-170,-1.000000,""
1447,w0,21,1150621.000000,2,600.000000,1,COMPLETED_SUCCESSFULLY,1150621.000000,21.000000,1150642.000000,0.000000,21.000000,1.000000,0-1,-1.000000,""
1448,w0,22,1150710.000000,2,600.000000,1,COMPLETED_SUCCESSFULLY,1150710.000000,22.000000,1150732.000000,0.000000,22.000000,1.000000,0-1,-1.000000,""
1449,w0,28,1150831.000000,3,600.000000,1,COMPLETED_SUCCESSFULLY,1150831.000000,28.000000,1150859.000000,0.000000,28.000000,1.000000,0-2,-1.000000,""
1450,w0,22,1150883.000000,3,600.000000,1,COMPLETED_SUCCESSFULLY,1150883.000000,22.000000,1150905.000000,0.000000,22.000000,1.000000,0-2,-1.000000,""
1451,w0,21,1151103.000000,3,600.000000,1,COMPLETED_SUCCESSFULLY,1151103.000000,21.000000,1151124.000000,0.000000,21.000000,1.000000,0-2,-1.000000,""
1452,w0,22,1151177.000000,3,600.000000,1,COMPLETED_SUCCESSFULLY,1151177.000000,22.000000,1151199.000000,0.000000,22.000000,1.000000,0-2,-1.000000,""
1453,w0,21,1151304.000000,3,600.000000,1,COMPLETED_SUCCESSFULLY,1151304.000000,21.000000,1151325.000000,0.000000,21.000000,1.000000,0-2,-1.000000,""
1454,w0,33,1151673.000000,11,600.000000,1,COMPLETED_SUCCESSFULLY,1151673.000000,33.000000,1151706.000000,0.000000,33.000000,1.000000,0-10,-1.000000,""
1455,w0,46,1152407.000000,171,600.000000,1,COMPLETED_SUCCESSFULLY,1152407.000000,46.000000,1152453.000000,0.000000,46.000000,1.000000,0-170,-1.000000,""
1456,w0,1692,1152850.000000,171,3600.000000,1,COMPLETED_SUCCESSFULLY,1152850.000000,1692.000000,1154542.000000,0.000000,1692.000000,1.000000,0-170,-1.000000,""
1458,w0,166,1154645.000000,64,600.000000,1,COMPLETED_SUCCESSFULLY,1154645.000000,166.000000,1154811.000000,0.000000,166.000000,1.000000,64-127,-1.000000,""
1457,w0,296,1154634.000000,64,600.000000,1,COMPLETED_SUCCESSFULLY,1154634.000000,296.000000,1154930.000000,0.000000,296.000000,1.000000,0-63,-1.000000,""
1459,w0,189,1154651.000000,64,600.000000,1,COMPLETED_SUCCESSFULLY,1154811.000000,189.000000,1155000.000000,160.000000,349.000000,1.846561,64-127,-1.000000,""
1460,w0,166,1155171.000000,64,600.000000,1,COMPLETED_SUCCESSFULLY,1155171.000000,166.000000,1155337.000000,0.000000,166.000000,1.000000,0-63,-1.000000,""
1461,w0,168,1155181.000000,64,600.000000,1,COMPLETED_SUCCESSFULLY,1155181.000000,168.000000,1155349.000000,0.000000,168.000000,1.000000,64-127,-1.000000,""
1462,w0,20194,1155758.000000,171,43200.000000,1,COMPLETED_SUCCESSFULLY,1155758.000000,20194.000000,1175952.000000,0.000000,20194.000000,1.000000,0-170,-1.000000,""
1463,w0,161,1176247.000000,64,600.000000,1,COMPLETED_SUCCESSFULLY,1176247.000000,161.000000,1176408.000000,0.000000,161.000000,1.000000,0-63,-1.000000,""
1464,w0,162,1176255.000000,64,600.000000,1,COMPLETED_SUCCESSFULLY,1176255.000000,162.000000,1176417.000000,0.000000,162.000000,1.000000,64-127,-1.000000,""
1465,w0,184,1176300.000000,64,600.000000,1,COMPLETED_SUCCESSFULLY,1176408.000000,184.000000,1176592.000000,108.000000,292.000000,1.586957,0-63,-1.000000,""
1466,w0,164,1176745.000000,64,600.000000,1,COMPLETED_SUCCESSFULLY,1176745.000000,164.000000,1176909.000000,0.000000,164.000000,1.000000,0-63,-1.000000,""
1467,w0,2039,1177195.000000,171,43200.000000,1,COMPLETED_SUCCESSFULLY,1177195.000000,2039.000000,1179234.000000,0.000000,2039.000000,1.000000,0-170,-1.000000,""
1468,w0,1640,1179266.000000,171,43200.000000,1,COMPLETED_SUCCESSFULLY,1179266.000000,1640.000000,1180906.000000,0.000000,1640.000000,1.000000,0-170,-1.000000,""
1469,w0,166,1202612.000000,64,600.000000,1,COMPLETED_SUCCESSFULLY,1202612.000000,166.000000,1202778.000000,0.000000,166.000000,1.000000,0-63,-1.000000,""
1470,w0,161,1202628.000000,64,600.000000,1,COMPLETED_SUCCESSFULLY,1202628.000000,161.000000,1202789.000000,0.000000,161.000000,1.000000,64-127,-1.000000,""
1471,w0,161,1202674.000000,64,600.000000,1,COMPLETED_SUCCESSFULLY,1202778.000000,161.000000,1202939.000000,104.000000,265.000000,1.645963,0-63,-1.000000,""
1472,w0,163,1207905.000000,64,600.000000,1,COMPLETED_SUCCESSFULLY,1207905.000000,163.000000,1208068.000000,0.000000,163.000000,1.000000,0-63,-1.000000,""
1473,w0,162,1207913.000000,64,600.000000,1,COMPLETED_SUCCESSFULLY,1207913.000000,162.000000,1208075.000000,0.000000,162.000000,1.000000,64-127,-1.000000,""
1474,w0,165,1207934.000000,64,600.000000,1,COMPLETED_SUCCESSFULLY,1208068.000000,165.000000,1208233.000000,134.000000,299.000000,1.812121,0-63,-1.000000,""
1475,w0,1151,1209143.000000,171,43200.000000,1,COMPLETED_SUCCESSFULLY,1209143.000000,1151.000000,1210294.000000,0.000000,1151.000000,1.000000,0-170,-1.000000,""
1476,w0,189,1218920.000000,8,39600.000000,1,COMPLETED_SUCCESSFULLY,1218920.000000,189.000000,1219109.000000,0.000000,189.000000,1.000000,0-7,-1.000000,""
1477,w0,189,1219063.000000,8,39600.000000,1,COMPLETED_SUCCESSFULLY,1219063.000000,189.000000,1219252.000000,0.000000,189.000000,1.000000,8-15,-1.000000,""
1479,w0,56,1223905.000000,2,3600.000000,1,COMPLETED_SUCCESSFULLY,1223905.000000,56.000000,1223961.000000,0.000000,56.000000,1.000000,64-65,-1.000000,""
1480,w0,102,1224056.000000,64,900.000000,1,COMPLETED_SUCCESSFULLY,1224056.000000,102.000000,1224158.000000,0.000000,102.000000,1.000000,64-127,-1.000000,""
1481,w0,513,1224895.000000,8,600.000000,1,COMPLETED_SUCCESSFULLY,1224895.000000,513.000000,1225408.000000,0.000000,513.000000,1.000000,64-71,-1.000000,""
1478,w0,3476,1222085.000000,64,14400.000000,1,COMPLETED_SUCCESSFULLY,1222085.000000,3476.000000,1225561.000000,0.000000,3476.000000,1.000000,0-63,-1.000000,""
1482,w0,70,1226891.000000,2,1800.000000,1,COMPLETED_SUCCESSFULLY,1226891.000000,70.000000,1226961.000000,0.000000,70.000000,1.000000,0-1,-1.000000,""
1483,w0,62,1227217.000000,2,1800.000000,1,COMPLETED_SUCCESSFULLY,1227217.000000,62.000000,1227279.000000,0.000000,62.000000,1.000000,0-1,-1.000000,""
1484,w0,61,1227336.000000,2,1800.000000,1,COMPLETED_SUCCESSFULLY,1227336.000000,61.000000,1227397.000000,0.000000,61.000000,1.000000,0-1,-1.000000,""
1485,w0,147,1227829.000000,64,3600.000000,1,COMPLETED_SUCCESSFULLY,1227829.000000,147.000000,1227976.000000,0.000000,147.000000,1.000000,0-63,-1.000000,""
1486,w0,517,1227833.000000,64,720.000000,1,COMPLETED_SUCCESSFULLY,1227833.000000,517.000000,1228350.000000,0.000000,517.000000,1.000000,64-127,-1.000000,""
1487,w0,19,1230293.000000,1,1800.000000,1,COMPLETED_SUCCESSFULLY,1230293.000000,19.000000,1230312.000000,0.000000,19.000000,1.000000,0,-1.000000,""
1488,w0,271,1230514.000000,64,1800.000000,1,COMPLETED_SUCCESSFULLY,1230514.000000,271.000000,1230785.000000,0.000000,271.000000,1.000000,0-63,-1.000000,""
1489,w0,19,1230879.000000,1,1800.000000,1,COMPLETED_SUCCESSFULLY,1230879.000000,19.000000,1230898.000000,0.000000,19.000000,1.000000,0,-1.000000,""
1492,w0,195,1231110.000000,128,3600.000000,1,COMPLETED_SUCCESSFULLY,1231110.000000,195.000000,1231305.000000,0.000000,195.000000,1.000000,6-133,-1.000000,""
1543,w0,209,1236495.000000,4,1800.000000,1,COMPLETED_SUCCESSFULLY,1236495.000000,209.000000,1236704.000000,0.000000,209.000000,1.000000,166-169,-1.000000,""
1552,w0,3857,1243740.000000,1,28800.000000,1,COMPLETED_SUCCESSFULLY,1243740.000000,3857.000000,1247597.000000,0.000000,3857.000000,1.000000,166,-1.000000,""
1553,w0,4641,1243740.000000,1,28800.000000,1,COMPLETED_SUCCESSFULLY,1243740.000000,4641.000000,1248381.000000,0.000000,4641.000000,1.000000,167,-1.000000,""
1554,w0,5433,1243741.000000,1,28800.000000,1,COMPLETED_SUCCESSFULLY,1243741.000000,5433.000000,1249174.000000,0.000000,5433.000000,1.000000,168,-1.000000,""
1493,w0,18066,1231153.000000,8,61740.000000,1,COMPLETED_SUCCESSFULLY,1231153.000000,18066.000000,1249219.000000,0.000000,18066.000000,1.000000,134-141,-1.000000,""
1496,w0,18126,1231225.000000,8,61740.000000,1,COMPLETED_SUCCESSFULLY,1231225.000000,18126.000000,1249351.000000,0.000000,18126.000000,1.000000,158-165,-1.000000,""
1499,w0,18047,1231227.000000,8,61740.000000,1,COMPLETED_SUCCESSFULLY,1231305.000000,18047.000000,1249352.000000,78.000000,18125.000000,1.004322,22-29,-1.000000,""
1500,w0,18078,1231227.000000,8,61740.000000,1,COMPLETED_SUCCESSFULLY,1231305.000000,18078.000000,1249383.000000,78.000000,18156.000000,1.004315,30-37,-1.000000,""
1497,w0,18140,1231225.000000,8,61740.000000,1,COMPLETED_SUCCESSFULLY,1231305.000000,18140.000000,1249445.000000,80.000000,18220.000000,1.004410,6-13,-1.000000,""
1495,w0,18223,1231224.000000,8,61740.000000,1,COMPLETED_SUCCESSFULLY,1231224.000000,18223.000000,1249447.000000,0.000000,18223.000000,1.000000,150-157,-1.000000,""
1512,w0,18160,1231234.000000,8,61740.000000,1,COMPLETED_SUCCESSFULLY,1231305.000000,18160.000000,1249465.000000,71.000000,18231.000000,1.003910,126-133,-1.000000,""
1504,w0,18165,1231230.000000,8,61740.000000,1,COMPLETED_SUCCESSFULLY,1231305.000000,18165.000000,1249470.000000,75.000000,18240.000000,1.004129,62-69,-1.000000,""
1494,w0,18247,1231224.000000,8,61740.000000,1,COMPLETED_SUCCESSFULLY,1231224.000000,18247.000000,1249471.000000,0.000000,18247.000000,1.000000,142-149,-1.000000,""
1503,w0,18200,1231229.000000,8,61740.000000,1,COMPLETED_SUCCESSFULLY,1231305.000000,18200.000000,1249505.000000,76.000000,18276.000000,1.004176,54-61,-1.000000,""
1498,w0,18239,1231226.000000,8,61740.000000,1,COMPLETED_SUCCESSFULLY,1231305.000000,18239.000000,1249544.000000,79.000000,18318.000000,1.004331,14-21,-1.000000,""
1511,w0,18290,1231234.000000,8,61740.000000,1,COMPLETED_SUCCESSFULLY,1231305.000000,18290.000000,1249595.000000,71.000000,18361.000000,1.003882,118-125,-1.000000,""
1506,w0,18297,1231231.000000,8,61740.000000,1,COMPLETED_SUCCESSFULLY,1231305.000000,18297.000000,1249602.000000,74.000000,18371.000000,1.004044,78-85,-1.000000,""
1501,w0,18307,1231228.000000,8,61740.000000,1,COMPLETED_SUCCESSFULLY,1231305.000000,18307.000000,1249612.000000,77.000000,18384.000000,1.004206,38-45,-1.000000,""
1502,w0,18331,1231228.000000,8,61740.000000,1,COMPLETED_SUCCESSFULLY,1231305.000000,18331.000000,1249636.000000,77.000000,18408.000000,1.004201,46-53,-1.000000,""
1508,w0,18439,1231232.000000,8,61740.000000,1,COMPLETED_SUCCESSFULLY,1231305.000000,18439.000000,1249744.000000,73.000000,18512.000000,1.003959,94-101,-1.000000,""
1509,w0,18442,1231233.000000,8,61740.000000,1,COMPLETED_SUCCESSFULLY,1231305.000000,18442.000000,1249747.000000,72.000000,18514.000000,1.003904,102-109,-1.000000,""
1507,w0,18473,1231231.000000,8,61740.000000,1,COMPLETED_SUCCESSFULLY,1231305.000000,18473.000000,1249778.000000,74.000000,18547.000000,1.004006,86-93,-1.000000,""
1510,w0,18478,1231233.000000,8,61740.000000,1,COMPLETED_SUCCESSFULLY,1231305.000000,18478.000000,1249783.000000,72.000000,18550.000000,1.003897,110-117,-1.000000,""
1537,w0,48,1233618.000000,8,600.000000,1,COMPLETED_SUCCESSFULLY,1249747.000000,48.000000,1249795.000000,16129.000000,16177.000000,337.020833,102-109,-1.000000,""
1505,w0,18510,1231230.000000,8,61740.000000,1,COMPLETED_SUCCESSFULLY,1231305.000000,18510.000000,1249815.000000,75.000000,18585.000000,1.004052,70-77,-1.000000,""
1555,w0,6217,1243742.000000,1,28800.000000,1,COMPLETED_SUCCESSFULLY,1243742.000000,6217.000000,1249959.000000,0.000000,6217.000000,1.000000,169,-1.000000,""
1556,w0,7021,1243742.000000,1,28800.000000,1,COMPLETED_SUCCESSFULLY,1243742.000000,7021.000000,1250763.000000,0.000000,7021.000000,1.000000,170,-1.000000,""
1544,w0,1711,1237135.000000,8,3540.000000,1,COMPLETED_SUCCESSFULLY,1249795.000000,1711.000000,1251506.000000,12660.000000,14371.000000,8.399182,102-109,-1.000000,""
1546,w0,361,1237844.000000,8,61740.000000,1,COMPLETED_SUCCESSFULLY,1251506.000000,361.000000,1251867.000000,13662.000000,14023.000000,38.844875,102-109,-1.000000,""
1547,w0,646,1239587.000000,8,14340.000000,1,COMPLETED_SUCCESSFULLY,1251867.000000,646.000000,1252513.000000,12280.000000,12926.000000,20.009288,102-109,-1.000000,""
1549,w0,70,1240580.000000,8,3540.000000,1,COMPLETED_SUCCESSFULLY,1252513.000000,70.000000,1252583.000000,11933.000000,12003.000000,171.471429,102-109,-1.000000,""
1550,w0,974,1240813.000000,8,3540.000000,1,COMPLETED_SUCCESSFULLY,1252583.000000,974.000000,1253557.000000,11770.000000,12744.000000,13.084189,102-109,-1.000000,""
1551,w0,65,1242166.000000,8,3540.000000,1,COMPLETED_SUCCESSFULLY,1253557.000000,65.000000,1253622.000000,11391.000000,11456.000000,176.246154,102-109,-1.000000,""
1557,w0,8518,1243743.000000,1,28800.000000,1,COMPLETED_SUCCESSFULLY,1247597.000000,8518.000000,1256115.000000,3854.000000,12372.000000,1.452454,166,-1.000000,""
1558,w0,7785,1243743.000000,1,28800.000000,1,COMPLETED_SUCCESSFULLY,1248381.000000,7785.000000,1256166.000000,4638.000000,12423.000000,1.595761,167,-1.000000,""
1559,w0,8803,1243744.000000,1,28800.000000,1,COMPLETED_SUCCESSFULLY,1249174.000000,8803.000000,1257977.000000,5430.000000,14233.000000,1.616835,168,-1.000000,""
1560,w0,8516,1243745.000000,1,28800.000000,1,COMPLETED_SUCCESSFULLY,1249959.000000,8516.000000,1258475.000000,6214.000000,14730.000000,1.729685,169,-1.000000,""
1569,w0,5455,1243750.000000,1,28800.000000,1,COMPLETED_SUCCESSFULLY,1253622.000000,5455.000000,1259077.000000,9872.000000,15327.000000,2.809716,109,-1.000000,""
1561,w0,8673,1243745.000000,1,28800.000000,1,COMPLETED_SUCCESSFULLY,1250763.000000,8673.000000,1259436.000000,7018.000000,15691.000000,1.809178,170,-1.000000,""
1540,w0,9720,1235236.000000,8,10800.000000,1,COMPLETED_SUCCESSFULLY,1249778.000000,9720.000000,1259498.000000,14542.000000,24262.000000,2.496091,86-93,-1.000000,""
1567,w0,5977,1243749.000000,1,28800.000000,1,COMPLETED_SUCCESSFULLY,1253622.000000,5977.000000,1259599.000000,9873.000000,15850.000000,2.651832,107,-1.000000,""
1568,w0,6325,1243749.000000,1,28800.000000,1,COMPLETED_SUCCESSFULLY,1253622.000000,6325.000000,1259947.000000,9873.000000,16198.000000,2.560949,108,-1.000000,""
1565,w0,7078,1243748.000000,1,28800.000000,1,COMPLETED_SUCCESSFULLY,1253622.000000,7078.000000,1260700.000000,9874.000000,16952.000000,2.395027,105,-1.000000,""
1570,w0,4834,1243751.000000,1,28800.000000,1,COMPLETED_SUCCESSFULLY,1256115.000000,4834.000000,1260949.000000,12364.000000,17198.000000,3.557716,166,-1.000000,""
1571,w0,4997,1243751.000000,1,28800.000000,1,COMPLETED_SUCCESSFULLY,1256166.000000,4997.000000,1261163.000000,12415.000000,17412.000000,3.484491,167,-1.000000,""
1590,w0,59,1246627.000000,1,3540.000000,1,COMPLETED_SUCCESSFULLY,1261163.000000,59.000000,1261222.000000,14536.000000,14595.000000,247.372881,167,-1.000000,""
1566,w0,7605,1243748.000000,1,28800.000000,1,COMPLETED_SUCCESSFULLY,1253622.000000,7605.000000,1261227.000000,9874.000000,17479.000000,2.298356,106,-1.000000,""
1591,w0,20,1247091.000000,1,1800.000000,1,COMPLETED_SUCCESSFULLY,1261222.000000,20.000000,1261242.000000,14131.000000,14151.000000,707.550000,167,-1.000000,""
1595,w0,19,1248617.000000,1,1800.000000,1,COMPLETED_SUCCESSFULLY,1261227.000000,19.000000,1261246.000000,12610.000000,12629.000000,664.684211,106,-1.000000,""
1596,w0,18,1250363.000000,1,1800.000000,1,COMPLETED_SUCCESSFULLY,1261242.000000,18.000000,1261260.000000,10879.000000,10897.000000,605.388889,167,-1.000000,""
1597,w0,18,1250624.000000,1,1800.000000,1,COMPLETED_SUCCESSFULLY,1261246.000000,18.000000,1261264.000000,10622.000000,10640.000000,591.111111,106,-1.000000,""
1598,w0,18,1251119.000000,1,1800.000000,1,COMPLETED_SUCCESSFULLY,1261260.000000,18.000000,1261278.000000,10141.000000,10159.000000,564.388889,167,-1.000000,""
1599,w0,17,1251375.000000,1,1800.000000,1,COMPLETED_SUCCESSFULLY,1261264.000000,17.000000,1261281.000000,9889.000000,9906.000000,582.705882,106,-1.000000,""
1600,w0,17,1251690.000000,1,1800.000000,1,COMPLETED_SUCCESSFULLY,1261278.000000,17.000000,1261295.000000,9588.000000,9605.000000,565.000000,167,-1.000000,""
1603,w0,18,1252115.000000,1,1800.000000,1,COMPLETED_SUCCESSFULLY,1261281.000000,18.000000,1261299.000000,9166.000000,9184.000000,510.222222,106,-1.000000,""
1564,w0,7910,1243747.000000,1,28800.000000,1,COMPLETED_SUCCESSFULLY,1253622.000000,7910.000000,1261532.000000,9875.000000,17785.000000,2.248420,104,-1.000000,""
1562,w0,8132,1243746.000000,1,28800.000000,1,COMPLETED_SUCCESSFULLY,1253622.000000,8132.000000,1261754.000000,9876.000000,18008.000000,2.214461,102,-1.000000,""
1563,w0,8304,1243746.000000,1,28800.000000,1,COMPLETED_SUCCESSFULLY,1253622.000000,8304.000000,1261926.000000,9876.000000,18180.000000,2.189306,103,-1.000000,""
1584,w0,2468,1243759.000000,1,28800.000000,1,COMPLETED_SUCCESSFULLY,1259599.000000,2468.000000,1262067.000000,15840.000000,18308.000000,7.418152,107,-1.000000,""
1582,w0,2592,1243758.000000,1,28800.000000,1,COMPLETED_SUCCESSFULLY,1259498.000000,2592.000000,1262090.000000,15740.000000,18332.000000,7.072531,92,-1.000000,""
1583,w0,2648,1243758.000000,1,28800.000000,1,COMPLETED_SUCCESSFULLY,1259498.000000,2648.000000,1262146.000000,15740.000000,18388.000000,6.944109,93,-1.000000,""
1572,w0,4183,1243752.000000,1,28800.000000,1,COMPLETED_SUCCESSFULLY,1257977.000000,4183.000000,1262160.000000,14225.000000,18408.000000,4.400669,168,-1.000000,""
1580,w0,2734,1243757.000000,1,28800.000000,1,COMPLETED_SUCCESSFULLY,1259498.000000,2734.000000,1262232.000000,15741.000000,18475.000000,6.757498,90,-1.000000,""
1601,w0,725,1251957.000000,3,3540.000000,1,COMPLETED_SUCCESSFULLY,1261532.000000,725.000000,1262257.000000,9575.000000,10300.000000,14.206897,104 106 167,-1.000000,""
1581,w0,2835,1243757.000000,1,28800.000000,1,COMPLETED_SUCCESSFULLY,1259498.000000,2835.000000,1262333.000000,15741.000000,18576.000000,6.552381,91,-1.000000,""
1579,w0,2964,1243756.000000,1,28800.000000,1,COMPLETED_SUCCESSFULLY,1259498.000000,2964.000000,1262462.000000,15742.000000,18706.000000,6.311066,89,-1.000000,""
1585,w0,2527,1243759.000000,1,28800.000000,1,COMPLETED_SUCCESSFULLY,1259947.000000,2527.000000,1262474.000000,16188.000000,18715.000000,7.406015,108,-1.000000,""
1602,w0,503,1251960.000000,3,3540.000000,1,COMPLETED_SUCCESSFULLY,1262067.000000,503.000000,1262570.000000,10107.000000,10610.000000,21.093439,102-103 107,-1.000000,""
1577,w0,3097,1243755.000000,1,28800.000000,1,COMPLETED_SUCCESSFULLY,1259498.000000,3097.000000,1262595.000000,15743.000000,18840.000000,6.083306,87,-1.000000,""
1578,w0,3241,1243755.000000,1,28800.000000,1,COMPLETED_SUCCESSFULLY,1259498.000000,3241.000000,1262739.000000,15743.000000,18984.000000,5.857451,88,-1.000000,""
1575,w0,3423,1243754.000000,1,28800.000000,1,COMPLETED_SUCCESSFULLY,1259436.000000,3423.000000,1262859.000000,15682.000000,19105.000000,5.581361,170,-1.000000,""
1593,w0,634,1247725.000000,4,3540.000000,1,COMPLETED_SUCCESSFULLY,1262232.000000,634.000000,1262866.000000,14507.000000,15141.000000,23.881703,90 92-93 168,-1.000000,""
1574,w0,3877,1243753.000000,1,28800.000000,1,COMPLETED_SUCCESSFULLY,1259077.000000,3877.000000,1262954.000000,15324.000000,19201.000000,4.952541,109,-1.000000,""
1573,w0,4524,1243752.000000,1,28800.000000,1,COMPLETED_SUCCESSFULLY,1258475.000000,4524.000000,1262999.000000,14723.000000,19247.000000,4.254421,169,-1.000000,""
1586,w0,2428,1243760.000000,1,28800.000000,1,COMPLETED_SUCCESSFULLY,1260700.000000,2428.000000,1263128.000000,16940.000000,19368.000000,7.976936,105,-1.000000,""
1576,w0,3631,1243754.000000,1,28800.000000,1,COMPLETED_SUCCESSFULLY,1259498.000000,3631.000000,1263129.000000,15744.000000,19375.000000,5.335996,86,-1.000000,""
1594,w0,937,1247779.000000,4,3540.000000,1,COMPLETED_SUCCESSFULLY,1262333.000000,937.000000,1263270.000000,14554.000000,15491.000000,16.532551,91 104 106 167,-1.000000,""
1587,w0,2398,1243761.000000,1,28800.000000,1,COMPLETED_SUCCESSFULLY,1260949.000000,2398.000000,1263347.000000,17188.000000,19586.000000,8.167640,166,-1.000000,""
1604,w0,3643,1262726.000000,2,18000.000000,1,COMPLETED_SUCCESSFULLY,1262726.000000,3643.000000,1266369.000000,0.000000,3643.000000,1.000000,87 89,-1.000000,""
1536,w0,45,1233586.000000,16,600.000000,1,COMPLETED_SUCCESSFULLY,1266369.000000,45.000000,1266414.000000,32783.000000,32828.000000,729.511111,86-87 89 91 103-109 166-170,-1.000000,""
1605,w0,3627,1262831.000000,2,18000.000000,1,COMPLETED_SUCCESSFULLY,1262831.000000,3627.000000,1266458.000000,0.000000,3627.000000,1.000000,88 102,-1.000000,""
1545,w0,17004,1237842.000000,8,61740.000000,1,COMPLETED_SUCCESSFULLY,1249815.000000,17004.000000,1266819.000000,11973.000000,28977.000000,1.704128,70-77,-1.000000,""
1514,w0,18017,1231236.000000,8,61740.000000,1,COMPLETED_SUCCESSFULLY,1249351.000000,18017.000000,1267368.000000,18115.000000,36132.000000,2.005439,158-165,-1.000000,""
1513,w0,18154,1231235.000000,8,61740.000000,1,COMPLETED_SUCCESSFULLY,1249219.000000,18154.000000,1267373.000000,17984.000000,36138.000000,1.990636,134-141,-1.000000,""
1515,w0,18050,1231236.000000,8,61740.000000,1,COMPLETED_SUCCESSFULLY,1249352.000000,18050.000000,1267402.000000,18116.000000,36166.000000,2.003657,22-29,-1.000000,""
1525,w0,17978,1231243.000000,8,61740.000000,1,COMPLETED_SUCCESSFULLY,1249602.000000,17978.000000,1267580.000000,18359.000000,36337.000000,2.021193,78-85,-1.000000,""
1522,w0,18099,1231241.000000,8,61740.000000,1,COMPLETED_SUCCESSFULLY,1249505.000000,18099.000000,1267604.000000,18264.000000,36363.000000,2.009117,54-61,-1.000000,""
1520,w0,18157,1231239.000000,8,61740.000000,1,COMPLETED_SUCCESSFULLY,1249470.000000,18157.000000,1267627.000000,18231.000000,36388.000000,2.004076,62-69,-1.000000,""
1535,w0,45,1233580.000000,32,600.000000,1,COMPLETED_SUCCESSFULLY,1267604.000000,45.000000,1267649.000000,34024.000000,34069.000000,757.088889,22-29 54-61 78-85 134-141,-1.000000,""
1516,w0,18272,1231237.000000,8,61740.000000,1,COMPLETED_SUCCESSFULLY,1249383.000000,18272.000000,1267655.000000,18146.000000,36418.000000,1.993104,30-37,-1.000000,""
1519,w0,18196,1231239.000000,8,61740.000000,1,COMPLETED_SUCCESSFULLY,1249465.000000,18196.000000,1267661.000000,18226.000000,36422.000000,2.001649,126-133,-1.000000,""
1527,w0,18059,1231244.000000,8,61740.000000,1,COMPLETED_SUCCESSFULLY,1249636.000000,18059.000000,1267695.000000,18392.000000,36451.000000,2.018440,46-53,-1.000000,""
1532,w0,361,1232657.000000,32,1200.000000,1,COMPLETED_SUCCESSFULLY,1267368.000000,361.000000,1267729.000000,34711.000000,35072.000000,97.152355,70-77 86-89 91 102-109 158-168,-1.000000,""
1521,w0,18288,1231240.000000,8,61740.000000,1,COMPLETED_SUCCESSFULLY,1249471.000000,18288.000000,1267759.000000,18231.000000,36519.000000,1.996883,142-149,-1.000000,""
1517,w0,18315,1231237.000000,8,61740.000000,1,COMPLETED_SUCCESSFULLY,1249445.000000,18315.000000,1267760.000000,18208.000000,36523.000000,1.994158,6-13,-1.000000,""
1526,w0,18162,1231243.000000,8,61740.000000,1,COMPLETED_SUCCESSFULLY,1249612.000000,18162.000000,1267774.000000,18369.000000,36531.000000,2.011397,38-45,-1.000000,""
1518,w0,18352,1231238.000000,8,61740.000000,1,COMPLETED_SUCCESSFULLY,1249447.000000,18352.000000,1267799.000000,18209.000000,36561.000000,1.992208,150-157,-1.000000,""
1523,w0,18262,1231241.000000,8,61740.000000,1,COMPLETED_SUCCESSFULLY,1249544.000000,18262.000000,1267806.000000,18303.000000,36565.000000,2.002245,14-21,-1.000000,""
1528,w0,18119,1231244.000000,8,61740.000000,1,COMPLETED_SUCCESSFULLY,1249744.000000,18119.000000,1267863.000000,18500.000000,36619.000000,2.021028,94-101,-1.000000,""
1524,w0,18337,1231242.000000,8,61740.000000,1,COMPLETED_SUCCESSFULLY,1249595.000000,18337.000000,1267932.000000,18353.000000,36690.000000,2.000873,118-125,-1.000000,""
1530,w0,371,1231699.000000,64,1800.000000,1,COMPLETED_SUCCESSFULLY,1267729.000000,371.000000,1268100.000000,36030.000000,36401.000000,98.115903,30-37 46-53 70-77 86-89 91 102-109 126-141 158-168,-1.000000,""
1531,w0,161,1232576.000000,64,600.000000,1,COMPLETED_SUCCESSFULLY,1268100.000000,161.000000,1268261.000000,35524.000000,35685.000000,221.645963,6-21 30-53 70-77 86-89 91 94-104,-1.000000,""
1533,w0,135,1232835.000000,64,600.000000,1,COMPLETED_SUCCESSFULLY,1268261.000000,135.000000,1268396.000000,35426.000000,35561.000000,263.414815,6-21 30-53 70-77 86-89 91 94-104,-1.000000,""
1534,w0,52,1232841.000000,64,600.000000,1,COMPLETED_SUCCESSFULLY,1268396.000000,52.000000,1268448.000000,35555.000000,35607.000000,684.750000,6-21 30-53 70-77 86-89 91 94-104,-1.000000,""
1538,w0,34,1233727.000000,103,1800.000000,1,COMPLETED_SUCCESSFULLY,1268448.000000,34.000000,1268482.000000,34721.000000,34755.000000,1022.205882,6-21 30-53 70-77 86-89 91 94-109 118-151,-1.000000,""
1542,w0,230,1236467.000000,103,1800.000000,1,COMPLETED_SUCCESSFULLY,1268482.000000,230.000000,1268712.000000,32015.000000,32245.000000,140.195652,6-21 30-53 70-77 86-89 91 94-109 118-151,-1.000000,""
1490,w0,39812,1230942.000000,3,54000.000000,1,COMPLETED_SUCCESSFULLY,1230942.000000,39812.000000,1270754.000000,0.000000,39812.000000,1.000000,0-2,-1.000000,""
1491,w0,39928,1230965.000000,3,54000.000000,1,COMPLETED_SUCCESSFULLY,1230965.000000,39928.000000,1270893.000000,0.000000,39928.000000,1.000000,3-5,-1.000000,""
1548,w0,3517,1240150.000000,64,14400.000000,1,COMPLETED_SUCCESSFULLY,1268712.000000,3517.000000,1272229.000000,28562.000000,32079.000000,9.121126,6-21 30-53 70-77 86-89 91 94-104,-1.000000,""
1589,w0,50,1245469.000000,64,28800.000000,1,COMPLETED_SUCCESSFULLY,1272229.000000,50.000000,1272279.000000,26760.000000,26810.000000,536.200000,6-21 30-53 70-77 86-89 91 94-104,-1.000000,""
1592,w0,95,1247496.000000,64,600.000000,1,COMPLETED_SUCCESSFULLY,1272279.000000,95.000000,1272374.000000,24783.000000,24878.000000,261.873684,6-21 30-53 70-77 86-89 91 94-104,-1.000000,""
1607,w0,183,1272340.000000,64,600.000000,1,COMPLETED_SUCCESSFULLY,1272374.000000,183.000000,1272557.000000,34.000000,217.000000,1.185792,6-21 30-53 70-77 86-89 91 94-104,-1.000000,""
1608,w0,143,1272356.000000,64,600.000000,1,COMPLETED_SUCCESSFULLY,1272557.000000,143.000000,1272700.000000,201.000000,344.000000,2.405594,6-21 30-53 70-77 86-89 91 94-104,-1.000000,""
1609,w0,52,1272363.000000,64,600.000000,1,COMPLETED_SUCCESSFULLY,1272700.000000,52.000000,1272752.000000,337.000000,389.000000,7.480769,6-21 30-53 70-77 86-89 91 94-104,-1.000000,""
1611,w0,45,1272392.000000,16,600.000000,1,COMPLETED_SUCCESSFULLY,1272752.000000,45.000000,1272797.000000,360.000000,405.000000,9.000000,46-53 70-77,-1.000000,""
1610,w0,48,1272375.000000,32,600.000000,1,COMPLETED_SUCCESSFULLY,1272752.000000,48.000000,1272800.000000,377.000000,425.000000,8.854167,6-21 30-45,-1.000000,""
1539,w0,7841,1233895.000000,32,55200.000000,1,COMPLETED_SUCCESSFULLY,1267649.000000,7841.000000,1275490.000000,33754.000000,41595.000000,5.304808,22-29 54-69 78-85,-1.000000,""
1541,w0,26142,1235306.000000,8,32400.000000,1,COMPLETED_SUCCESSFULLY,1249783.000000,26142.000000,1275925.000000,14477.000000,40619.000000,1.553783,110-117,-1.000000,""
1614,w0,52,1277080.000000,1,1200.000000,1,COMPLETED_SUCCESSFULLY,1277080.000000,52.000000,1277132.000000,0.000000,52.000000,1.000000,70,-1.000000,""
1615,w0,22,1277311.000000,4,14400.000000,1,COMPLETED_SUCCESSFULLY,1277311.000000,22.000000,1277333.000000,0.000000,22.000000,1.000000,70-73,-1.000000,""
1616,w0,51,1277616.000000,1,1200.000000,1,COMPLETED_SUCCESSFULLY,1277616.000000,51.000000,1277667.000000,0.000000,51.000000,1.000000,70,-1.000000,""
1617,w0,21,1277896.000000,4,14400.000000,1,COMPLETED_SUCCESSFULLY,1277896.000000,21.000000,1277917.000000,0.000000,21.000000,1.000000,70-73,-1.000000,""
1618,w0,21,1278297.000000,4,14400.000000,1,COMPLETED_SUCCESSFULLY,1278297.000000,21.000000,1278318.000000,0.000000,21.000000,1.000000,70-73,-1.000000,""
1619,w0,94,1279194.000000,1,1200.000000,1,COMPLETED_SUCCESSFULLY,1279194.000000,94.000000,1279288.000000,0.000000,94.000000,1.000000,70,-1.000000,""
1621,w0,145,1280411.000000,1,1200.000000,1,COMPLETED_SUCCESSFULLY,1280411.000000,145.000000,1280556.000000,0.000000,145.000000,1.000000,74,-1.000000,""
1622,w0,149,1280790.000000,1,1200.000000,1,COMPLETED_SUCCESSFULLY,1280790.000000,149.000000,1280939.000000,0.000000,149.000000,1.000000,74,-1.000000,""
1624,w0,583,1281178.000000,1,3540.000000,1,COMPLETED_SUCCESSFULLY,1281178.000000,583.000000,1281761.000000,0.000000,583.000000,1.000000,75,-1.000000,""
1623,w0,887,1281135.000000,1,3540.000000,1,COMPLETED_SUCCESSFULLY,1281135.000000,887.000000,1282022.000000,0.000000,887.000000,1.000000,74,-1.000000,""
1588,w0,16276,1245077.000000,64,21600.000000,1,COMPLETED_SUCCESSFULLY,1270893.000000,16276.000000,1287169.000000,25816.000000,42092.000000,2.586139,0-5 105-109 118-170,-1.000000,""
1628,w0,27,1288324.000000,2,1800.000000,1,COMPLETED_SUCCESSFULLY,1288324.000000,27.000000,1288351.000000,0.000000,27.000000,1.000000,143-144,-1.000000,""
1629,w0,27,1288781.000000,2,1800.000000,1,COMPLETED_SUCCESSFULLY,1288781.000000,27.000000,1288808.000000,0.000000,27.000000,1.000000,143-144,-1.000000,""
1630,w0,28,1288890.000000,4,1800.000000,1,COMPLETED_SUCCESSFULLY,1288890.000000,28.000000,1288918.000000,0.000000,28.000000,1.000000,143-146,-1.000000,""
1620,w0,10393,1279321.000000,4,14400.000000,1,COMPLETED_SUCCESSFULLY,1279321.000000,10393.000000,1289714.000000,0.000000,10393.000000,1.000000,70-73,-1.000000,""
1626,w0,861,1287051.000000,32,1200.000000,1,COMPLETED_SUCCESSFULLY,1289714.000000,861.000000,1290575.000000,2663.000000,3524.000000,4.092915,70-73 143-170,-1.000000,""
1625,w0,3955,1285947.000000,64,14400.000000,1,COMPLETED_SUCCESSFULLY,1287169.000000,3955.000000,1291124.000000,1222.000000,5177.000000,1.308976,0-5 74-85 97-142,-1.000000,""
1631,w0,20,1290539.000000,1,1800.000000,1,COMPLETED_SUCCESSFULLY,1291124.000000,20.000000,1291144.000000,585.000000,605.000000,30.250000,0,-1.000000,""
1632,w0,491,1290998.000000,64,1800.000000,1,COMPLETED_SUCCESSFULLY,1291144.000000,491.000000,1291635.000000,146.000000,637.000000,1.297352,0-5 74-85 97-142,-1.000000,""
1633,w0,290,1291218.000000,8,600.000000,1,COMPLETED_SUCCESSFULLY,1291635.000000,290.000000,1291925.000000,417.000000,707.000000,2.437931,0-5 74-75,-1.000000,""
1634,w0,1095,1291905.000000,32,3600.000000,1,COMPLETED_SUCCESSFULLY,1291905.000000,1095.000000,1293000.000000,0.000000,1095.000000,1.000000,76-85 97-118,-1.000000,""
1636,w0,548,1293339.000000,64,720.000000,1,COMPLETED_SUCCESSFULLY,1293339.000000,548.000000,1293887.000000,0.000000,548.000000,1.000000,0-5 74-85 97-142,-1.000000,""
1637,w0,46,1293423.000000,1,3540.000000,1,COMPLETED_SUCCESSFULLY,1293887.000000,46.000000,1293933.000000,464.000000,510.000000,11.086957,0,-1.000000,""
1638,w0,50,1295082.000000,1,3540.000000,1,COMPLETED_SUCCESSFULLY,1295082.000000,50.000000,1295132.000000,0.000000,50.000000,1.000000,0,-1.000000,""
1639,w0,35,1295273.000000,1,3540.000000,1,COMPLETED_SUCCESSFULLY,1295273.000000,35.000000,1295308.000000,0.000000,35.000000,1.000000,0,-1.000000,""
1640,w0,175,1295748.000000,1,1800.000000,1,COMPLETED_SUCCESSFULLY,1295748.000000,175.000000,1295923.000000,0.000000,175.000000,1.000000,0,-1.000000,""
1641,w0,16,1295914.000000,1,540.000000,1,COMPLETED_SUCCESSFULLY,1295914.000000,16.000000,1295930.000000,0.000000,16.000000,1.000000,1,-1.000000,""
1643,w0,31,1296090.000000,4,1830.000000,1,COMPLETED_SUCCESSFULLY,1296090.000000,31.000000,1296121.000000,0.000000,31.000000,1.000000,1-4,-1.000000,""
1642,w0,46,1296085.000000,1,540.000000,1,COMPLETED_SUCCESSFULLY,1296085.000000,46.000000,1296131.000000,0.000000,46.000000,1.000000,0,-1.000000,""
1644,w0,31,1296329.000000,4,1830.000000,1,COMPLETED_SUCCESSFULLY,1296329.000000,31.000000,1296360.000000,0.000000,31.000000,1.000000,0-3,-1.000000,""
1645,w0,22,1296386.000000,4,14400.000000,1,COMPLETED_SUCCESSFULLY,1296386.000000,22.000000,1296408.000000,0.000000,22.000000,1.000000,0-3,-1.000000,""
1646,w0,23,1296445.000000,1,1800.000000,1,COMPLETED_SUCCESSFULLY,1296445.000000,23.000000,1296468.000000,0.000000,23.000000,1.000000,0,-1.000000,""
1647,w0,22,1296583.000000,2,600.000000,1,COMPLETED_SUCCESSFULLY,1296583.000000,22.000000,1296605.000000,0.000000,22.000000,1.000000,0-1,-1.000000,""
1648,w0,40,1296695.000000,1,1800.000000,1,COMPLETED_SUCCESSFULLY,1296695.000000,40.000000,1296735.000000,0.000000,40.000000,1.000000,0,-1.000000,""
1649,w0,27,1296832.000000,2,600.000000,1,COMPLETED_SUCCESSFULLY,1296832.000000,27.000000,1296859.000000,0.000000,27.000000,1.000000,0-1,-1.000000,""
1650,w0,48,1297134.000000,2,600.000000,1,COMPLETED_SUCCESSFULLY,1297134.000000,48.000000,1297182.000000,0.000000,48.000000,1.000000,0-1,-1.000000,""
1651,w0,65,1297377.000000,2,14400.000000,1,COMPLETED_SUCCESSFULLY,1297377.000000,65.000000,1297442.000000,0.000000,65.000000,1.000000,0-1,-1.000000,""
1652,w0,577,1297616.000000,4,1830.000000,1,COMPLETED_SUCCESSFULLY,1297616.000000,577.000000,1298193.000000,0.000000,577.000000,1.000000,0-3,-1.000000,""
1654,w0,20,1298179.000000,1,1800.000000,1,COMPLETED_SUCCESSFULLY,1298179.000000,20.000000,1298199.000000,0.000000,20.000000,1.000000,115,-1.000000,""
1655,w0,163,1298486.000000,1,1800.000000,1,COMPLETED_SUCCESSFULLY,1298486.000000,163.000000,1298649.000000,0.000000,163.000000,1.000000,0,-1.000000,""
1627,w0,8442,1287550.000000,32,55200.000000,1,COMPLETED_SUCCESSFULLY,1290575.000000,8442.000000,1299017.000000,3025.000000,11467.000000,1.358327,70-73 143-170,-1.000000,""
1656,w0,165,1299018.000000,1,1800.000000,1,COMPLETED_SUCCESSFULLY,1299018.000000,165.000000,1299183.000000,0.000000,165.000000,1.000000,0,-1.000000,""
1657,w0,658,1299523.000000,4,1830.000000,1,COMPLETED_SUCCESSFULLY,1299523.000000,658.000000,1300181.000000,0.000000,658.000000,1.000000,0-3,-1.000000,""
1658,w0,67,1300165.000000,2,14400.000000,1,COMPLETED_SUCCESSFULLY,1300165.000000,67.000000,1300232.000000,0.000000,67.000000,1.000000,70-71,-1.000000,""
1613,w0,24885,1272819.000000,64,28800.000000,1,COMPLETED_SUCCESSFULLY,1275490.000000,24885.000000,1300375.000000,2671.000000,27556.000000,1.107334,6-69,-1.000000,""
1660,w0,266,1301368.000000,1,1800.000000,1,COMPLETED_SUCCESSFULLY,1301368.000000,266.000000,1301634.000000,0.000000,266.000000,1.000000,1,-1.000000,""
1612,w0,29138,1272616.000000,8,32400.000000,1,COMPLETED_SUCCESSFULLY,1272752.000000,29138.000000,1301890.000000,136.000000,29274.000000,1.004667,86-89 91 94-96,-1.000000,""
1734,w0,28,1303333.000000,8,120.000000,1,COMPLETED_SUCCESSFULLY,1303333.000000,28.000000,1303361.000000,0.000000,28.000000,1.000000,116-123,-1.000000,""
1735,w0,50,1303762.000000,2,600.000000,1,COMPLETED_SUCCESSFULLY,1303762.000000,50.000000,1303812.000000,0.000000,50.000000,1.000000,116-117,-1.000000,""
1659,w0,3040,1301035.000000,1,7140.000000,1,COMPLETED_SUCCESSFULLY,1301035.000000,3040.000000,1304075.000000,0.000000,3040.000000,1.000000,0,-1.000000,""
1606,w0,41110,1263115.000000,3,54000.000000,1,COMPLETED_SUCCESSFULLY,1263115.000000,41110.000000,1304225.000000,0.000000,41110.000000,1.000000,90 92-93,-1.000000,""
1736,w0,30,1304448.000000,8,120.000000,1,COMPLETED_SUCCESSFULLY,1304448.000000,30.000000,1304478.000000,0.000000,30.000000,1.000000,0 90 92-93 116-119,-1.000000,""
1696,w0,2409,1302245.000000,1,28800.000000,1,COMPLETED_SUCCESSFULLY,1302245.000000,2409.000000,1304654.000000,0.000000,2409.000000,1.000000,38,-1.000000,""
1698,w0,2416,1302246.000000,1,28800.000000,1,COMPLETED_SUCCESSFULLY,1302246.000000,2416.000000,1304662.000000,0.000000,2416.000000,1.000000,40,-1.000000,""
1700,w0,2416,1302247.000000,1,28800.000000,1,COMPLETED_SUCCESSFULLY,1302247.000000,2416.000000,1304663.000000,0.000000,2416.000000,1.000000,42,-1.000000,""
1697,w0,2420,1302245.000000,1,28800.000000,1,COMPLETED_SUCCESSFULLY,1302245.000000,2420.000000,1304665.000000,0.000000,2420.000000,1.000000,39,-1.000000,""
1701,w0,2438,1302248.000000,1,28800.000000,1,COMPLETED_SUCCESSFULLY,1302248.000000,2438.000000,1304686.000000,0.000000,2438.000000,1.000000,43,-1.000000,""
1699,w0,2441,1302247.000000,1,28800.000000,1,COMPLETED_SUCCESSFULLY,1302247.000000,2441.000000,1304688.000000,0.000000,2441.000000,1.000000,41,-1.000000,""
1694,w0,2459,1302244.000000,1,28800.000000,1,COMPLETED_SUCCESSFULLY,1302244.000000,2459.000000,1304703.000000,0.000000,2459.000000,1.000000,36,-1.000000,""
1703,w0,2480,1302249.000000,1,28800.000000,1,COMPLETED_SUCCESSFULLY,1302249.000000,2480.000000,1304729.000000,0.000000,2480.000000,1.000000,45,-1.000000,""
1695,w0,2489,1302244.000000,1,28800.000000,1,COMPLETED_SUCCESSFULLY,1302244.000000,2489.000000,1304733.000000,0.000000,2489.000000,1.000000,37,-1.000000,""
1702,w0,2506,1302249.000000,1,28800.000000,1,COMPLETED_SUCCESSFULLY,1302249.000000,2506.000000,1304755.000000,0.000000,2506.000000,1.000000,44,-1.000000,""
1693,w0,2533,1302243.000000,1,28800.000000,1,COMPLETED_SUCCESSFULLY,1302243.000000,2533.000000,1304776.000000,0.000000,2533.000000,1.000000,35,-1.000000,""
1704,w0,2567,1302250.000000,1,28800.000000,1,COMPLETED_SUCCESSFULLY,1302250.000000,2567.000000,1304817.000000,0.000000,2567.000000,1.000000,46,-1.000000,""
1691,w0,2598,1302242.000000,1,28800.000000,1,COMPLETED_SUCCESSFULLY,1302242.000000,2598.000000,1304840.000000,0.000000,2598.000000,1.000000,33,-1.000000,""
1706,w0,2620,1302251.000000,1,28800.000000,1,COMPLETED_SUCCESSFULLY,1302251.000000,2620.000000,1304871.000000,0.000000,2620.000000,1.000000,48,-1.000000,""
1692,w0,2672,1302242.000000,1,28800.000000,1,COMPLETED_SUCCESSFULLY,1302242.000000,2672.000000,1304914.000000,0.000000,2672.000000,1.000000,34,-1.000000,""
1705,w0,2700,1302251.000000,1,28800.000000,1,COMPLETED_SUCCESSFULLY,1302251.000000,2700.000000,1304951.000000,0.000000,2700.000000,1.000000,47,-1.000000,""
1690,w0,2765,1302241.000000,1,28800.000000,1,COMPLETED_SUCCESSFULLY,1302241.000000,2765.000000,1305006.000000,0.000000,2765.000000,1.000000,32,-1.000000,""
1707,w0,2773,1302252.000000,1,28800.000000,1,COMPLETED_SUCCESSFULLY,1302252.000000,2773.000000,1305025.000000,0.000000,2773.000000,1.000000,49,-1.000000,""
1688,w0,2884,1302240.000000,1,28800.000000,1,COMPLETED_SUCCESSFULLY,1302240.000000,2884.000000,1305124.000000,0.000000,2884.000000,1.000000,30,-1.000000,""
1708,w0,2900,1302252.000000,1,28800.000000,1,COMPLETED_SUCCESSFULLY,1302252.000000,2900.000000,1305152.000000,0.000000,2900.000000,1.000000,50,-1.000000,""
1689,w0,2963,1302240.000000,1,28800.000000,1,COMPLETED_SUCCESSFULLY,1302240.000000,2963.000000,1305203.000000,0.000000,2963.000000,1.000000,31,-1.000000,""
1709,w0,3010,1302253.000000,1,28800.000000,1,COMPLETED_SUCCESSFULLY,1302253.000000,3010.000000,1305263.000000,0.000000,3010.000000,1.000000,51,-1.000000,""
1687,w0,3129,1302239.000000,1,28800.000000,1,COMPLETED_SUCCESSFULLY,1302239.000000,3129.000000,1305368.000000,0.000000,3129.000000,1.000000,29,-1.000000,""
1711,w0,3163,1302254.000000,1,28800.000000,1,COMPLETED_SUCCESSFULLY,1302254.000000,3163.000000,1305417.000000,0.000000,3163.000000,1.000000,53,-1.000000,""
1685,w0,3266,1302238.000000,1,28800.000000,1,COMPLETED_SUCCESSFULLY,1302238.000000,3266.000000,1305504.000000,0.000000,3266.000000,1.000000,27,-1.000000,""
1710,w0,3346,1302254.000000,1,28800.000000,1,COMPLETED_SUCCESSFULLY,1302254.000000,3346.000000,1305600.000000,0.000000,3346.000000,1.000000,52,-1.000000,""
1686,w0,3456,1302238.000000,1,28800.000000,1,COMPLETED_SUCCESSFULLY,1302238.000000,3456.000000,1305694.000000,0.000000,3456.000000,1.000000,28,-1.000000,""
1712,w0,3577,1302255.000000,1,28800.000000,1,COMPLETED_SUCCESSFULLY,1302255.000000,3577.000000,1305832.000000,0.000000,3577.000000,1.000000,54,-1.000000,""
1683,w0,3684,1302237.000000,1,28800.000000,1,COMPLETED_SUCCESSFULLY,1302237.000000,3684.000000,1305921.000000,0.000000,3684.000000,1.000000,25,-1.000000,""
1661,w0,3846,1302222.000000,1,28800.000000,1,COMPLETED_SUCCESSFULLY,1302222.000000,3846.000000,1306068.000000,0.000000,3846.000000,1.000000,1,-1.000000,""
1713,w0,3820,1302256.000000,1,28800.000000,1,COMPLETED_SUCCESSFULLY,1302256.000000,3820.000000,1306076.000000,0.000000,3820.000000,1.000000,55,-1.000000,""
1684,w0,3918,1302237.000000,1,28800.000000,1,COMPLETED_SUCCESSFULLY,1302237.000000,3918.000000,1306155.000000,0.000000,3918.000000,1.000000,26,-1.000000,""
1714,w0,4123,1302256.000000,1,28800.000000,1,COMPLETED_SUCCESSFULLY,1302256.000000,4123.000000,1306379.000000,0.000000,4123.000000,1.000000,56,-1.000000,""
1682,w0,4187,1302236.000000,1,28800.000000,1,COMPLETED_SUCCESSFULLY,1302236.000000,4187.000000,1306423.000000,0.000000,4187.000000,1.000000,24,-1.000000,""
1715,w0,4348,1302257.000000,1,28800.000000,1,COMPLETED_SUCCESSFULLY,1302257.000000,4348.000000,1306605.000000,0.000000,4348.000000,1.000000,57,-1.000000,""
1738,w0,1511,1305145.000000,8,7140.000000,1,COMPLETED_SUCCESSFULLY,1305145.000000,1511.000000,1306656.000000,0.000000,1511.000000,1.000000,30 32 34 41-45,-1.000000,""
1680,w0,4529,1302235.000000,1,28800.000000,1,COMPLETED_SUCCESSFULLY,1302235.000000,4529.000000,1306764.000000,0.000000,4529.000000,1.000000,22,-1.000000,""
1662,w0,4599,1302223.000000,1,28800.000000,1,COMPLETED_SUCCESSFULLY,1302223.000000,4599.000000,1306822.000000,0.000000,4599.000000,1.000000,2,-1.000000,""
1716,w0,4586,1302258.000000,1,28800.000000,1,COMPLETED_SUCCESSFULLY,1302258.000000,4586.000000,1306844.000000,0.000000,4586.000000,1.000000,58,-1.000000,""
1737,w0,2070,1304884.000000,8,7140.000000,1,COMPLETED_SUCCESSFULLY,1304884.000000,2070.000000,1306954.000000,0.000000,2070.000000,1.000000,0 33 35-40,-1.000000,""
1681,w0,4868,1302235.000000,1,28800.000000,1,COMPLETED_SUCCESSFULLY,1302235.000000,4868.000000,1307103.000000,0.000000,4868.000000,1.000000,23,-1.000000,""
1742,w0,56,1307094.000000,2,600.000000,1,COMPLETED_SUCCESSFULLY,1307094.000000,56.000000,1307150.000000,0.000000,56.000000,1.000000,0 2,-1.000000,""
1679,w0,5009,1302234.000000,1,28800.000000,1,COMPLETED_SUCCESSFULLY,1302234.000000,5009.000000,1307243.000000,0.000000,5009.000000,1.000000,21,-1.000000,""
1717,w0,5030,1302258.000000,1,28800.000000,1,COMPLETED_SUCCESSFULLY,1302258.000000,5030.000000,1307288.000000,0.000000,5030.000000,1.000000,59,-1.000000,""
1663,w0,5440,1302223.000000,1,28800.000000,1,COMPLETED_SUCCESSFULLY,1302223.000000,5440.000000,1307663.000000,0.000000,5440.000000,1.000000,3,-1.000000,""
1677,w0,5498,1302233.000000,1,28800.000000,1,COMPLETED_SUCCESSFULLY,1302233.000000,5498.000000,1307731.000000,0.000000,5498.000000,1.000000,19,-1.000000,""
1719,w0,5496,1302259.000000,1,28800.000000,1,COMPLETED_SUCCESSFULLY,1302259.000000,5496.000000,1307755.000000,0.000000,5496.000000,1.000000,61,-1.000000,""
1678,w0,6005,1302233.000000,1,28800.000000,1,COMPLETED_SUCCESSFULLY,1302233.000000,6005.000000,1308238.000000,0.000000,6005.000000,1.000000,20,-1.000000,""
1718,w0,6038,1302259.000000,1,28800.000000,1,COMPLETED_SUCCESSFULLY,1302259.000000,6038.000000,1308297.000000,0.000000,6038.000000,1.000000,60,-1.000000,""
1664,w0,6226,1302224.000000,1,28800.000000,1,COMPLETED_SUCCESSFULLY,1302224.000000,6226.000000,1308450.000000,0.000000,6226.000000,1.000000,6,-1.000000,""
1675,w0,6459,1302232.000000,1,28800.000000,1,COMPLETED_SUCCESSFULLY,1302232.000000,6459.000000,1308691.000000,0.000000,6459.000000,1.000000,17,-1.000000,""
1745,w0,222,1308481.000000,5,1800.000000,1,COMPLETED_SUCCESSFULLY,1308481.000000,222.000000,1308703.000000,0.000000,222.000000,1.000000,3 6 19-20 41,-1.000000,""
1720,w0,6559,1302260.000000,1,28800.000000,1,COMPLETED_SUCCESSFULLY,1302260.000000,6559.000000,1308819.000000,0.000000,6559.000000,1.000000,62,-1.000000,""
1746,w0,234,1308714.000000,64,600.000000,1,COMPLETED_SUCCESSFULLY,1308714.000000,234.000000,1308948.000000,0.000000,234.000000,1.000000,3 6 17 19-20 41-61 90 92-93 116-150,-1.000000,""
1747,w0,228,1308721.000000,64,600.000000,1,COMPLETED_SUCCESSFULLY,1308948.000000,228.000000,1309176.000000,227.000000,455.000000,1.995614,3 6 17 19-20 41-62 90 92-93 116-149,-1.000000,""
1722,w0,6957,1302261.000000,1,28800.000000,1,COMPLETED_SUCCESSFULLY,1302261.000000,6957.000000,1309218.000000,0.000000,6957.000000,1.000000,64,-1.000000,""
1666,w0,7017,1302225.000000,1,28800.000000,1,COMPLETED_SUCCESSFULLY,1302225.000000,7017.000000,1309242.000000,0.000000,7017.000000,1.000000,8,-1.000000,""
1676,w0,7040,1302232.000000,1,28800.000000,1,COMPLETED_SUCCESSFULLY,1302232.000000,7040.000000,1309272.000000,0.000000,7040.000000,1.000000,18,-1.000000,""
1753,w0,164,1309199.000000,5,1800.000000,1,COMPLETED_SUCCESSFULLY,1309199.000000,164.000000,1309363.000000,0.000000,164.000000,1.000000,60-62 90 92,-1.000000,""
1743,w0,1918,1307549.000000,8,7140.000000,1,COMPLETED_SUCCESSFULLY,1307549.000000,1918.000000,1309467.000000,0.000000,1918.000000,1.000000,0 2 21-24 30 32,-1.000000,""
1739,w0,3632,1305963.000000,2,7200.000000,1,COMPLETED_SUCCESSFULLY,1305963.000000,3632.000000,1309595.000000,0.000000,3632.000000,1.000000,25 27,-1.000000,""
1740,w0,3652,1305979.000000,2,7200.000000,1,COMPLETED_SUCCESSFULLY,1305979.000000,3652.000000,1309631.000000,0.000000,3652.000000,1.000000,28-29,-1.000000,""
1721,w0,7387,1302261.000000,1,28800.000000,1,COMPLETED_SUCCESSFULLY,1302261.000000,7387.000000,1309648.000000,0.000000,7387.000000,1.000000,63,-1.000000,""
1674,w0,7588,1302231.000000,1,28800.000000,1,COMPLETED_SUCCESSFULLY,1302231.000000,7588.000000,1309819.000000,0.000000,7588.000000,1.000000,16,-1.000000,""
1723,w0,7736,1302262.000000,1,28800.000000,1,COMPLETED_SUCCESSFULLY,1302262.000000,7736.000000,1309998.000000,0.000000,7736.000000,1.000000,65,-1.000000,""
1665,w0,7792,1302225.000000,1,28800.000000,1,COMPLETED_SUCCESSFULLY,1302225.000000,7792.000000,1310017.000000,0.000000,7792.000000,1.000000,7,-1.000000,""
1744,w0,2468,1307580.000000,8,7140.000000,1,COMPLETED_SUCCESSFULLY,1307580.000000,2468.000000,1310048.000000,0.000000,2468.000000,1.000000,33-40,-1.000000,""
1672,w0,7889,1302230.000000,1,28800.000000,1,COMPLETED_SUCCESSFULLY,1302230.000000,7889.000000,1310119.000000,0.000000,7889.000000,1.000000,14,-1.000000,""
1751,w0,210,1309032.000000,64,600.000000,1,COMPLETED_SUCCESSFULLY,1310048.000000,210.000000,1310258.000000,1016.000000,1226.000000,5.838095,0 2 7 16 21-25 27-30 32-40 62-65 90 92-93 116-150,-1.000000,""
1673,w0,8077,1302230.000000,1,28800.000000,1,COMPLETED_SUCCESSFULLY,1302230.000000,8077.000000,1310307.000000,0.000000,8077.000000,1.000000,15,-1.000000,""
1731,w0,8083,1302267.000000,1,28800.000000,1,COMPLETED_SUCCESSFULLY,1302267.000000,8083.000000,1310350.000000,0.000000,8083.000000,1.000000,73,-1.000000,""
1732,w0,8086,1302268.000000,1,28800.000000,1,COMPLETED_SUCCESSFULLY,1302268.000000,8086.000000,1310354.000000,0.000000,8086.000000,1.000000,86,-1.000000,""
1725,w0,8102,1302263.000000,1,28800.000000,1,COMPLETED_SUCCESSFULLY,1302263.000000,8102.000000,1310365.000000,0.000000,8102.000000,1.000000,67,-1.000000,""
1752,w0,206,1309038.000000,64,600.000000,1,COMPLETED_SUCCESSFULLY,1310258.000000,206.000000,1310464.000000,1220.000000,1426.000000,6.922330,0 2 7 14 16 21-25 27-30 32-40 62-65 90 92-93 116-149,-1.000000,""
1729,w0,8246,1302266.000000,1,28800.000000,1,COMPLETED_SUCCESSFULLY,1302266.000000,8246.000000,1310512.000000,0.000000,8246.000000,1.000000,71,-1.000000,""
1671,w0,8316,1302229.000000,1,28800.000000,1,COMPLETED_SUCCESSFULLY,1302229.000000,8316.000000,1310545.000000,0.000000,8316.000000,1.000000,13,-1.000000,""
1724,w0,8336,1302263.000000,1,28800.000000,1,COMPLETED_SUCCESSFULLY,1302263.000000,8336.000000,1310599.000000,0.000000,8336.000000,1.000000,66,-1.000000,""
1667,w0,8479,1302226.000000,1,28800.000000,1,COMPLETED_SUCCESSFULLY,1302226.000000,8479.000000,1310705.000000,0.000000,8479.000000,1.000000,9,-1.000000,""
1670,w0,8488,1302228.000000,1,28800.000000,1,COMPLETED_SUCCESSFULLY,1302228.000000,8488.000000,1310716.000000,0.000000,8488.000000,1.000000,12,-1.000000,""
1757,w0,258,1310342.000000,64,600.000000,1,COMPLETED_SUCCESSFULLY,1310464.000000,258.000000,1310722.000000,122.000000,380.000000,1.472868,0 2 7 14-16 21-25 27-30 32-40 62-65 67 73 86 90 92-93 116-145,-1.000000,""
1726,w0,8471,1302264.000000,1,28800.000000,1,COMPLETED_SUCCESSFULLY,1302264.000000,8471.000000,1310735.000000,0.000000,8471.000000,1.000000,68,-1.000000,""
1730,w0,8604,1302266.000000,1,28800.000000,1,COMPLETED_SUCCESSFULLY,1302266.000000,8604.000000,1310870.000000,0.000000,8604.000000,1.000000,72,-1.000000,""
1669,w0,8662,1302227.000000,1,28800.000000,1,COMPLETED_SUCCESSFULLY,1302227.000000,8662.000000,1310889.000000,0.000000,8662.000000,1.000000,11,-1.000000,""
1728,w0,8659,1302265.000000,1,28800.000000,1,COMPLETED_SUCCESSFULLY,1302265.000000,8659.000000,1310924.000000,0.000000,8659.000000,1.000000,70,-1.000000,""
1758,w0,250,1310359.000000,64,600.000000,1,COMPLETED_SUCCESSFULLY,1310722.000000,250.000000,1310972.000000,363.000000,613.000000,2.452000,0 2 7 9 12-16 21-25 27-30 32-40 62-67 71 73 86 90 92-93 116-140,-1.000000,""
1668,w0,8812,1302226.000000,1,28800.000000,1,COMPLETED_SUCCESSFULLY,1302226.000000,8812.000000,1311038.000000,0.000000,8812.000000,1.000000,10,-1.000000,""
1727,w0,8936,1302265.000000,1,28800.000000,1,COMPLETED_SUCCESSFULLY,1302265.000000,8936.000000,1311201.000000,0.000000,8936.000000,1.000000,69,-1.000000,""
1760,w0,215,1311339.000000,64,600.000000,1,COMPLETED_SUCCESSFULLY,1311339.000000,215.000000,1311554.000000,0.000000,215.000000,1.000000,0 2 7 9-16 21-25 27-30 32-40 62-73 86 90 92-93 116-134,-1.000000,""
1761,w0,201,1311344.000000,64,600.000000,1,COMPLETED_SUCCESSFULLY,1311554.000000,201.000000,1311755.000000,210.000000,411.000000,2.044776,0 2 7 9-16 21-25 27-30 32-40 62-73 86 90 92-93 116-134,-1.000000,""
1748,w0,3413,1308783.000000,16,19830.000000,1,COMPLETED_SUCCESSFULLY,1308783.000000,3413.000000,1312196.000000,0.000000,3413.000000,1.000000,151-166,-1.000000,""
1762,w0,1464,1311723.000000,8,3540.000000,1,COMPLETED_SUCCESSFULLY,1311723.000000,1464.000000,1313187.000000,0.000000,1464.000000,1.000000,135-142,-1.000000,""
1733,w0,13407,1302610.000000,8,64800.000000,1,COMPLETED_SUCCESSFULLY,1302610.000000,13407.000000,1316017.000000,0.000000,13407.000000,1.000000,87-89 91 94-96 115,-1.000000,""
1750,w0,7245,1308933.000000,12,18540.000000,1,COMPLETED_SUCCESSFULLY,1309176.000000,7245.000000,1316421.000000,243.000000,7488.000000,1.033540,48-59,-1.000000,""
1749,w0,7314,1308931.000000,12,18540.000000,1,COMPLETED_SUCCESSFULLY,1309176.000000,7314.000000,1316490.000000,245.000000,7559.000000,1.033497,3 6 17 19-20 41-47,-1.000000,""
1755,w0,9275,1309439.000000,4,19830.000000,1,COMPLETED_SUCCESSFULLY,1309439.000000,9275.000000,1318714.000000,0.000000,9275.000000,1.000000,8 18 60-61,-1.000000,""
1763,w0,6346,1314961.000000,16,7200.000000,1,COMPLETED_SUCCESSFULLY,1314961.000000,6346.000000,1321307.000000,0.000000,6346.000000,1.000000,0 2 7 9-16 21-25,-1.000000,""
1764,w0,5902,1315760.000000,16,7200.000000,1,COMPLETED_SUCCESSFULLY,1315760.000000,5902.000000,1321662.000000,0.000000,5902.000000,1.000000,27-30 32-40 62-64,-1.000000,""
1766,w0,6638,1315776.000000,16,7200.000000,1,COMPLETED_SUCCESSFULLY,1315776.000000,6638.000000,1322414.000000,0.000000,6638.000000,1.000000,119-134,-1.000000,""
1765,w0,6648,1315769.000000,16,7200.000000,1,COMPLETED_SUCCESSFULLY,1315769.000000,6648.000000,1322417.000000,0.000000,6648.000000,1.000000,65-73 86 90 92-93 116-118,-1.000000,""
1754,w0,338,1309330.000000,128,600.000000,1,COMPLETED_SUCCESSFULLY,1322417.000000,338.000000,1322755.000000,13087.000000,13425.000000,39.718935,0 2-3 6-25 27-30 32-73 86-96 115-162,-1.000000,""
1756,w0,366,1309820.000000,128,600.000000,1,COMPLETED_SUCCESSFULLY,1322755.000000,366.000000,1323121.000000,12935.000000,13301.000000,36.341530,0 2-3 6-25 27-30 32-73 86-96 115-162,-1.000000,""
1759,w0,310,1311260.000000,128,600.000000,1,COMPLETED_SUCCESSFULLY,1323121.000000,310.000000,1323431.000000,11861.000000,12171.000000,39.261290,0 2-3 6-25 27-30 32-73 86-96 115-162,-1.000000,""
1653,w0,41167,1298167.000000,32,55200.000000,1,COMPLETED_SUCCESSFULLY,1298167.000000,41167.000000,1339334.000000,0.000000,41167.000000,1.000000,4-5 74-85 97-114,-1.000000,""
1529,w0,130,1231449.000000,160,3600.000000,1,COMPLETED_SUCCESSFULLY,1339334.000000,130.000000,1339464.000000,107885.000000,108015.000000,830.884615,0 2-25 27-30 32-162,-1.000000,""
1635,w0,131,1292483.000000,160,3600.000000,1,COMPLETED_SUCCESSFULLY,1339464.000000,131.000000,1339595.000000,46981.000000,47112.000000,359.633588,0 2-25 27-30 32-162,-1.000000,""
1741,w0,40678,1306304.000000,3,45000.000000,1,COMPLETED_SUCCESSFULLY,1306304.000000,40678.000000,1346982.000000,0.000000,40678.000000,1.000000,1 26 31,-1.000000,""
1767,w0,209,1490291.000000,64,600.000000,1,COMPLETED_SUCCESSFULLY,1490291.000000,209.000000,1490500.000000,0.000000,209.000000,1.000000,0-63,-1.000000,""
1768,w0,214,1490296.000000,64,600.000000,1,COMPLETED_SUCCESSFULLY,1490296.000000,214.000000,1490510.000000,0.000000,214.000000,1.000000,64-127,-1.000000,""
1769,w0,193,1490403.000000,128,600.000000,1,COMPLETED_SUCCESSFULLY,1490510.000000,193.000000,1490703.000000,107.000000,300.000000,1.554404,0-127,-1.000000,""
1770,w0,191,1490752.000000,128,600.000000,1,COMPLETED_SUCCESSFULLY,1490752.000000,191.000000,1490943.000000,0.000000,191.000000,1.000000,0-127,-1.000000,""
1771,w0,70,1491292.000000,2,600.000000,1,COMPLETED_SUCCESSFULLY,1491292.000000,70.000000,1491362.000000,0.000000,70.000000,1.000000,0-1,-1.000000,""
1772,w0,194,1491365.000000,128,600.000000,1,COMPLETED_SUCCESSFULLY,1491365.000000,194.000000,1491559.000000,0.000000,194.000000,1.000000,0-127,-1.000000,""
1773,w0,73,1491628.000000,32,600.000000,1,COMPLETED_SUCCESSFULLY,1491628.000000,73.000000,1491701.000000,0.000000,73.000000,1.000000,0-31,-1.000000,""
1775,w0,208,1492173.000000,64,600.000000,1,COMPLETED_SUCCESSFULLY,1492173.000000,208.000000,1492381.000000,0.000000,208.000000,1.000000,32-95,-1.000000,""
1774,w0,358,1492113.000000,32,600.000000,1,COMPLETED_SUCCESSFULLY,1492113.000000,358.000000,1492471.000000,0.000000,358.000000,1.000000,0-31,-1.000000,""
1776,w0,359,1492530.000000,32,600.000000,1,COMPLETED_SUCCESSFULLY,1492530.000000,359.000000,1492889.000000,0.000000,359.000000,1.000000,0-31,-1.000000,""
1777,w0,210,1493878.000000,64,600.000000,1,COMPLETED_SUCCESSFULLY,1493878.000000,210.000000,1494088.000000,0.000000,210.000000,1.000000,0-63,-1.000000,""
1779,w0,310,1494772.000000,8,600.000000,1,COMPLETED_SUCCESSFULLY,1494772.000000,310.000000,1495082.000000,0.000000,310.000000,1.000000,125-132,-1.000000,""
1778,w0,4411,1494381.000000,125,64800.000000,1,COMPLETED_SUCCESSFULLY,1494381.000000,4411.000000,1498792.000000,0.000000,4411.000000,1.000000,0-124,-1.000000,""
1780,w0,121,1495692.000000,64,600.000000,1,COMPLETED_SUCCESSFULLY,1498792.000000,121.000000,1498913.000000,3100.000000,3221.000000,26.619835,0-63,-1.000000,""
1781,w0,72,1538899.000000,1,600.000000,1,COMPLETED_SUCCESSFULLY,1538899.000000,72.000000,1538971.000000,0.000000,72.000000,1.000000,0,-1.000000,""
1782,w0,71,1538905.000000,1,600.000000,1,COMPLETED_SUCCESSFULLY,1538905.000000,71.000000,1538976.000000,0.000000,71.000000,1.000000,1,-1.000000,""
1783,w0,70,1539252.000000,1,600.000000,1,COMPLETED_SUCCESSFULLY,1539252.000000,70.000000,1539322.000000,0.000000,70.000000,1.000000,0,-1.000000,""
1784,w0,71,1539393.000000,1,600.000000,1,COMPLETED_SUCCESSFULLY,1539393.000000,71.000000,1539464.000000,0.000000,71.000000,1.000000,0,-1.000000,""
1786,w0,53,1557115.000000,64,28800.000000,1,COMPLETED_SUCCESSFULLY,1557115.000000,53.000000,1557168.000000,0.000000,53.000000,1.000000,64-127,-1.000000,""
1788,w0,209,1557247.000000,64,600.000000,1,COMPLETED_SUCCESSFULLY,1557247.000000,209.000000,1557456.000000,0.000000,209.000000,1.000000,64-127,-1.000000,""
1789,w0,229,1557255.000000,64,600.000000,1,COMPLETED_SUCCESSFULLY,1557456.000000,229.000000,1557685.000000,201.000000,430.000000,1.877729,64-127,-1.000000,""
1795,w0,211,1558772.000000,64,600.000000,1,COMPLETED_SUCCESSFULLY,1558772.000000,211.000000,1558983.000000,0.000000,211.000000,1.000000,64-127,-1.000000,""
1797,w0,118,1560848.000000,64,600.000000,1,COMPLETED_SUCCESSFULLY,1560848.000000,118.000000,1560966.000000,0.000000,118.000000,1.000000,64-127,-1.000000,""
1798,w0,71,1566832.000000,1,600.000000,1,COMPLETED_SUCCESSFULLY,1566832.000000,71.000000,1566903.000000,0.000000,71.000000,1.000000,64,-1.000000,""
1799,w0,71,1567150.000000,1,600.000000,1,COMPLETED_SUCCESSFULLY,1567150.000000,71.000000,1567221.000000,0.000000,71.000000,1.000000,64,-1.000000,""
1800,w0,70,1567160.000000,1,600.000000,1,COMPLETED_SUCCESSFULLY,1567160.000000,70.000000,1567230.000000,0.000000,70.000000,1.000000,65,-1.000000,""
1801,w0,27,1573376.000000,1,15300.000000,1,COMPLETED_SUCCESSFULLY,1573376.000000,27.000000,1573403.000000,0.000000,27.000000,1.000000,64,-1.000000,""
1802,w0,28,1574162.000000,1,14400.000000,1,COMPLETED_SUCCESSFULLY,1574162.000000,28.000000,1574190.000000,0.000000,28.000000,1.000000,64,-1.000000,""
1803,w0,28,1574361.000000,1,14400.000000,1,COMPLETED_SUCCESSFULLY,1574361.000000,28.000000,1574389.000000,0.000000,28.000000,1.000000,64,-1.000000,""
1804,w0,28,1574875.000000,1,13800.000000,1,COMPLETED_SUCCESSFULLY,1574875.000000,28.000000,1574903.000000,0.000000,28.000000,1.000000,64,-1.000000,""
1805,w0,29,1575305.000000,1,13500.000000,1,COMPLETED_SUCCESSFULLY,1575305.000000,29.000000,1575334.000000,0.000000,29.000000,1.000000,64,-1.000000,""
1806,w0,45,1578377.000000,1,64800.000000,1,COMPLETED_SUCCESSFULLY,1578377.000000,45.000000,1578422.000000,0.000000,45.000000,1.000000,64,-1.000000,""
1807,w0,40,1578601.000000,1,64800.000000,1,COMPLETED_SUCCESSFULLY,1578601.000000,40.000000,1578641.000000,0.000000,40.000000,1.000000,64,-1.000000,""
1810,w0,66,1581669.000000,32,600.000000,1,COMPLETED_SUCCESSFULLY,1581669.000000,66.000000,1581735.000000,0.000000,66.000000,1.000000,66-97,-1.000000,""
1811,w0,67,1581674.000000,32,600.000000,1,COMPLETED_SUCCESSFULLY,1581674.000000,67.000000,1581741.000000,0.000000,67.000000,1.000000,98-127 160-161,-1.000000,""
1812,w0,69,1581679.000000,32,600.000000,1,COMPLETED_SUCCESSFULLY,1581735.000000,69.000000,1581804.000000,56.000000,125.000000,1.811594,66-97,-1.000000,""
1785,w0,25191,1556966.000000,64,32400.000000,1,COMPLETED_SUCCESSFULLY,1556966.000000,25191.000000,1582157.000000,0.000000,25191.000000,1.000000,0-63,-1.000000,""
1814,w0,354,1581970.000000,32,600.000000,1,COMPLETED_SUCCESSFULLY,1581970.000000,354.000000,1582324.000000,0.000000,354.000000,1.000000,82-113,-1.000000,""
1815,w0,334,1581974.000000,32,600.000000,1,COMPLETED_SUCCESSFULLY,1582157.000000,334.000000,1582491.000000,183.000000,517.000000,1.547904,0-31,-1.000000,""
1793,w0,25839,1557422.000000,8,32400.000000,1,COMPLETED_SUCCESSFULLY,1557422.000000,25839.000000,1583261.000000,0.000000,25839.000000,1.000000,144-151,-1.000000,""
1787,w0,198,1557234.000000,128,600.000000,1,COMPLETED_SUCCESSFULLY,1583261.000000,198.000000,1583459.000000,26027.000000,26225.000000,132.449495,0-63 82-127 144-151 160-169,-1.000000,""
1790,w0,199,1557286.000000,128,600.000000,1,COMPLETED_SUCCESSFULLY,1583459.000000,199.000000,1583658.000000,26173.000000,26372.000000,132.522613,0-63 82-127 144-151 160-169,-1.000000,""
1796,w0,198,1558921.000000,128,600.000000,1,COMPLETED_SUCCESSFULLY,1583658.000000,198.000000,1583856.000000,24737.000000,24935.000000,125.934343,0-63 82-127 144-151 160-169,-1.000000,""
1808,w0,6855,1578619.000000,1,64800.000000,1,COMPLETED_SUCCESSFULLY,1578619.000000,6855.000000,1585474.000000,0.000000,6855.000000,1.000000,65,-1.000000,""
1794,w0,28027,1557487.000000,8,32400.000000,1,COMPLETED_SUCCESSFULLY,1557487.000000,28027.000000,1585514.000000,0.000000,28027.000000,1.000000,152-159,-1.000000,""
1791,w0,28630,1557327.000000,8,32400.000000,1,COMPLETED_SUCCESSFULLY,1557327.000000,28630.000000,1585957.000000,0.000000,28630.000000,1.000000,128-135,-1.000000,""
1792,w0,28705,1557382.000000,8,32400.000000,1,COMPLETED_SUCCESSFULLY,1557382.000000,28705.000000,1586087.000000,0.000000,28705.000000,1.000000,136-143,-1.000000,""
1827,w0,54,1590933.000000,1,64800.000000,1,COMPLETED_SUCCESSFULLY,1590933.000000,54.000000,1590987.000000,0.000000,54.000000,1.000000,169,-1.000000,""
1819,w0,18080,1583545.000000,8,61740.000000,1,COMPLETED_SUCCESSFULLY,1583856.000000,18080.000000,1601936.000000,311.000000,18391.000000,1.017201,98-105,-1.000000,""
1817,w0,18107,1583544.000000,8,61740.000000,1,COMPLETED_SUCCESSFULLY,1583856.000000,18107.000000,1601963.000000,312.000000,18419.000000,1.017231,82-89,-1.000000,""
1818,w0,18131,1583544.000000,8,61740.000000,1,COMPLETED_SUCCESSFULLY,1583856.000000,18131.000000,1601987.000000,312.000000,18443.000000,1.017208,90-97,-1.000000,""
1829,w0,491,1591783.000000,4,1800.000000,1,COMPLETED_SUCCESSFULLY,1601936.000000,491.000000,1602427.000000,10153.000000,10644.000000,21.678208,101-104,-1.000000,""
1816,w0,23909,1583401.000000,64,28800.000000,1,COMPLETED_SUCCESSFULLY,1583856.000000,23909.000000,1607765.000000,455.000000,24364.000000,1.019030,0-63,-1.000000,""
1824,w0,216,1587149.000000,64,600.000000,1,COMPLETED_SUCCESSFULLY,1607765.000000,216.000000,1607981.000000,20616.000000,20832.000000,96.444444,0-63,-1.000000,""
1825,w0,223,1587154.000000,64,600.000000,1,COMPLETED_SUCCESSFULLY,1607981.000000,223.000000,1608204.000000,20827.000000,21050.000000,94.394619,0-63,-1.000000,""
1826,w0,223,1587164.000000,64,600.000000,1,COMPLETED_SUCCESSFULLY,1608204.000000,223.000000,1608427.000000,21040.000000,21263.000000,95.349776,0-63,-1.000000,""
1813,w0,36109,1581861.000000,16,61740.000000,1,COMPLETED_SUCCESSFULLY,1581861.000000,36109.000000,1617970.000000,0.000000,36109.000000,1.000000,66-81,-1.000000,""
1830,w0,217,1620888.000000,64,600.000000,1,COMPLETED_SUCCESSFULLY,1620888.000000,217.000000,1621105.000000,0.000000,217.000000,1.000000,0-63,-1.000000,""
1831,w0,217,1620976.000000,64,600.000000,1,COMPLETED_SUCCESSFULLY,1621105.000000,217.000000,1621322.000000,129.000000,346.000000,1.594470,0-63,-1.000000,""
1820,w0,42501,1585861.000000,64,50400.000000,1,COMPLETED_SUCCESSFULLY,1586087.000000,42501.000000,1628588.000000,226.000000,42727.000000,1.005318,65 106-168,-1.000000,""
1821,w0,198,1587119.000000,128,600.000000,1,COMPLETED_SUCCESSFULLY,1628588.000000,198.000000,1628786.000000,41469.000000,41667.000000,210.439394,0-63 65-97 101-131,-1.000000,""
1822,w0,201,1587124.000000,128,600.000000,1,COMPLETED_SUCCESSFULLY,1628786.000000,201.000000,1628987.000000,41662.000000,41863.000000,208.273632,0-63 65-97 101-131,-1.000000,""
1823,w0,201,1587132.000000,128,600.000000,1,COMPLETED_SUCCESSFULLY,1628987.000000,201.000000,1629188.000000,41855.000000,42056.000000,209.233831,0-63 65-97 101-131,-1.000000,""
1809,w0,50880,1578645.000000,1,64800.000000,1,COMPLETED_SUCCESSFULLY,1578645.000000,50880.000000,1629525.000000,0.000000,50880.000000,1.000000,64,-1.000000,""
1832,w0,211,1630205.000000,64,600.000000,1,COMPLETED_SUCCESSFULLY,1630205.000000,211.000000,1630416.000000,0.000000,211.000000,1.000000,0-63,-1.000000,""
1834,w0,2115,1636973.000000,4,14400.000000,1,COMPLETED_SUCCESSFULLY,1636973.000000,2115.000000,1639088.000000,0.000000,2115.000000,1.000000,64-67,-1.000000,""
1841,w0,1079,1638731.000000,4,7140.000000,1,COMPLETED_SUCCESSFULLY,1638731.000000,1079.000000,1639810.000000,0.000000,1079.000000,1.000000,92-95,-1.000000,""
1837,w0,1135,1638728.000000,4,7140.000000,1,COMPLETED_SUCCESSFULLY,1638728.000000,1135.000000,1639863.000000,0.000000,1135.000000,1.000000,76-79,-1.000000,""
1842,w0,1343,1638732.000000,4,7140.000000,1,COMPLETED_SUCCESSFULLY,1638732.000000,1343.000000,1640075.000000,0.000000,1343.000000,1.000000,96-97 101-102,-1.000000,""
1838,w0,1642,1638729.000000,4,7140.000000,1,COMPLETED_SUCCESSFULLY,1638729.000000,1642.000000,1640371.000000,0.000000,1642.000000,1.000000,80-83,-1.000000,""
1836,w0,2127,1638727.000000,4,7140.000000,1,COMPLETED_SUCCESSFULLY,1638727.000000,2127.000000,1640854.000000,0.000000,2127.000000,1.000000,72-75,-1.000000,""
1835,w0,2213,1638726.000000,4,7140.000000,1,COMPLETED_SUCCESSFULLY,1638726.000000,2213.000000,1640939.000000,0.000000,2213.000000,1.000000,68-71,-1.000000,""
1849,w0,749,1640548.000000,3,7140.000000,1,COMPLETED_SUCCESSFULLY,1640548.000000,749.000000,1641297.000000,0.000000,749.000000,1.000000,101-103,-1.000000,""
1845,w0,824,1640545.000000,3,7140.000000,1,COMPLETED_SUCCESSFULLY,1640545.000000,824.000000,1641369.000000,0.000000,824.000000,1.000000,78-80,-1.000000,""
1857,w0,734,1640637.000000,1,7140.000000,1,COMPLETED_SUCCESSFULLY,1640637.000000,734.000000,1641371.000000,0.000000,734.000000,1.000000,113,-1.000000,""
1853,w0,843,1640634.000000,1,7140.000000,1,COMPLETED_SUCCESSFULLY,1640634.000000,843.000000,1641477.000000,0.000000,843.000000,1.000000,109,-1.000000,""
1840,w0,2766,1638730.000000,4,7140.000000,1,COMPLETED_SUCCESSFULLY,1638730.000000,2766.000000,1641496.000000,0.000000,2766.000000,1.000000,88-91,-1.000000,""
1850,w0,1023,1640549.000000,3,7140.000000,1,COMPLETED_SUCCESSFULLY,1640549.000000,1023.000000,1641572.000000,0.000000,1023.000000,1.000000,104-106,-1.000000,""
1858,w0,998,1640638.000000,1,7140.000000,1,COMPLETED_SUCCESSFULLY,1640638.000000,998.000000,1641636.000000,0.000000,998.000000,1.000000,114,-1.000000,""
1846,w0,1240,1640546.000000,3,7140.000000,1,COMPLETED_SUCCESSFULLY,1640546.000000,1240.000000,1641786.000000,0.000000,1240.000000,1.000000,81-83,-1.000000,""
1854,w0,1242,1640635.000000,1,7140.000000,1,COMPLETED_SUCCESSFULLY,1640635.000000,1242.000000,1641877.000000,0.000000,1242.000000,1.000000,110,-1.000000,""
1844,w0,1568,1640544.000000,3,7140.000000,1,COMPLETED_SUCCESSFULLY,1640544.000000,1568.000000,1642112.000000,0.000000,1568.000000,1.000000,67 76-77,-1.000000,""
1843,w0,1606,1640543.000000,3,7140.000000,1,COMPLETED_SUCCESSFULLY,1640543.000000,1606.000000,1642149.000000,0.000000,1606.000000,1.000000,64-66,-1.000000,""
1852,w0,1581,1640633.000000,1,7140.000000,1,COMPLETED_SUCCESSFULLY,1640633.000000,1581.000000,1642214.000000,0.000000,1581.000000,1.000000,108,-1.000000,""
1828,w0,40302,1591614.000000,3,45000.000000,1,COMPLETED_SUCCESSFULLY,1601936.000000,40302.000000,1642238.000000,10322.000000,50624.000000,1.256116,98-100,-1.000000,""
1859,w0,54,1642330.000000,8,120.000000,1,COMPLETED_SUCCESSFULLY,1642330.000000,54.000000,1642384.000000,0.000000,54.000000,1.000000,64-71,-1.000000,""
1851,w0,1877,1640632.000000,1,7140.000000,1,COMPLETED_SUCCESSFULLY,1640632.000000,1877.000000,1642509.000000,0.000000,1877.000000,1.000000,107,-1.000000,""
1856,w0,1994,1640636.000000,1,7140.000000,1,COMPLETED_SUCCESSFULLY,1640636.000000,1994.000000,1642630.000000,0.000000,1994.000000,1.000000,112,-1.000000,""
1860,w0,39,1642604.000000,1,300.000000,1,COMPLETED_SUCCESSFULLY,1642604.000000,39.000000,1642643.000000,0.000000,39.000000,1.000000,64,-1.000000,""
1848,w0,2125,1640547.000000,3,7140.000000,1,COMPLETED_SUCCESSFULLY,1640547.000000,2125.000000,1642672.000000,0.000000,2125.000000,1.000000,95-97,-1.000000,""
1839,w0,5273,1638729.000000,4,7140.000000,1,COMPLETED_SUCCESSFULLY,1638729.000000,5273.000000,1644002.000000,0.000000,5273.000000,1.000000,84-87,-1.000000,""
1863,w0,120,1643957.000000,4,1800.000000,1,COMPLETED_SUCCESSFULLY,1643957.000000,120.000000,1644077.000000,0.000000,120.000000,1.000000,64-67,-1.000000,""
1847,w0,3633,1640546.000000,3,7140.000000,1,COMPLETED_SUCCESSFULLY,1640546.000000,3633.000000,1644179.000000,0.000000,3633.000000,1.000000,92-94,-1.000000,""
1855,w0,3611,1640635.000000,1,7140.000000,1,COMPLETED_SUCCESSFULLY,1640635.000000,3611.000000,1644246.000000,0.000000,3611.000000,1.000000,111,-1.000000,""
1864,w0,383,1644931.000000,4,1800.000000,1,COMPLETED_SUCCESSFULLY,1644931.000000,383.000000,1645314.000000,0.000000,383.000000,1.000000,64-67,-1.000000,""
1865,w0,28,1646424.000000,1,3600.000000,1,COMPLETED_SUCCESSFULLY,1646424.000000,28.000000,1646452.000000,0.000000,28.000000,1.000000,64,-1.000000,""
1866,w0,27,1646854.000000,1,3600.000000,1,COMPLETED_SUCCESSFULLY,1646854.000000,27.000000,1646881.000000,0.000000,27.000000,1.000000,64,-1.000000,""
1833,w0,15294,1633036.000000,64,25200.000000,1,COMPLETED_SUCCESSFULLY,1633036.000000,15294.000000,1648330.000000,0.000000,15294.000000,1.000000,0-63,-1.000000,""
1861,w0,71,1643867.000000,128,1800.000000,1,COMPLETED_SUCCESSFULLY,1648330.000000,71.000000,1648401.000000,4463.000000,4534.000000,63.859155,0-63 96-159,-1.000000,""
1862,w0,73,1643874.000000,129,1800.000000,1,COMPLETED_SUCCESSFULLY,1648401.000000,73.000000,1648474.000000,4527.000000,4600.000000,63.013699,0-63 96-160,-1.000000,""
1868,w0,305,1648686.000000,128,1800.000000,1,COMPLETED_SUCCESSFULLY,1648686.000000,305.000000,1648991.000000,0.000000,305.000000,1.000000,0-63 96-159,-1.000000,""
1869,w0,222,1648689.000000,129,1800.000000,1,COMPLETED_SUCCESSFULLY,1648991.000000,222.000000,1649213.000000,302.000000,524.000000,2.360360,0-63 96-160,-1.000000,""
1867,w0,2230,1647947.000000,32,5430.000000,1,COMPLETED_SUCCESSFULLY,1647947.000000,2230.000000,1650177.000000,0.000000,2230.000000,1.000000,64-95,-1.000000,""
1870,w0,262,1648694.000000,160,1800.000000,1,COMPLETED_SUCCESSFULLY,1650177.000000,262.000000,1650439.000000,1483.000000,1745.000000,6.660305,0-159,-1.000000,""
1871,w0,111,1652730.000000,7,1200.000000,1,COMPLETED_SUCCESSFULLY,1652730.000000,111.000000,1652841.000000,0.000000,111.000000,1.000000,0-6,-1.000000,""
1872,w0,52,1652833.000000,1,3600.000000,1,COMPLETED_SUCCESSFULLY,1652833.000000,52.000000,1652885.000000,0.000000,52.000000,1.000000,7,-1.000000,""
1873,w0,787,1653075.000000,64,5430.000000,1,COMPLETED_SUCCESSFULLY,1653075.000000,787.000000,1653862.000000,0.000000,787.000000,1.000000,0-63,-1.000000,""
1874,w0,276,1654370.000000,64,600.000000,1,COMPLETED_SUCCESSFULLY,1654370.000000,276.000000,1654646.000000,0.000000,276.000000,1.000000,0-63,-1.000000,""
1875,w0,204,1654875.000000,64,600.000000,1,COMPLETED_SUCCESSFULLY,1654875.000000,204.000000,1655079.000000,0.000000,204.000000,1.000000,0-63,-1.000000,""
1876,w0,225,1654895.000000,64,600.000000,1,COMPLETED_SUCCESSFULLY,1654895.000000,225.000000,1655120.000000,0.000000,225.000000,1.000000,64-127,-1.000000,""
1877,w0,207,1654906.000000,64,600.000000,1,COMPLETED_SUCCESSFULLY,1655079.000000,207.000000,1655286.000000,173.000000,380.000000,1.835749,0-63,-1.000000,""
1878,w0,54,1655170.000000,128,600.000000,1,COMPLETED_SUCCESSFULLY,1655286.000000,54.000000,1655340.000000,116.000000,170.000000,3.148148,0-127,-1.000000,""
1879,w0,53,1655175.000000,128,600.000000,1,COMPLETED_SUCCESSFULLY,1655340.000000,53.000000,1655393.000000,165.000000,218.000000,4.113208,0-127,-1.000000,""
1880,w0,305,1655180.000000,128,600.000000,1,COMPLETED_SUCCESSFULLY,1655393.000000,305.000000,1655698.000000,213.000000,518.000000,1.698361,0-127,-1.000000,""
1882,w0,316,1655740.000000,128,600.000000,1,COMPLETED_SUCCESSFULLY,1655740.000000,316.000000,1656056.000000,0.000000,316.000000,1.000000,4-131,-1.000000,""
1883,w0,180,1655746.000000,128,600.000000,1,COMPLETED_SUCCESSFULLY,1656056.000000,180.000000,1656236.000000,310.000000,490.000000,2.722222,4-131,-1.000000,""
1881,w0,584,1655734.000000,4,600.000000,1,COMPLETED_SUCCESSFULLY,1655734.000000,584.000000,1656318.000000,0.000000,584.000000,1.000000,0-3,-1.000000,""
1886,w0,28,1656919.000000,1,600.000000,1,COMPLETED_SUCCESSFULLY,1656919.000000,28.000000,1656947.000000,0.000000,28.000000,1.000000,0,-1.000000,""
1887,w0,170,1657011.000000,5,1800.000000,1,COMPLETED_SUCCESSFULLY,1657011.000000,170.000000,1657181.000000,0.000000,170.000000,1.000000,0-3 12,-1.000000,""
1888,w0,562,1657026.000000,4,600.000000,1,COMPLETED_SUCCESSFULLY,1657026.000000,562.000000,1657588.000000,0.000000,562.000000,1.000000,13-16,-1.000000,""
1884,w0,2459,1656158.000000,8,3540.000000,1,COMPLETED_SUCCESSFULLY,1656158.000000,2459.000000,1658617.000000,0.000000,2459.000000,1.000000,132-139,-1.000000,""
1889,w0,529,1658570.000000,4,600.000000,1,COMPLETED_SUCCESSFULLY,1658570.000000,529.000000,1659099.000000,0.000000,529.000000,1.000000,0-3,-1.000000,""
1885,w0,3020,1656255.000000,8,3540.000000,1,COMPLETED_SUCCESSFULLY,1656255.000000,3020.000000,1659275.000000,0.000000,3020.000000,1.000000,4-11,-1.000000,""
1890,w0,52,1827914.000000,8,64800.000000,1,COMPLETED_SUCCESSFULLY,1827914.000000,52.000000,1827966.000000,0.000000,52.000000,1.000000,0-7,-1.000000,""
1891,w0,59,1828435.000000,8,28800.000000,1,COMPLETED_SUCCESSFULLY,1828435.000000,59.000000,1828494.000000,0.000000,59.000000,1.000000,0-7,-1.000000,""
1892,w0,58,1828441.000000,8,28800.000000,1,COMPLETED_SUCCESSFULLY,1828441.000000,58.000000,1828499.000000,0.000000,58.000000,1.000000,8-15,-1.000000,""
1893,w0,190,1828951.000000,64,600.000000,1,COMPLETED_SUCCESSFULLY,1828951.000000,190.000000,1829141.000000,0.000000,190.000000,1.000000,0-63,-1.000000,""
1895,w0,176,1829828.000000,12,900.000000,1,COMPLETED_SUCCESSFULLY,1829828.000000,176.000000,1830004.000000,0.000000,176.000000,1.000000,4-15,-1.000000,""
1894,w0,520,1829519.000000,4,600.000000,1,COMPLETED_SUCCESSFULLY,1829519.000000,520.000000,1830039.000000,0.000000,520.000000,1.000000,0-3,-1.000000,""
1902,w0,176,1829976.000000,64,600.000000,1,COMPLETED_SUCCESSFULLY,1829976.000000,176.000000,1830152.000000,0.000000,176.000000,1.000000,105-168,-1.000000,""
1903,w0,176,1829985.000000,64,600.000000,1,COMPLETED_SUCCESSFULLY,1830152.000000,176.000000,1830328.000000,167.000000,343.000000,1.948864,9-15 105-161,-1.000000,""
1898,w0,505,1829870.000000,64,25200.000000,1,COMPLETED_SUCCESSFULLY,1829870.000000,505.000000,1830375.000000,0.000000,505.000000,1.000000,27-90,-1.000000,""
1904,w0,183,1829991.000000,64,600.000000,1,COMPLETED_SUCCESSFULLY,1830328.000000,183.000000,1830511.000000,337.000000,520.000000,2.841530,9-15 105-161,-1.000000,""
1899,w0,1451,1829882.000000,8,28800.000000,1,COMPLETED_SUCCESSFULLY,1829882.000000,1451.000000,1831333.000000,0.000000,1451.000000,1.000000,91-98,-1.000000,""
1912,w0,229,1831898.000000,64,600.000000,1,COMPLETED_SUCCESSFULLY,1831898.000000,229.000000,1832127.000000,0.000000,229.000000,1.000000,15 27-89,-1.000000,""
1913,w0,540,1832007.000000,4,600.000000,1,COMPLETED_SUCCESSFULLY,1832007.000000,540.000000,1832547.000000,0.000000,540.000000,1.000000,90-93,-1.000000,""
1914,w0,182,1832549.000000,64,600.000000,1,COMPLETED_SUCCESSFULLY,1832549.000000,182.000000,1832731.000000,0.000000,182.000000,1.000000,15 27-89,-1.000000,""
1915,w0,181,1832997.000000,64,600.000000,1,COMPLETED_SUCCESSFULLY,1832997.000000,181.000000,1833178.000000,0.000000,181.000000,1.000000,15 27-89,-1.000000,""
1916,w0,185,1833047.000000,64,600.000000,1,COMPLETED_SUCCESSFULLY,1833047.000000,185.000000,1833232.000000,0.000000,185.000000,1.000000,90-98 105-159,-1.000000,""
1917,w0,189,1833691.000000,2,3600.000000,1,COMPLETED_SUCCESSFULLY,1833691.000000,189.000000,1833880.000000,0.000000,189.000000,1.000000,15 27,-1.000000,""
1918,w0,544,1833826.000000,4,600.000000,1,COMPLETED_SUCCESSFULLY,1833826.000000,544.000000,1834370.000000,0.000000,544.000000,1.000000,28-31,-1.000000,""
1919,w0,2867,1834344.000000,64,5430.000000,1,COMPLETED_SUCCESSFULLY,1834344.000000,2867.000000,1837211.000000,0.000000,2867.000000,1.000000,15 27 32-93,-1.000000,""
1921,w0,48,1837329.000000,4,14400.000000,1,COMPLETED_SUCCESSFULLY,1837329.000000,48.000000,1837377.000000,0.000000,48.000000,1.000000,15 27 32-33,-1.000000,""
1922,w0,176,1838183.000000,64,600.000000,1,COMPLETED_SUCCESSFULLY,1838183.000000,176.000000,1838359.000000,0.000000,176.000000,1.000000,15 27 32-93,-1.000000,""
1923,w0,176,1838188.000000,64,600.000000,1,COMPLETED_SUCCESSFULLY,1838359.000000,176.000000,1838535.000000,171.000000,347.000000,1.971591,15 27 32-93,-1.000000,""
1924,w0,292,1838192.000000,64,600.000000,1,COMPLETED_SUCCESSFULLY,1838535.000000,292.000000,1838827.000000,343.000000,635.000000,2.174658,15 27 32-93,-1.000000,""
1929,w0,47,1839060.000000,16,14400.000000,1,COMPLETED_SUCCESSFULLY,1839060.000000,47.000000,1839107.000000,0.000000,47.000000,1.000000,15 27 32-45,-1.000000,""
1928,w0,612,1838729.000000,4,14400.000000,1,COMPLETED_SUCCESSFULLY,1838729.000000,612.000000,1839341.000000,0.000000,612.000000,1.000000,123-126,-1.000000,""
1926,w0,1085,1838617.000000,3,3540.000000,1,COMPLETED_SUCCESSFULLY,1838617.000000,1085.000000,1839702.000000,0.000000,1085.000000,1.000000,117-119,-1.000000,""
1897,w0,10160,1829867.000000,8,28800.000000,1,COMPLETED_SUCCESSFULLY,1829867.000000,10160.000000,1840027.000000,0.000000,10160.000000,1.000000,19-26,-1.000000,""
1927,w0,1608,1838646.000000,3,3540.000000,1,COMPLETED_SUCCESSFULLY,1838646.000000,1608.000000,1840254.000000,0.000000,1608.000000,1.000000,120-122,-1.000000,""
1937,w0,58,1840643.000000,4,600.000000,1,COMPLETED_SUCCESSFULLY,1840643.000000,58.000000,1840701.000000,0.000000,58.000000,1.000000,52-55,-1.000000,""
1938,w0,536,1840978.000000,4,600.000000,1,COMPLETED_SUCCESSFULLY,1840978.000000,536.000000,1841514.000000,0.000000,536.000000,1.000000,52-55,-1.000000,""
1935,w0,1339,1840602.000000,1,3540.000000,1,COMPLETED_SUCCESSFULLY,1840602.000000,1339.000000,1841941.000000,0.000000,1339.000000,1.000000,50,-1.000000,""
1936,w0,2008,1840636.000000,1,3540.000000,1,COMPLETED_SUCCESSFULLY,1840636.000000,2008.000000,1842644.000000,0.000000,2008.000000,1.000000,51,-1.000000,""
1920,w0,5503,1837207.000000,13,6900.000000,1,COMPLETED_SUCCESSFULLY,1837207.000000,5503.000000,1842710.000000,0.000000,5503.000000,1.000000,28-31 94-98 105-108,-1.000000,""
1939,w0,158,1843549.000000,1,1800.000000,1,COMPLETED_SUCCESSFULLY,1843549.000000,158.000000,1843707.000000,0.000000,158.000000,1.000000,28,-1.000000,""
1942,w0,28,1844732.000000,1,64800.000000,1,COMPLETED_SUCCESSFULLY,1844732.000000,28.000000,1844760.000000,0.000000,28.000000,1.000000,30,-1.000000,""
1943,w0,29,1844989.000000,1,64800.000000,1,COMPLETED_SUCCESSFULLY,1844989.000000,29.000000,1845018.000000,0.000000,29.000000,1.000000,30,-1.000000,""
1925,w0,7264,1838484.000000,8,28800.000000,1,COMPLETED_SUCCESSFULLY,1838484.000000,7264.000000,1845748.000000,0.000000,7264.000000,1.000000,109-116,-1.000000,""
1934,w0,5793,1840170.000000,16,14400.000000,1,COMPLETED_SUCCESSFULLY,1840170.000000,5793.000000,1845963.000000,0.000000,5793.000000,1.000000,22-26 39-49,-1.000000,""
1944,w0,53,1846916.000000,8,64800.000000,1,COMPLETED_SUCCESSFULLY,1846916.000000,53.000000,1846969.000000,0.000000,53.000000,1.000000,22-26 30-31 39,-1.000000,""
1945,w0,105,1847251.000000,1,3600.000000,1,COMPLETED_SUCCESSFULLY,1847251.000000,105.000000,1847356.000000,0.000000,105.000000,1.000000,22,-1.000000,""
1946,w0,106,1847266.000000,8,3600.000000,1,COMPLETED_SUCCESSFULLY,1847266.000000,106.000000,1847372.000000,0.000000,106.000000,1.000000,23-26 30-31 39-40,-1.000000,""
1947,w0,183,1847278.000000,64,3600.000000,1,COMPLETED_SUCCESSFULLY,1847278.000000,183.000000,1847461.000000,0.000000,183.000000,1.000000,41-98 105-110,-1.000000,""
1959,w0,33,1848832.000000,1,1200.000000,1,COMPLETED_SUCCESSFULLY,1848832.000000,33.000000,1848865.000000,0.000000,33.000000,1.000000,160,-1.000000,""
1957,w0,1452,1848435.000000,8,14340.000000,1,COMPLETED_SUCCESSFULLY,1848435.000000,1452.000000,1849887.000000,0.000000,1452.000000,1.000000,152-159,-1.000000,""
1953,w0,1725,1848432.000000,8,14340.000000,1,COMPLETED_SUCCESSFULLY,1848432.000000,1725.000000,1850157.000000,0.000000,1725.000000,1.000000,120-127,-1.000000,""
1954,w0,2570,1848433.000000,8,14340.000000,1,COMPLETED_SUCCESSFULLY,1848433.000000,2570.000000,1851003.000000,0.000000,2570.000000,1.000000,128-135,-1.000000,""
1950,w0,3365,1847992.000000,64,36000.000000,1,COMPLETED_SUCCESSFULLY,1847992.000000,3365.000000,1851357.000000,0.000000,3365.000000,1.000000,23-26 30-31 39-96,-1.000000,""
1952,w0,3339,1848431.000000,8,14340.000000,1,COMPLETED_SUCCESSFULLY,1848431.000000,3339.000000,1851770.000000,0.000000,3339.000000,1.000000,112-119,-1.000000,""
1951,w0,3372,1848430.000000,8,14340.000000,1,COMPLETED_SUCCESSFULLY,1848430.000000,3372.000000,1851802.000000,0.000000,3372.000000,1.000000,97-98 105-110,-1.000000,""
1958,w0,2093,1848436.000000,8,14340.000000,1,COMPLETED_SUCCESSFULLY,1849887.000000,2093.000000,1851980.000000,1451.000000,3544.000000,1.693263,152-159,-1.000000,""
1940,w0,8606,1843735.000000,1,64800.000000,1,COMPLETED_SUCCESSFULLY,1843735.000000,8606.000000,1852341.000000,0.000000,8606.000000,1.000000,28,-1.000000,""
1955,w0,4341,1848434.000000,8,14340.000000,1,COMPLETED_SUCCESSFULLY,1848434.000000,4341.000000,1852775.000000,0.000000,4341.000000,1.000000,136-143,-1.000000,""
1966,w0,1208,1852928.000000,8,14340.000000,1,COMPLETED_SUCCESSFULLY,1852928.000000,1208.000000,1854136.000000,0.000000,1208.000000,1.000000,80-87,-1.000000,""
1962,w0,1428,1852925.000000,8,14340.000000,1,COMPLETED_SUCCESSFULLY,1852925.000000,1428.000000,1854353.000000,0.000000,1428.000000,1.000000,48-55,-1.000000,""
1967,w0,1732,1852929.000000,8,14340.000000,1,COMPLETED_SUCCESSFULLY,1852929.000000,1732.000000,1854661.000000,0.000000,1732.000000,1.000000,88-95,-1.000000,""
1963,w0,2124,1852926.000000,8,14340.000000,1,COMPLETED_SUCCESSFULLY,1852926.000000,2124.000000,1855050.000000,0.000000,2124.000000,1.000000,56-63,-1.000000,""
1961,w0,2757,1852924.000000,8,14340.000000,1,COMPLETED_SUCCESSFULLY,1852924.000000,2757.000000,1855681.000000,0.000000,2757.000000,1.000000,40-47,-1.000000,""
1960,w0,2779,1852923.000000,8,14340.000000,1,COMPLETED_SUCCESSFULLY,1852923.000000,2779.000000,1855702.000000,0.000000,2779.000000,1.000000,23-26 28 30-31 39,-1.000000,""
1964,w0,3543,1852927.000000,8,14340.000000,1,COMPLETED_SUCCESSFULLY,1852927.000000,3543.000000,1856470.000000,0.000000,3543.000000,1.000000,64-71,-1.000000,""
1956,w0,8149,1848434.000000,8,14340.000000,1,COMPLETED_SUCCESSFULLY,1848434.000000,8149.000000,1856583.000000,0.000000,8149.000000,1.000000,144-151,-1.000000,""
1896,w0,27355,1829833.000000,3,43200.000000,1,COMPLETED_SUCCESSFULLY,1829833.000000,27355.000000,1857188.000000,0.000000,27355.000000,1.000000,16-18,-1.000000,""
1965,w0,6578,1852927.000000,8,14340.000000,1,COMPLETED_SUCCESSFULLY,1852927.000000,6578.000000,1859505.000000,0.000000,6578.000000,1.000000,72-79,-1.000000,""
1968,w0,423,1860821.000000,4,1800.000000,1,COMPLETED_SUCCESSFULLY,1860821.000000,423.000000,1861244.000000,0.000000,423.000000,1.000000,16-18 23,-1.000000,""
1969,w0,433,1861289.000000,4,1800.000000,1,COMPLETED_SUCCESSFULLY,1861289.000000,433.000000,1861722.000000,0.000000,433.000000,1.000000,16-18 23,-1.000000,""
1970,w0,397,1862242.000000,4,1800.000000,1,COMPLETED_SUCCESSFULLY,1862242.000000,397.000000,1862639.000000,0.000000,397.000000,1.000000,16-18 23,-1.000000,""
1971,w0,176,1862540.000000,64,600.000000,1,COMPLETED_SUCCESSFULLY,1862540.000000,176.000000,1862716.000000,0.000000,176.000000,1.000000,24-26 28 30-31 39-96,-1.000000,""
1901,w0,33014,1829921.000000,3,43200.000000,1,COMPLETED_SUCCESSFULLY,1829921.000000,33014.000000,1862935.000000,0.000000,33014.000000,1.000000,102-104,-1.000000,""
1948,w0,16126,1847281.000000,1,64800.000000,1,COMPLETED_SUCCESSFULLY,1847281.000000,16126.000000,1863407.000000,0.000000,16126.000000,1.000000,111,-1.000000,""
1905,w0,33750,1830007.000000,3,43200.000000,1,COMPLETED_SUCCESSFULLY,1830007.000000,33750.000000,1863757.000000,0.000000,33750.000000,1.000000,4-6,-1.000000,""
1909,w0,33902,1830178.000000,3,43200.000000,1,COMPLETED_SUCCESSFULLY,1830178.000000,33902.000000,1864080.000000,0.000000,33902.000000,1.000000,165-167,-1.000000,""
1911,w0,33356,1831431.000000,3,43200.000000,1,COMPLETED_SUCCESSFULLY,1831431.000000,33356.000000,1864787.000000,0.000000,33356.000000,1.000000,12-14,-1.000000,""
1910,w0,33511,1831411.000000,3,43200.000000,1,COMPLETED_SUCCESSFULLY,1831411.000000,33511.000000,1864922.000000,0.000000,33511.000000,1.000000,9-11,-1.000000,""
1972,w0,400,1865766.000000,4,1800.000000,1,COMPLETED_SUCCESSFULLY,1865766.000000,400.000000,1866166.000000,0.000000,400.000000,1.000000,4-6 9,-1.000000,""
1900,w0,37037,1829898.000000,3,43200.000000,1,COMPLETED_SUCCESSFULLY,1829898.000000,37037.000000,1866935.000000,0.000000,37037.000000,1.000000,99-101,-1.000000,""
1908,w0,37086,1830153.000000,3,43200.000000,1,COMPLETED_SUCCESSFULLY,1830153.000000,37086.000000,1867239.000000,0.000000,37086.000000,1.000000,162-164,-1.000000,""
1906,w0,37313,1830051.000000,3,43200.000000,1,COMPLETED_SUCCESSFULLY,1830051.000000,37313.000000,1867364.000000,0.000000,37313.000000,1.000000,0-2,-1.000000,""
1907,w0,37367,1830101.000000,3,43200.000000,1,COMPLETED_SUCCESSFULLY,1830101.000000,37367.000000,1867468.000000,0.000000,37367.000000,1.000000,3 7-8,-1.000000,""
1949,w0,20135,1847407.000000,1,64800.000000,1,COMPLETED_SUCCESSFULLY,1847407.000000,20135.000000,1867542.000000,0.000000,20135.000000,1.000000,22,-1.000000,""
1941,w0,25337,1843756.000000,1,64800.000000,1,COMPLETED_SUCCESSFULLY,1843756.000000,25337.000000,1869093.000000,0.000000,25337.000000,1.000000,29,-1.000000,""
1973,w0,401,1870309.000000,4,1800.000000,1,COMPLETED_SUCCESSFULLY,1870309.000000,401.000000,1870710.000000,0.000000,401.000000,1.000000,0-3,-1.000000,""
1974,w0,56,1875627.000000,8,600.000000,1,COMPLETED_SUCCESSFULLY,1875627.000000,56.000000,1875683.000000,0.000000,56.000000,1.000000,0-7,-1.000000,""
1975,w0,50,1875895.000000,8,600.000000,1,COMPLETED_SUCCESSFULLY,1875895.000000,50.000000,1875945.000000,0.000000,50.000000,1.000000,0-7,-1.000000,""
1976,w0,80,1876106.000000,64,600.000000,1,COMPLETED_SUCCESSFULLY,1876106.000000,80.000000,1876186.000000,0.000000,80.000000,1.000000,0-14 16-18 22-26 28-31 39-75,-1.000000,""
1978,w0,49,1878551.000000,4,1800.000000,1,COMPLETED_SUCCESSFULLY,1878551.000000,49.000000,1878600.000000,0.000000,49.000000,1.000000,0-3,-1.000000,""
1979,w0,256,1879450.000000,8,1800.000000,1,COMPLETED_SUCCESSFULLY,1879450.000000,256.000000,1879706.000000,0.000000,256.000000,1.000000,0-7,-1.000000,""
1930,w0,40103,1839948.000000,3,43200.000000,1,COMPLETED_SUCCESSFULLY,1839948.000000,40103.000000,1880051.000000,0.000000,40103.000000,1.000000,15 27 32,-1.000000,""
1931,w0,40300,1839966.000000,3,43200.000000,1,COMPLETED_SUCCESSFULLY,1839966.000000,40300.000000,1880266.000000,0.000000,40300.000000,1.000000,33-35,-1.000000,""
1932,w0,40814,1839981.000000,3,43200.000000,1,COMPLETED_SUCCESSFULLY,1839981.000000,40814.000000,1880795.000000,0.000000,40814.000000,1.000000,36-38,-1.000000,""
1980,w0,298,1880640.000000,64,600.000000,1,COMPLETED_SUCCESSFULLY,1880640.000000,298.000000,1880938.000000,0.000000,298.000000,1.000000,0-18 22-35 39-69,-1.000000,""
1981,w0,177,1880645.000000,64,600.000000,1,COMPLETED_SUCCESSFULLY,1880938.000000,177.000000,1881115.000000,293.000000,470.000000,2.655367,0-18 22-66,-1.000000,""
1982,w0,177,1880652.000000,64,600.000000,1,COMPLETED_SUCCESSFULLY,1881115.000000,177.000000,1881292.000000,463.000000,640.000000,3.615819,0-18 22-66,-1.000000,""
1933,w0,41501,1840027.000000,3,43200.000000,1,COMPLETED_SUCCESSFULLY,1840027.000000,41501.000000,1881528.000000,0.000000,41501.000000,1.000000,19-21,-1.000000,""
1985,w0,225,1882597.000000,8,1800.000000,1,COMPLETED_SUCCESSFULLY,1882597.000000,225.000000,1882822.000000,0.000000,225.000000,1.000000,2-9,-1.000000,""
1986,w0,256,1882838.000000,8,1800.000000,1,COMPLETED_SUCCESSFULLY,1882838.000000,256.000000,1883094.000000,0.000000,256.000000,1.000000,2-9,-1.000000,""
1987,w0,44,1884824.000000,8,64800.000000,1,COMPLETED_SUCCESSFULLY,1884824.000000,44.000000,1884868.000000,0.000000,44.000000,1.000000,2-9,-1.000000,""
1989,w0,2126,1885832.000000,16,14340.000000,1,COMPLETED_SUCCESSFULLY,1885832.000000,2126.000000,1887958.000000,0.000000,2126.000000,1.000000,3-18,-1.000000,""
1990,w0,2457,1886480.000000,16,14340.000000,1,COMPLETED_SUCCESSFULLY,1886480.000000,2457.000000,1888937.000000,0.000000,2457.000000,1.000000,19-34,-1.000000,""
1991,w0,281,1888725.000000,8,1800.000000,1,COMPLETED_SUCCESSFULLY,1888725.000000,281.000000,1889006.000000,0.000000,281.000000,1.000000,3-10,-1.000000,""
1977,w0,13599,1876117.000000,64,25200.000000,1,COMPLETED_SUCCESSFULLY,1876117.000000,13599.000000,1889716.000000,0.000000,13599.000000,1.000000,76-139,-1.000000,""
1998,w0,42,1890680.000000,8,1800.000000,1,COMPLETED_SUCCESSFULLY,1890680.000000,42.000000,1890722.000000,0.000000,42.000000,1.000000,51-58,-1.000000,""
1999,w0,42,1890776.000000,8,1800.000000,1,COMPLETED_SUCCESSFULLY,1890776.000000,42.000000,1890818.000000,0.000000,42.000000,1.000000,51-58,-1.000000,""
2003,w0,53,1891723.000000,8,64800.000000,1,COMPLETED_SUCCESSFULLY,1891723.000000,53.000000,1891776.000000,0.000000,53.000000,1.000000,91-98,-1.000000,""
2005,w0,42,1891827.000000,8,1800.000000,1,COMPLETED_SUCCESSFULLY,1891827.000000,42.000000,1891869.000000,0.000000,42.000000,1.000000,91-98,-1.000000,""
2008,w0,58,1892085.000000,8,1800.000000,1,COMPLETED_SUCCESSFULLY,1892085.000000,58.000000,1892143.000000,0.000000,58.000000,1.000000,139-146,-1.000000,""
1993,w0,1891,1890261.000000,8,14340.000000,1,COMPLETED_SUCCESSFULLY,1890261.000000,1891.000000,1892152.000000,0.000000,1891.000000,1.000000,11-18,-1.000000,""
1992,w0,2122,1890243.000000,8,28740.000000,1,COMPLETED_SUCCESSFULLY,1890243.000000,2122.000000,1892365.000000,0.000000,2122.000000,1.000000,3-10,-1.000000,""
2010,w0,485,1892313.000000,8,1800.000000,1,COMPLETED_SUCCESSFULLY,1892313.000000,485.000000,1892798.000000,0.000000,485.000000,1.000000,139-146,-1.000000,""
1997,w0,2700,1890498.000000,8,28740.000000,1,COMPLETED_SUCCESSFULLY,1890498.000000,2700.000000,1893198.000000,0.000000,2700.000000,1.000000,43-50,-1.000000,""
2000,w0,2590,1890933.000000,8,14340.000000,1,COMPLETED_SUCCESSFULLY,1890933.000000,2590.000000,1893523.000000,0.000000,2590.000000,1.000000,51-58,-1.000000,""
2009,w0,1582,1892168.000000,8,14340.000000,1,COMPLETED_SUCCESSFULLY,1892168.000000,1582.000000,1893750.000000,0.000000,1582.000000,1.000000,11-18,-1.000000,""
2011,w0,500,1893560.000000,8,1800.000000,1,COMPLETED_SUCCESSFULLY,1893560.000000,500.000000,1894060.000000,0.000000,500.000000,1.000000,3-10,-1.000000,""
1996,w0,3872,1890400.000000,8,28740.000000,1,COMPLETED_SUCCESSFULLY,1890400.000000,3872.000000,1894272.000000,0.000000,3872.000000,1.000000,35-42,-1.000000,""
2007,w0,4343,1891992.000000,16,25740.000000,1,COMPLETED_SUCCESSFULLY,1891992.000000,4343.000000,1896335.000000,0.000000,4343.000000,1.000000,123-138,-1.000000,""
2013,w0,210,1896330.000000,64,600.000000,1,COMPLETED_SUCCESSFULLY,1896330.000000,210.000000,1896540.000000,0.000000,210.000000,1.000000,3-18 35-42 44-58 139-163,-1.000000,""
2014,w0,189,1896335.000000,64,600.000000,1,COMPLETED_SUCCESSFULLY,1896540.000000,189.000000,1896729.000000,205.000000,394.000000,2.084656,3-18 35-42 44-58 123-147,-1.000000,""
2015,w0,184,1896343.000000,64,600.000000,1,COMPLETED_SUCCESSFULLY,1896729.000000,184.000000,1896913.000000,386.000000,570.000000,3.097826,3-18 35-42 44-58 123-147,-1.000000,""
2016,w0,315,1896349.000000,64,600.000000,1,COMPLETED_SUCCESSFULLY,1896913.000000,315.000000,1897228.000000,564.000000,879.000000,2.790476,3-18 35-42 44-58 123-147,-1.000000,""
2020,w0,53,1897621.000000,8,300.000000,1,COMPLETED_SUCCESSFULLY,1897621.000000,53.000000,1897674.000000,0.000000,53.000000,1.000000,11-18,-1.000000,""
2019,w0,101,1897577.000000,8,600.000000,1,COMPLETED_SUCCESSFULLY,1897577.000000,101.000000,1897678.000000,0.000000,101.000000,1.000000,3-10,-1.000000,""
2022,w0,60,1897740.000000,8,600.000000,1,COMPLETED_SUCCESSFULLY,1897740.000000,60.000000,1897800.000000,0.000000,60.000000,1.000000,35-42,-1.000000,""
2006,w0,6051,1891888.000000,16,25740.000000,1,COMPLETED_SUCCESSFULLY,1891888.000000,6051.000000,1897939.000000,0.000000,6051.000000,1.000000,91-98 115-122,-1.000000,""
2023,w0,58,1897969.000000,8,600.000000,1,COMPLETED_SUCCESSFULLY,1897969.000000,58.000000,1898027.000000,0.000000,58.000000,1.000000,35-42,-1.000000,""
2024,w0,57,1898133.000000,8,600.000000,1,COMPLETED_SUCCESSFULLY,1898133.000000,57.000000,1898190.000000,0.000000,57.000000,1.000000,35-42,-1.000000,""
2001,w0,6913,1891517.000000,16,61740.000000,1,COMPLETED_SUCCESSFULLY,1891517.000000,6913.000000,1898430.000000,0.000000,6913.000000,1.000000,59-74,-1.000000,""
2025,w0,475,1898333.000000,8,600.000000,1,COMPLETED_SUCCESSFULLY,1898333.000000,475.000000,1898808.000000,0.000000,475.000000,1.000000,35-42,-1.000000,""
2018,w0,2228,1896883.000000,8,3600.000000,1,COMPLETED_SUCCESSFULLY,1896883.000000,2228.000000,1899111.000000,0.000000,2228.000000,1.000000,156-163,-1.000000,""
2026,w0,213,1898938.000000,8,39600.000000,1,COMPLETED_SUCCESSFULLY,1898938.000000,213.000000,1899151.000000,0.000000,213.000000,1.000000,35-42,-1.000000,""
2027,w0,52,1899168.000000,8,300.000000,1,COMPLETED_SUCCESSFULLY,1899168.000000,52.000000,1899220.000000,0.000000,52.000000,1.000000,35-42,-1.000000,""
2017,w0,2441,1896837.000000,8,3600.000000,1,COMPLETED_SUCCESSFULLY,1896837.000000,2441.000000,1899278.000000,0.000000,2441.000000,1.000000,148-155,-1.000000,""
1994,w0,9200,1890346.000000,8,28740.000000,1,COMPLETED_SUCCESSFULLY,1890346.000000,9200.000000,1899546.000000,0.000000,9200.000000,1.000000,19-26,-1.000000,""
2028,w0,320,1899253.000000,32,600.000000,1,COMPLETED_SUCCESSFULLY,1899253.000000,320.000000,1899573.000000,0.000000,320.000000,1.000000,35-42 44-67,-1.000000,""
2029,w0,176,1899410.000000,12,900.000000,1,COMPLETED_SUCCESSFULLY,1899410.000000,176.000000,1899586.000000,0.000000,176.000000,1.000000,68-74 91-95,-1.000000,""
2031,w0,317,1899575.000000,32,600.000000,1,COMPLETED_SUCCESSFULLY,1899575.000000,317.000000,1899892.000000,0.000000,317.000000,1.000000,19-26 35-42 44-59,-1.000000,""
2032,w0,317,1899627.000000,32,600.000000,1,COMPLETED_SUCCESSFULLY,1899627.000000,317.000000,1899944.000000,0.000000,317.000000,1.000000,60-74 91-95 120-131,-1.000000,""
2002,w0,8672,1891598.000000,16,25740.000000,1,COMPLETED_SUCCESSFULLY,1891598.000000,8672.000000,1900270.000000,0.000000,8672.000000,1.000000,75-90,-1.000000,""
2004,w0,8655,1891773.000000,16,25740.000000,1,COMPLETED_SUCCESSFULLY,1891773.000000,8655.000000,1900428.000000,0.000000,8655.000000,1.000000,99-114,-1.000000,""
2037,w0,33,1902270.000000,1,1200.000000,1,COMPLETED_SUCCESSFULLY,1902270.000000,33.000000,1902303.000000,0.000000,33.000000,1.000000,105,-1.000000,""
1984,w0,20079,1882376.000000,1,64800.000000,1,COMPLETED_SUCCESSFULLY,1882376.000000,20079.000000,1902455.000000,0.000000,20079.000000,1.000000,1,-1.000000,""
2038,w0,53,1903411.000000,8,300.000000,1,COMPLETED_SUCCESSFULLY,1903411.000000,53.000000,1903464.000000,0.000000,53.000000,1.000000,1 105-111,-1.000000,""
2040,w0,53,1903799.000000,8,300.000000,1,COMPLETED_SUCCESSFULLY,1903799.000000,53.000000,1903852.000000,0.000000,53.000000,1.000000,105-112,-1.000000,""
1983,w0,22648,1881306.000000,1,64800.000000,1,COMPLETED_SUCCESSFULLY,1881306.000000,22648.000000,1903954.000000,0.000000,22648.000000,1.000000,0,-1.000000,""
2030,w0,4820,1899506.000000,8,5400.000000,1,COMPLETED_SUCCESSFULLY,1899506.000000,4820.000000,1904326.000000,0.000000,4820.000000,1.000000,96-98 115-119,-1.000000,""
2041,w0,183,1904383.000000,64,600.000000,1,COMPLETED_SUCCESSFULLY,1904383.000000,183.000000,1904566.000000,0.000000,183.000000,1.000000,0 96-98 105-164,-1.000000,""
2042,w0,181,1904388.000000,64,600.000000,1,COMPLETED_SUCCESSFULLY,1904566.000000,181.000000,1904747.000000,178.000000,359.000000,1.983425,0 96-98 105-164,-1.000000,""
2044,w0,27,1904838.000000,1,1140.000000,1,COMPLETED_SUCCESSFULLY,1904838.000000,27.000000,1904865.000000,0.000000,27.000000,1.000000,165,-1.000000,""
2043,w0,184,1904394.000000,64,600.000000,1,COMPLETED_SUCCESSFULLY,1904747.000000,184.000000,1904931.000000,353.000000,537.000000,2.918478,0 96-98 105-164,-1.000000,""
2012,w0,11513,1893595.000000,1,64800.000000,1,COMPLETED_SUCCESSFULLY,1893595.000000,11513.000000,1905108.000000,0.000000,11513.000000,1.000000,43,-1.000000,""
2036,w0,3992,1901245.000000,8,64800.000000,1,COMPLETED_SUCCESSFULLY,1901245.000000,3992.000000,1905237.000000,0.000000,3992.000000,1.000000,94-95 99-104,-1.000000,""
2045,w0,22,1907248.000000,1,7200.000000,1,COMPLETED_SUCCESSFULLY,1907248.000000,22.000000,1907270.000000,0.000000,22.000000,1.000000,0,-1.000000,""
2047,w0,28,1907346.000000,1,7200.000000,1,COMPLETED_SUCCESSFULLY,1907346.000000,28.000000,1907374.000000,0.000000,28.000000,1.000000,43,-1.000000,""
2048,w0,63,1907413.000000,64,9030.000000,1,COMPLETED_SUCCESSFULLY,1907413.000000,63.000000,1907476.000000,0.000000,63.000000,1.000000,43 94-156,-1.000000,""
1988,w0,22466,1885343.000000,1,64800.000000,1,COMPLETED_SUCCESSFULLY,1885343.000000,22466.000000,1907809.000000,0.000000,22466.000000,1.000000,2,-1.000000,""
2053,w0,28,1908668.000000,1,64800.000000,1,COMPLETED_SUCCESSFULLY,1908668.000000,28.000000,1908696.000000,0.000000,28.000000,1.000000,95,-1.000000,""
2054,w0,33,1908712.000000,1,1200.000000,1,COMPLETED_SUCCESSFULLY,1908712.000000,33.000000,1908745.000000,0.000000,33.000000,1.000000,95,-1.000000,""
2055,w0,28,1908960.000000,1,1140.000000,1,COMPLETED_SUCCESSFULLY,1908960.000000,28.000000,1908988.000000,0.000000,28.000000,1.000000,95,-1.000000,""
2052,w0,1637,1908278.000000,1,7200.000000,1,COMPLETED_SUCCESSFULLY,1908278.000000,1637.000000,1909915.000000,0.000000,1637.000000,1.000000,94,-1.000000,""
2058,w0,65,1910363.000000,4,57600.000000,1,COMPLETED_SUCCESSFULLY,1910363.000000,65.000000,1910428.000000,0.000000,65.000000,1.000000,96-99,-1.000000,""
2039,w0,7206,1903526.000000,1,7200.000000,0,COMPLETED_WALLTIME_REACHED,1903526.000000,7200.000000,1910726.000000,0.000000,7200.000000,1.000000,1,-1.000000,""
1995,w0,20555,1890380.000000,8,43140.000000,1,COMPLETED_SUCCESSFULLY,1890380.000000,20555.000000,1910935.000000,0.000000,20555.000000,1.000000,27-34,-1.000000,""
2062,w0,172,1912180.000000,8,3600.000000,1,COMPLETED_SUCCESSFULLY,1912180.000000,172.000000,1912352.000000,0.000000,172.000000,1.000000,28-34 97,-1.000000,""
2063,w0,1346,1912213.000000,64,3600.000000,1,COMPLETED_SUCCESSFULLY,1912213.000000,1346.000000,1913559.000000,0.000000,1346.000000,1.000000,98-161,-1.000000,""
2066,w0,54,1914994.000000,8,64800.000000,1,COMPLETED_SUCCESSFULLY,1914994.000000,54.000000,1915048.000000,0.000000,54.000000,1.000000,29-34 97-98,-1.000000,""
2067,w0,52,1915057.000000,8,64800.000000,1,COMPLETED_SUCCESSFULLY,1915057.000000,52.000000,1915109.000000,0.000000,52.000000,1.000000,29-34 97-98,-1.000000,""
2068,w0,51,1915607.000000,1,14400.000000,1,COMPLETED_SUCCESSFULLY,1915607.000000,51.000000,1915658.000000,0.000000,51.000000,1.000000,29,-1.000000,""
2035,w0,17430,1901084.000000,1,64800.000000,1,COMPLETED_SUCCESSFULLY,1901084.000000,17430.000000,1918514.000000,0.000000,17430.000000,1.000000,93,-1.000000,""
2033,w0,19894,1899911.000000,1,64800.000000,1,COMPLETED_SUCCESSFULLY,1899911.000000,19894.000000,1919805.000000,0.000000,19894.000000,1.000000,19,-1.000000,""
2046,w0,12483,1907326.000000,1,64800.000000,1,COMPLETED_SUCCESSFULLY,1907326.000000,12483.000000,1919809.000000,0.000000,12483.000000,1.000000,0,-1.000000,""
2069,w0,161,1920102.000000,16,7200.000000,1,COMPLETED_SUCCESSFULLY,1920102.000000,161.000000,1920263.000000,0.000000,161.000000,1.000000,0 19 29-34 93 97-103,-1.000000,""
2056,w0,11637,1909190.000000,1,64800.000000,1,COMPLETED_SUCCESSFULLY,1909190.000000,11637.000000,1920827.000000,0.000000,11637.000000,1.000000,95,-1.000000,""
2071,w0,49,1921251.000000,6,43200.000000,1,COMPLETED_SUCCESSFULLY,1921251.000000,49.000000,1921300.000000,0.000000,49.000000,1.000000,124-129,-1.000000,""
2070,w0,163,1921171.000000,37,6900.000000,1,COMPLETED_SUCCESSFULLY,1921171.000000,163.000000,1921334.000000,0.000000,163.000000,1.000000,0 19 29-34 93 95 97-123,-1.000000,""
2072,w0,57,1921272.000000,64,64800.000000,1,COMPLETED_SUCCESSFULLY,1921334.000000,57.000000,1921391.000000,62.000000,119.000000,2.087719,0 19 29-34 93 95 97-150,-1.000000,""
2064,w0,10802,1912348.000000,1,64800.000000,1,COMPLETED_SUCCESSFULLY,1912348.000000,10802.000000,1923150.000000,0.000000,10802.000000,1.000000,162,-1.000000,""
2076,w0,64,1923403.000000,2,600.000000,1,COMPLETED_SUCCESSFULLY,1923403.000000,64.000000,1923467.000000,0.000000,64.000000,1.000000,0 19,-1.000000,""
2049,w0,16298,1907695.000000,1,64800.000000,1,COMPLETED_SUCCESSFULLY,1907695.000000,16298.000000,1923993.000000,0.000000,16298.000000,1.000000,43,-1.000000,""
2065,w0,11579,1912571.000000,1,64800.000000,1,COMPLETED_SUCCESSFULLY,1912571.000000,11579.000000,1924150.000000,0.000000,11579.000000,1.000000,28,-1.000000,""
2061,w0,12682,1911903.000000,1,64800.000000,1,COMPLETED_SUCCESSFULLY,1911903.000000,12682.000000,1924585.000000,0.000000,12682.000000,1.000000,27,-1.000000,""
2077,w0,70,1924828.000000,4,600.000000,1,COMPLETED_SUCCESSFULLY,1924828.000000,70.000000,1924898.000000,0.000000,70.000000,1.000000,0 19 27-28,-1.000000,""
2059,w0,15304,1910717.000000,1,64800.000000,1,COMPLETED_SUCCESSFULLY,1910717.000000,15304.000000,1926021.000000,0.000000,15304.000000,1.000000,96,-1.000000,""
2080,w0,87,1926753.000000,1,1800.000000,1,COMPLETED_SUCCESSFULLY,1926753.000000,87.000000,1926840.000000,0.000000,87.000000,1.000000,31,-1.000000,""
2021,w0,30514,1897696.000000,16,64800.000000,1,COMPLETED_SUCCESSFULLY,1897696.000000,30514.000000,1928210.000000,0.000000,30514.000000,1.000000,3-18,-1.000000,""
2082,w0,2284,1927709.000000,8,7200.000000,1,COMPLETED_SUCCESSFULLY,1927709.000000,2284.000000,1929993.000000,0.000000,2284.000000,1.000000,34 43 93 95-99,-1.000000,""
2085,w0,33,1931328.000000,1,1200.000000,1,COMPLETED_SUCCESSFULLY,1931328.000000,33.000000,1931361.000000,0.000000,33.000000,1.000000,3,-1.000000,""
2087,w0,38,1932326.000000,1,1200.000000,1,COMPLETED_SUCCESSFULLY,1932326.000000,38.000000,1932364.000000,0.000000,38.000000,1.000000,3,-1.000000,""
2091,w0,698,1935621.000000,8,5400.000000,1,COMPLETED_SUCCESSFULLY,1935621.000000,698.000000,1936319.000000,0.000000,698.000000,1.000000,100-107,-1.000000,""
2090,w0,3363,1934400.000000,8,3600.000000,1,COMPLETED_SUCCESSFULLY,1934400.000000,3363.000000,1937763.000000,0.000000,3363.000000,1.000000,34 43 93 95-99,-1.000000,""
2089,w0,3464,1934363.000000,8,3600.000000,1,COMPLETED_SUCCESSFULLY,1934363.000000,3464.000000,1937827.000000,0.000000,3464.000000,1.000000,11-18,-1.000000,""
2088,w0,5187,1932943.000000,8,7200.000000,1,COMPLETED_SUCCESSFULLY,1932943.000000,5187.000000,1938130.000000,0.000000,5187.000000,1.000000,3-10,-1.000000,""
2034,w0,41209,1900314.000000,64,50400.000000,1,COMPLETED_SUCCESSFULLY,1900314.000000,41209.000000,1941523.000000,0.000000,41209.000000,1.000000,20-26 35-42 44-92,-1.000000,""
2050,w0,467,1907701.000000,128,1200.000000,1,COMPLETED_SUCCESSFULLY,1941523.000000,467.000000,1941990.000000,33822.000000,34289.000000,73.423983,3-18 20-26 34-93 95-139,-1.000000,""
2073,w0,93,1921359.000000,125,6900.000000,1,COMPLETED_SUCCESSFULLY,1941990.000000,93.000000,1942083.000000,20631.000000,20724.000000,222.838710,3-18 20-26 34-93 95-136,-1.000000,""
2074,w0,89,1921396.000000,125,6900.000000,1,COMPLETED_SUCCESSFULLY,1942083.000000,89.000000,1942172.000000,20687.000000,20776.000000,233.438202,3-18 20-26 34-93 95-136,-1.000000,""
2075,w0,110,1922871.000000,129,600.000000,1,COMPLETED_SUCCESSFULLY,1942172.000000,110.000000,1942282.000000,19301.000000,19411.000000,176.463636,3-18 20-26 34-93 95-140,-1.000000,""
2083,w0,266,1930877.000000,129,600.000000,1,COMPLETED_SUCCESSFULLY,1942282.000000,266.000000,1942548.000000,11405.000000,11671.000000,43.875940,3-18 20-26 34-93 95-140,-1.000000,""
2092,w0,53,1942953.000000,16,200.000000,1,COMPLETED_SUCCESSFULLY,1942953.000000,53.000000,1943006.000000,0.000000,53.000000,1.000000,141-156,-1.000000,""
2084,w0,462,1930888.000000,129,1200.000000,1,COMPLETED_SUCCESSFULLY,1942548.000000,462.000000,1943010.000000,11660.000000,12122.000000,26.238095,3-18 20-26 34-93 95-140,-1.000000,""
2057,w0,33305,1909972.000000,1,64800.000000,1,COMPLETED_SUCCESSFULLY,1909972.000000,33305.000000,1943277.000000,0.000000,33305.000000,1.000000,94,-1.000000,""
2086,w0,865,1932233.000000,128,1200.000000,1,COMPLETED_SUCCESSFULLY,1943010.000000,865.000000,1943875.000000,10777.000000,11642.000000,13.458960,3-18 20-26 34-93 95-139,-1.000000,""
2051,w0,37437,1908138.000000,1,64800.000000,1,COMPLETED_SUCCESSFULLY,1908138.000000,37437.000000,1945575.000000,0.000000,37437.000000,1.000000,2,-1.000000,""
2093,w0,49,1946361.000000,6,43200.000000,1,COMPLETED_SUCCESSFULLY,1946361.000000,49.000000,1946410.000000,0.000000,49.000000,1.000000,2-7,-1.000000,""
2095,w0,209,1958532.000000,64,600.000000,1,COMPLETED_SUCCESSFULLY,1958532.000000,209.000000,1958741.000000,0.000000,209.000000,1.000000,42-105,-1.000000,""
2094,w0,347,1958493.000000,32,600.000000,1,COMPLETED_SUCCESSFULLY,1958493.000000,347.000000,1958840.000000,0.000000,347.000000,1.000000,2-18 20-26 34-41,-1.000000,""
2096,w0,219,1958858.000000,64,600.000000,1,COMPLETED_SUCCESSFULLY,1958858.000000,219.000000,1959077.000000,0.000000,219.000000,1.000000,2-18 20-26 34-73,-1.000000,""
2097,w0,217,1958862.000000,64,600.000000,1,COMPLETED_SUCCESSFULLY,1958862.000000,217.000000,1959079.000000,0.000000,217.000000,1.000000,74-137,-1.000000,""
2098,w0,333,1958872.000000,32,600.000000,1,COMPLETED_SUCCESSFULLY,1958872.000000,333.000000,1959205.000000,0.000000,333.000000,1.000000,138-169,-1.000000,""
2099,w0,334,1958879.000000,32,600.000000,1,COMPLETED_SUCCESSFULLY,1959077.000000,334.000000,1959411.000000,198.000000,532.000000,1.592814,2-18 20-26 34-41,-1.000000,""
2060,w0,48616,1911080.000000,1,64800.000000,1,COMPLETED_SUCCESSFULLY,1911080.000000,48616.000000,1959696.000000,0.000000,48616.000000,1.000000,1,-1.000000,""
2101,w0,61,1959892.000000,32,600.000000,1,COMPLETED_SUCCESSFULLY,1959892.000000,61.000000,1959953.000000,0.000000,61.000000,1.000000,9-18 20-26 34-48,-1.000000,""
2102,w0,66,1959922.000000,32,600.000000,1,COMPLETED_SUCCESSFULLY,1959922.000000,66.000000,1959988.000000,0.000000,66.000000,1.000000,49-80,-1.000000,""
2103,w0,62,1959926.000000,32,600.000000,1,COMPLETED_SUCCESSFULLY,1959926.000000,62.000000,1959988.000000,0.000000,62.000000,1.000000,81-112,-1.000000,""
2104,w0,343,1959942.000000,8,600.000000,1,COMPLETED_SUCCESSFULLY,1959942.000000,343.000000,1960285.000000,0.000000,343.000000,1.000000,113-120,-1.000000,""
2105,w0,65,1960296.000000,16,600.000000,1,COMPLETED_SUCCESSFULLY,1960296.000000,65.000000,1960361.000000,0.000000,65.000000,1.000000,9-18 20-25,-1.000000,""
2106,w0,64,1960301.000000,16,600.000000,1,COMPLETED_SUCCESSFULLY,1960301.000000,64.000000,1960365.000000,0.000000,64.000000,1.000000,26 34-48,-1.000000,""
2107,w0,68,1960308.000000,16,600.000000,1,COMPLETED_SUCCESSFULLY,1960308.000000,68.000000,1960376.000000,0.000000,68.000000,1.000000,49-64,-1.000000,""
2108,w0,65,1960314.000000,16,600.000000,1,COMPLETED_SUCCESSFULLY,1960314.000000,65.000000,1960379.000000,0.000000,65.000000,1.000000,65-80,-1.000000,""
2109,w0,65,1960318.000000,16,600.000000,1,COMPLETED_SUCCESSFULLY,1960318.000000,65.000000,1960383.000000,0.000000,65.000000,1.000000,81-96,-1.000000,""
2110,w0,68,1960322.000000,16,600.000000,1,COMPLETED_SUCCESSFULLY,1960322.000000,68.000000,1960390.000000,0.000000,68.000000,1.000000,97-112,-1.000000,""
2079,w0,33949,1926659.000000,3,43200.000000,1,COMPLETED_SUCCESSFULLY,1926659.000000,33949.000000,1960608.000000,0.000000,33949.000000,1.000000,28-30,-1.000000,""
2081,w0,33603,1927558.000000,3,43200.000000,1,COMPLETED_SUCCESSFULLY,1927558.000000,33603.000000,1961161.000000,0.000000,33603.000000,1.000000,31-33,-1.000000,""
2111,w0,80,1961552.000000,64,10800.000000,1,COMPLETED_SUCCESSFULLY,1961552.000000,80.000000,1961632.000000,0.000000,80.000000,1.000000,9-18 20-26 28-74,-1.000000,""
2112,w0,78,1962594.000000,64,10800.000000,1,COMPLETED_SUCCESSFULLY,1962594.000000,78.000000,1962672.000000,0.000000,78.000000,1.000000,9-18 20-26 28-74,-1.000000,""
2113,w0,79,1963171.000000,64,10800.000000,1,COMPLETED_SUCCESSFULLY,1963171.000000,79.000000,1963250.000000,0.000000,79.000000,1.000000,9-18 20-26 28-74,-1.000000,""
2100,w0,3879,1959848.000000,8,5400.000000,1,COMPLETED_SUCCESSFULLY,1959848.000000,3879.000000,1963727.000000,0.000000,3879.000000,1.000000,1-8,-1.000000,""
2115,w0,226,1965188.000000,64,600.000000,1,COMPLETED_SUCCESSFULLY,1965188.000000,226.000000,1965414.000000,0.000000,226.000000,1.000000,2-18 20-26 28-67,-1.000000,""
2116,w0,222,1965193.000000,64,600.000000,1,COMPLETED_SUCCESSFULLY,1965193.000000,222.000000,1965415.000000,0.000000,222.000000,1.000000,68-131,-1.000000,""
2117,w0,223,1965246.000000,64,600.000000,1,COMPLETED_SUCCESSFULLY,1965414.000000,223.000000,1965637.000000,168.000000,391.000000,1.753363,2-18 20-26 28-67,-1.000000,""
2078,w0,40229,1925455.000000,3,43200.000000,1,COMPLETED_SUCCESSFULLY,1925455.000000,40229.000000,1965684.000000,0.000000,40229.000000,1.000000,0 19 27,-1.000000,""
2120,w0,87,1967076.000000,64,10800.000000,1,COMPLETED_SUCCESSFULLY,1967076.000000,87.000000,1967163.000000,0.000000,87.000000,1.000000,2-65,-1.000000,""
2121,w0,82,1967511.000000,64,10800.000000,1,COMPLETED_SUCCESSFULLY,1967511.000000,82.000000,1967593.000000,0.000000,82.000000,1.000000,2-65,-1.000000,""
2122,w0,52,1967839.000000,64,10800.000000,1,COMPLETED_SUCCESSFULLY,1967839.000000,52.000000,1967891.000000,0.000000,52.000000,1.000000,2-65,-1.000000,""
2124,w0,63,1968383.000000,64,18000.000000,1,COMPLETED_SUCCESSFULLY,1968383.000000,63.000000,1968446.000000,0.000000,63.000000,1.000000,6-69,-1.000000,""
2125,w0,257,1968964.000000,8,5400.000000,1,COMPLETED_SUCCESSFULLY,1968964.000000,257.000000,1969221.000000,0.000000,257.000000,1.000000,6-13,-1.000000,""
2126,w0,269,1969041.000000,8,600.000000,1,COMPLETED_SUCCESSFULLY,1969041.000000,269.000000,1969310.000000,0.000000,269.000000,1.000000,14-21,-1.000000,""
2127,w0,213,1969263.000000,64,600.000000,1,COMPLETED_SUCCESSFULLY,1969263.000000,213.000000,1969476.000000,0.000000,213.000000,1.000000,6-13 22-77,-1.000000,""
2128,w0,192,1969482.000000,8,5400.000000,1,COMPLETED_SUCCESSFULLY,1969482.000000,192.000000,1969674.000000,0.000000,192.000000,1.000000,6-13,-1.000000,""
2129,w0,52,1969678.000000,64,10800.000000,1,COMPLETED_SUCCESSFULLY,1969678.000000,52.000000,1969730.000000,0.000000,52.000000,1.000000,6-69,-1.000000,""
2130,w0,212,1969742.000000,64,600.000000,1,COMPLETED_SUCCESSFULLY,1969742.000000,212.000000,1969954.000000,0.000000,212.000000,1.000000,6-69,-1.000000,""
2131,w0,198,1969976.000000,8,5400.000000,1,COMPLETED_SUCCESSFULLY,1969976.000000,198.000000,1970174.000000,0.000000,198.000000,1.000000,6-13,-1.000000,""
2132,w0,198,1969996.000000,8,5400.000000,1,COMPLETED_SUCCESSFULLY,1969996.000000,198.000000,1970194.000000,0.000000,198.000000,1.000000,14-21,-1.000000,""
2133,w0,65,1970183.000000,16,600.000000,1,COMPLETED_SUCCESSFULLY,1970183.000000,65.000000,1970248.000000,0.000000,65.000000,1.000000,6-13 22-29,-1.000000,""
2134,w0,64,1970189.000000,16,600.000000,1,COMPLETED_SUCCESSFULLY,1970189.000000,64.000000,1970253.000000,0.000000,64.000000,1.000000,30-45,-1.000000,""
2135,w0,44,1971710.000000,8,64800.000000,1,COMPLETED_SUCCESSFULLY,1971710.000000,44.000000,1971754.000000,0.000000,44.000000,1.000000,6-13,-1.000000,""
2136,w0,44,1971717.000000,8,64800.000000,1,COMPLETED_SUCCESSFULLY,1971717.000000,44.000000,1971761.000000,0.000000,44.000000,1.000000,14-21,-1.000000,""
2137,w0,192,1972225.000000,8,5400.000000,1,COMPLETED_SUCCESSFULLY,1972225.000000,192.000000,1972417.000000,0.000000,192.000000,1.000000,6-13,-1.000000,""
2138,w0,216,1973279.000000,64,600.000000,1,COMPLETED_SUCCESSFULLY,1973279.000000,216.000000,1973495.000000,0.000000,216.000000,1.000000,6-69,-1.000000,""
2139,w0,189,1973661.000000,8,5400.000000,1,COMPLETED_SUCCESSFULLY,1973661.000000,189.000000,1973850.000000,0.000000,189.000000,1.000000,6-13,-1.000000,""
2140,w0,48,1974430.000000,4,3630.000000,1,COMPLETED_SUCCESSFULLY,1974430.000000,48.000000,1974478.000000,0.000000,48.000000,1.000000,6-9,-1.000000,""
2141,w0,763,1974793.000000,4,3630.000000,1,COMPLETED_SUCCESSFULLY,1974793.000000,763.000000,1975556.000000,0.000000,763.000000,1.000000,6-9,-1.000000,""
2145,w0,64,1976281.000000,4,600.000000,1,COMPLETED_SUCCESSFULLY,1976281.000000,64.000000,1976345.000000,0.000000,64.000000,1.000000,12-15,-1.000000,""
2146,w0,84,1976839.000000,2,1800.000000,1,COMPLETED_SUCCESSFULLY,1976839.000000,84.000000,1976923.000000,0.000000,84.000000,1.000000,12-13,-1.000000,""
2147,w0,43,1978024.000000,8,64800.000000,1,COMPLETED_SUCCESSFULLY,1978024.000000,43.000000,1978067.000000,0.000000,43.000000,1.000000,12-19,-1.000000,""
2148,w0,52,1978781.000000,8,64800.000000,1,COMPLETED_SUCCESSFULLY,1978781.000000,52.000000,1978833.000000,0.000000,52.000000,1.000000,12-19,-1.000000,""
2149,w0,52,1978792.000000,8,64800.000000,1,COMPLETED_SUCCESSFULLY,1978792.000000,52.000000,1978844.000000,0.000000,52.000000,1.000000,20-27,-1.000000,""
2143,w0,3570,1975604.000000,2,64800.000000,1,COMPLETED_SUCCESSFULLY,1975604.000000,3570.000000,1979174.000000,0.000000,3570.000000,1.000000,6-7,-1.000000,""
2150,w0,51,1979448.000000,16,200.000000,1,COMPLETED_SUCCESSFULLY,1979448.000000,51.000000,1979499.000000,0.000000,51.000000,1.000000,6-7 12-25,-1.000000,""
2151,w0,301,1979548.000000,8,3600.000000,1,COMPLETED_SUCCESSFULLY,1979548.000000,301.000000,1979849.000000,0.000000,301.000000,1.000000,6-7 12-17,-1.000000,""
2153,w0,21,1981057.000000,1,7200.000000,1,COMPLETED_SUCCESSFULLY,1981057.000000,21.000000,1981078.000000,0.000000,21.000000,1.000000,74,-1.000000,""
2152,w0,334,1980997.000000,64,600.000000,1,COMPLETED_SUCCESSFULLY,1980997.000000,334.000000,1981331.000000,0.000000,334.000000,1.000000,6-7 12-73,-1.000000,""
2156,w0,52,1981324.000000,64,10800.000000,1,COMPLETED_SUCCESSFULLY,1981324.000000,52.000000,1981376.000000,0.000000,52.000000,1.000000,82-131 133-146,-1.000000,""
2157,w0,73,1981365.000000,4,600.000000,1,COMPLETED_SUCCESSFULLY,1981365.000000,73.000000,1981438.000000,0.000000,73.000000,1.000000,6-7 12-13,-1.000000,""
2155,w0,237,1981274.000000,8,5400.000000,1,COMPLETED_SUCCESSFULLY,1981274.000000,237.000000,1981511.000000,0.000000,237.000000,1.000000,74-81,-1.000000,""
2154,w0,462,1981129.000000,128,1200.000000,1,COMPLETED_SUCCESSFULLY,1981376.000000,462.000000,1981838.000000,247.000000,709.000000,1.534632,14-73 82-131 133-150,-1.000000,""
2159,w0,296,1981724.000000,8,5400.000000,1,COMPLETED_SUCCESSFULLY,1981724.000000,296.000000,1982020.000000,0.000000,296.000000,1.000000,74-81,-1.000000,""
2158,w0,742,1981622.000000,4,3630.000000,1,COMPLETED_SUCCESSFULLY,1981622.000000,742.000000,1982364.000000,0.000000,742.000000,1.000000,6-7 12-13,-1.000000,""
2160,w0,456,1982152.000000,128,1200.000000,1,COMPLETED_SUCCESSFULLY,1982152.000000,456.000000,1982608.000000,0.000000,456.000000,1.000000,14-131 133-142,-1.000000,""
2142,w0,8390,1975084.000000,2,64800.000000,1,COMPLETED_SUCCESSFULLY,1975084.000000,8390.000000,1983474.000000,0.000000,8390.000000,1.000000,10-11,-1.000000,""
2161,w0,432,1983236.000000,4,3630.000000,1,COMPLETED_SUCCESSFULLY,1983236.000000,432.000000,1983668.000000,0.000000,432.000000,1.000000,6-7 12-13,-1.000000,""
2162,w0,310,1983551.000000,64,600.000000,1,COMPLETED_SUCCESSFULLY,1983551.000000,310.000000,1983861.000000,0.000000,310.000000,1.000000,10-11 14-75,-1.000000,""
2163,w0,262,1983716.000000,64,600.000000,1,COMPLETED_SUCCESSFULLY,1983716.000000,262.000000,1983978.000000,0.000000,262.000000,1.000000,6-7 12-13 76-131 133-136,-1.000000,""
2164,w0,272,1984038.000000,64,600.000000,1,COMPLETED_SUCCESSFULLY,1984038.000000,272.000000,1984310.000000,0.000000,272.000000,1.000000,6-7 10-71,-1.000000,""
2165,w0,34,1984466.000000,1,600.000000,1,COMPLETED_SUCCESSFULLY,1984466.000000,34.000000,1984500.000000,0.000000,34.000000,1.000000,6,-1.000000,""
2166,w0,120,1984844.000000,4,7200.000000,1,COMPLETED_SUCCESSFULLY,1984844.000000,120.000000,1984964.000000,0.000000,120.000000,1.000000,6-7 10-11,-1.000000,""
2167,w0,70,1984934.000000,1,600.000000,1,COMPLETED_SUCCESSFULLY,1984934.000000,70.000000,1985004.000000,0.000000,70.000000,1.000000,12,-1.000000,""
2114,w0,20476,1965034.000000,1,64800.000000,1,COMPLETED_SUCCESSFULLY,1965034.000000,20476.000000,1985510.000000,0.000000,20476.000000,1.000000,1,-1.000000,""
2168,w0,29,1985488.000000,1,14400.000000,1,COMPLETED_SUCCESSFULLY,1985488.000000,29.000000,1985517.000000,0.000000,29.000000,1.000000,6,-1.000000,""
2118,w0,20252,1965323.000000,1,64800.000000,1,COMPLETED_SUCCESSFULLY,1965323.000000,20252.000000,1985575.000000,0.000000,20252.000000,1.000000,132,-1.000000,""
2169,w0,183,1986075.000000,64,600.000000,1,COMPLETED_SUCCESSFULLY,1986075.000000,183.000000,1986258.000000,0.000000,183.000000,1.000000,1 6-7 10-70,-1.000000,""
2170,w0,29,1986408.000000,1,600.000000,1,COMPLETED_SUCCESSFULLY,1986408.000000,29.000000,1986437.000000,0.000000,29.000000,1.000000,1,-1.000000,""
2172,w0,29,1986755.000000,1,600.000000,1,COMPLETED_SUCCESSFULLY,1986755.000000,29.000000,1986784.000000,0.000000,29.000000,1.000000,71,-1.000000,""
2171,w0,316,1986481.000000,64,600.000000,1,COMPLETED_SUCCESSFULLY,1986481.000000,316.000000,1986797.000000,0.000000,316.000000,1.000000,1 6-7 10-70,-1.000000,""
2173,w0,80,1986863.000000,4,600.000000,1,COMPLETED_SUCCESSFULLY,1986863.000000,80.000000,1986943.000000,0.000000,80.000000,1.000000,1 6-7 10,-1.000000,""
2119,w0,20828,1966216.000000,1,64800.000000,1,COMPLETED_SUCCESSFULLY,1966216.000000,20828.000000,1987044.000000,0.000000,20828.000000,1.000000,0,-1.000000,""
2174,w0,324,1988088.000000,32,600.000000,1,COMPLETED_SUCCESSFULLY,1988088.000000,324.000000,1988412.000000,0.000000,324.000000,1.000000,0-1 6-7 10-37,-1.000000,""
2175,w0,571,1988457.000000,32,5430.000000,1,COMPLETED_SUCCESSFULLY,1988457.000000,571.000000,1989028.000000,0.000000,571.000000,1.000000,0-1 6-7 10-37,-1.000000,""
2176,w0,48,1998871.000000,2,64800.000000,1,COMPLETED_SUCCESSFULLY,1998871.000000,48.000000,1998919.000000,0.000000,48.000000,1.000000,0-1,-1.000000,""
2178,w0,52,1998944.000000,1,1800.000000,1,COMPLETED_SUCCESSFULLY,1998944.000000,52.000000,1998996.000000,0.000000,52.000000,1.000000,0,-1.000000,""
2179,w0,27,1999766.000000,1,1800.000000,1,COMPLETED_SUCCESSFULLY,1999766.000000,27.000000,1999793.000000,0.000000,27.000000,1.000000,0,-1.000000,""
2123,w0,31894,1967967.000000,4,64800.000000,1,COMPLETED_SUCCESSFULLY,1967967.000000,31894.000000,1999861.000000,0.000000,31894.000000,1.000000,2-5,-1.000000,""
2144,w0,24010,1975871.000000,2,64800.000000,1,COMPLETED_SUCCESSFULLY,1975871.000000,24010.000000,1999881.000000,0.000000,24010.000000,1.000000,8-9,-1.000000,""
2180,w0,57,2000034.000000,1,1800.000000,1,COMPLETED_SUCCESSFULLY,2000034.000000,57.000000,2000091.000000,0.000000,57.000000,1.000000,0,-1.000000,""
2181,w0,29,2000103.000000,1,1800.000000,1,COMPLETED_SUCCESSFULLY,2000103.000000,29.000000,2000132.000000,0.000000,29.000000,1.000000,0,-1.000000,""
2182,w0,38,2000880.000000,1,1800.000000,1,COMPLETED_SUCCESSFULLY,2000880.000000,38.000000,2000918.000000,0.000000,38.000000,1.000000,0,-1.000000,""
2183,w0,41,2001566.000000,1,1800.000000,1,COMPLETED_SUCCESSFULLY,2001566.000000,41.000000,2001607.000000,0.000000,41.000000,1.000000,0,-1.000000,""
2184,w0,435,2001770.000000,1,1800.000000,1,COMPLETED_SUCCESSFULLY,2001770.000000,435.000000,2002205.000000,0.000000,435.000000,1.000000,0,-1.000000,""
2185,w0,41,2003678.000000,1,1800.000000,1,COMPLETED_SUCCESSFULLY,2003678.000000,41.000000,2003719.000000,0.000000,41.000000,1.000000,0,-1.000000,""
2186,w0,41,2003951.000000,1,1800.000000,1,COMPLETED_SUCCESSFULLY,2003951.000000,41.000000,2003992.000000,0.000000,41.000000,1.000000,0,-1.000000,""
2187,w0,44,2004212.000000,1,1800.000000,1,COMPLETED_SUCCESSFULLY,2004212.000000,44.000000,2004256.000000,0.000000,44.000000,1.000000,0,-1.000000,""
2188,w0,179,2004351.000000,64,600.000000,1,COMPLETED_SUCCESSFULLY,2004351.000000,179.000000,2004530.000000,0.000000,179.000000,1.000000,0-5 8-65,-1.000000,""
2189,w0,181,2004375.000000,64,600.000000,1,COMPLETED_SUCCESSFULLY,2004375.000000,181.000000,2004556.000000,0.000000,181.000000,1.000000,66-129,-1.000000,""
2190,w0,419,2004821.000000,1,1800.000000,1,COMPLETED_SUCCESSFULLY,2004821.000000,419.000000,2005240.000000,0.000000,419.000000,1.000000,0,-1.000000,""
2177,w0,11840,1998901.000000,2,64800.000000,1,COMPLETED_SUCCESSFULLY,1998901.000000,11840.000000,2010741.000000,0.000000,11840.000000,1.000000,6-7,-1.000000,""
2193,w0,50,2022570.000000,8,64800.000000,1,COMPLETED_SUCCESSFULLY,2022570.000000,50.000000,2022620.000000,0.000000,50.000000,1.000000,6-13,-1.000000,""
2194,w0,48,2022577.000000,8,64800.000000,1,COMPLETED_SUCCESSFULLY,2022577.000000,48.000000,2022625.000000,0.000000,48.000000,1.000000,14-21,-1.000000,""
2195,w0,52,2022780.000000,8,1800.000000,1,COMPLETED_SUCCESSFULLY,2022780.000000,52.000000,2022832.000000,0.000000,52.000000,1.000000,6-13,-1.000000,""
2196,w0,1315,2028669.000000,32,5430.000000,1,COMPLETED_SUCCESSFULLY,2028669.000000,1315.000000,2029984.000000,0.000000,1315.000000,1.000000,6-37,-1.000000,""
2197,w0,53,2030891.000000,4,64740.000000,1,COMPLETED_SUCCESSFULLY,2030891.000000,53.000000,2030944.000000,0.000000,53.000000,1.000000,6-9,-1.000000,""
2192,w0,40222,2010484.000000,3,61200.000000,1,COMPLETED_SUCCESSFULLY,2010484.000000,40222.000000,2050706.000000,0.000000,40222.000000,1.000000,3-5,-1.000000,""
2191,w0,44131,2010469.000000,3,61200.000000,1,COMPLETED_SUCCESSFULLY,2010469.000000,44131.000000,2054600.000000,0.000000,44131.000000,1.000000,0-2,-1.000000,""
2198,w0,15519,2042480.000000,4,64800.000000,1,COMPLETED_SUCCESSFULLY,2042480.000000,15519.000000,2057999.000000,0.000000,15519.000000,1.000000,6-9,-1.000000,""
2199,w0,9263,2052329.000000,1,64800.000000,1,COMPLETED_SUCCESSFULLY,2052329.000000,9263.000000,2061592.000000,0.000000,9263.000000,1.000000,3,-1.000000,""
2201,w0,203,2065317.000000,4,64800.000000,1,COMPLETED_SUCCESSFULLY,2065317.000000,203.000000,2065520.000000,0.000000,203.000000,1.000000,128-131,-1.000000,""
2200,w0,413,2065179.000000,128,600.000000,1,COMPLETED_SUCCESSFULLY,2065179.000000,413.000000,2065592.000000,0.000000,413.000000,1.000000,0-127,-1.000000,""
2202,w0,202,2065851.000000,4,64800.000000,1,COMPLETED_SUCCESSFULLY,2065851.000000,202.000000,2066053.000000,0.000000,202.000000,1.000000,0-3,-1.000000,""
2205,w0,56,2070677.000000,1,64800.000000,1,COMPLETED_SUCCESSFULLY,2070677.000000,56.000000,2070733.000000,0.000000,56.000000,1.000000,41,-1.000000,""
2208,w0,30,2070940.000000,1,64800.000000,1,COMPLETED_SUCCESSFULLY,2070940.000000,30.000000,2070970.000000,0.000000,30.000000,1.000000,79,-1.000000,""
2206,w0,132,2070902.000000,1,64800.000000,1,COMPLETED_SUCCESSFULLY,2070902.000000,132.000000,2071034.000000,0.000000,132.000000,1.000000,41,-1.000000,""
2209,w0,30,2071015.000000,1,64800.000000,1,COMPLETED_SUCCESSFULLY,2071015.000000,30.000000,2071045.000000,0.000000,30.000000,1.000000,79,-1.000000,""
2215,w0,51,2073303.000000,8,300.000000,1,COMPLETED_SUCCESSFULLY,2073303.000000,51.000000,2073354.000000,0.000000,51.000000,1.000000,82-89,-1.000000,""
2207,w0,4309,2070934.000000,37,10500.000000,1,COMPLETED_SUCCESSFULLY,2070934.000000,4309.000000,2075243.000000,0.000000,4309.000000,1.000000,42-78,-1.000000,""
2219,w0,177,2075467.000000,12,900.000000,1,COMPLETED_SUCCESSFULLY,2075467.000000,177.000000,2075644.000000,0.000000,177.000000,1.000000,42-53,-1.000000,""
2216,w0,2386,2073331.000000,8,3600.000000,1,COMPLETED_SUCCESSFULLY,2073331.000000,2386.000000,2075717.000000,0.000000,2386.000000,1.000000,90-97,-1.000000,""
2221,w0,259,2076188.000000,64,600.000000,1,COMPLETED_SUCCESSFULLY,2076188.000000,259.000000,2076447.000000,0.000000,259.000000,1.000000,42-78 90-116,-1.000000,""
2204,w0,7560,2070621.000000,37,10500.000000,1,COMPLETED_SUCCESSFULLY,2070621.000000,7560.000000,2078181.000000,0.000000,7560.000000,1.000000,4-40,-1.000000,""
2212,w0,215,2071284.000000,125,10500.000000,1,COMPLETED_SUCCESSFULLY,2078181.000000,215.000000,2078396.000000,6897.000000,7112.000000,33.079070,4-40 42-78 90-140,-1.000000,""
2218,w0,367,2074534.000000,129,1200.000000,1,COMPLETED_SUCCESSFULLY,2078396.000000,367.000000,2078763.000000,3862.000000,4229.000000,11.523161,4-40 42-78 90-144,-1.000000,""
2220,w0,218,2075759.000000,129,1200.000000,1,COMPLETED_SUCCESSFULLY,2078763.000000,218.000000,2078981.000000,3004.000000,3222.000000,14.779817,4-40 42-78 90-144,-1.000000,""
2214,w0,8316,2071826.000000,1,64800.000000,1,COMPLETED_SUCCESSFULLY,2071826.000000,8316.000000,2080142.000000,0.000000,8316.000000,1.000000,81,-1.000000,""
2222,w0,4197,2080003.000000,64,36000.000000,1,COMPLETED_SUCCESSFULLY,2080003.000000,4197.000000,2084200.000000,0.000000,4197.000000,1.000000,4-40 42-68,-1.000000,""
2210,w0,20479,2071064.000000,1,64800.000000,1,COMPLETED_SUCCESSFULLY,2071064.000000,20479.000000,2091543.000000,0.000000,20479.000000,1.000000,41,-1.000000,""
2213,w0,20175,2071585.000000,1,64800.000000,1,COMPLETED_SUCCESSFULLY,2071585.000000,20175.000000,2091760.000000,0.000000,20175.000000,1.000000,80,-1.000000,""
2226,w0,495,2094288.000000,37,14100.000000,1,COMPLETED_SUCCESSFULLY,2094288.000000,495.000000,2094783.000000,0.000000,495.000000,1.000000,41-68 75-78 80-81 90-92,-1.000000,""
2203,w0,29464,2068450.000000,4,64740.000000,1,COMPLETED_SUCCESSFULLY,2068450.000000,29464.000000,2097914.000000,0.000000,29464.000000,1.000000,0-3,-1.000000,""
2225,w0,6635,2094148.000000,37,14100.000000,1,COMPLETED_SUCCESSFULLY,2094148.000000,6635.000000,2100783.000000,0.000000,6635.000000,1.000000,4-40,-1.000000,""
2227,w0,363,2101645.000000,1,3600.000000,1,COMPLETED_SUCCESSFULLY,2101645.000000,363.000000,2102008.000000,0.000000,363.000000,1.000000,0,-1.000000,""
2228,w0,47,2102027.000000,2,600.000000,1,COMPLETED_SUCCESSFULLY,2102027.000000,47.000000,2102074.000000,0.000000,47.000000,1.000000,0-1,-1.000000,""
2229,w0,306,2108750.000000,1,7200.000000,1,COMPLETED_SUCCESSFULLY,2108750.000000,306.000000,2109056.000000,0.000000,306.000000,1.000000,0,-1.000000,""
2217,w0,36850,2073446.000000,8,54600.000000,1,COMPLETED_SUCCESSFULLY,2073446.000000,36850.000000,2110296.000000,0.000000,36850.000000,1.000000,82-89,-1.000000,""
2230,w0,305,2110667.000000,1,7200.000000,1,COMPLETED_SUCCESSFULLY,2110667.000000,305.000000,2110972.000000,0.000000,305.000000,1.000000,0,-1.000000,""
2211,w0,40249,2071094.000000,1,64800.000000,1,COMPLETED_SUCCESSFULLY,2071094.000000,40249.000000,2111343.000000,0.000000,40249.000000,1.000000,79,-1.000000,""
2231,w0,306,2111993.000000,1,7200.000000,1,COMPLETED_SUCCESSFULLY,2111993.000000,306.000000,2112299.000000,0.000000,306.000000,1.000000,0,-1.000000,""
2232,w0,304,2113451.000000,1,7200.000000,1,COMPLETED_SUCCESSFULLY,2113451.000000,304.000000,2113755.000000,0.000000,304.000000,1.000000,0,-1.000000,""
2233,w0,304,2114049.000000,1,600.000000,1,COMPLETED_SUCCESSFULLY,2114049.000000,304.000000,2114353.000000,0.000000,304.000000,1.000000,0,-1.000000,""
2234,w0,304,2115478.000000,1,600.000000,1,COMPLETED_SUCCESSFULLY,2115478.000000,304.000000,2115782.000000,0.000000,304.000000,1.000000,0,-1.000000,""
2235,w0,303,2116384.000000,1,600.000000,1,COMPLETED_SUCCESSFULLY,2116384.000000,303.000000,2116687.000000,0.000000,303.000000,1.000000,0,-1.000000,""
2236,w0,312,2117453.000000,1,600.000000,1,COMPLETED_SUCCESSFULLY,2117453.000000,312.000000,2117765.000000,0.000000,312.000000,1.000000,0,-1.000000,""
2237,w0,311,2118504.000000,1,600.000000,1,COMPLETED_SUCCESSFULLY,2118504.000000,311.000000,2118815.000000,0.000000,311.000000,1.000000,0,-1.000000,""
2238,w0,311,2119247.000000,1,600.000000,1,COMPLETED_SUCCESSFULLY,2119247.000000,311.000000,2119558.000000,0.000000,311.000000,1.000000,0,-1.000000,""
2239,w0,311,2119919.000000,1,600.000000,1,COMPLETED_SUCCESSFULLY,2119919.000000,311.000000,2120230.000000,0.000000,311.000000,1.000000,0,-1.000000,""
2240,w0,312,2120662.000000,1,600.000000,1,COMPLETED_SUCCESSFULLY,2120662.000000,312.000000,2120974.000000,0.000000,312.000000,1.000000,0,-1.000000,""
2241,w0,311,2121158.000000,1,600.000000,1,COMPLETED_SUCCESSFULLY,2121158.000000,311.000000,2121469.000000,0.000000,311.000000,1.000000,0,-1.000000,""
2242,w0,312,2121758.000000,1,600.000000,1,COMPLETED_SUCCESSFULLY,2121758.000000,312.000000,2122070.000000,0.000000,312.000000,1.000000,0,-1.000000,""
2224,w0,40423,2083213.000000,3,46800.000000,1,COMPLETED_SUCCESSFULLY,2083213.000000,40423.000000,2123636.000000,0.000000,40423.000000,1.000000,72-74,-1.000000,""
2243,w0,236,2125767.000000,1,600.000000,1,COMPLETED_SUCCESSFULLY,2125767.000000,236.000000,2126003.000000,0.000000,236.000000,1.000000,0,-1.000000,""
2244,w0,38,2128174.000000,1,600.000000,1,COMPLETED_SUCCESSFULLY,2128174.000000,38.000000,2128212.000000,0.000000,38.000000,1.000000,0,-1.000000,""
2223,w0,45189,2083190.000000,3,46800.000000,1,COMPLETED_SUCCESSFULLY,2083190.000000,45189.000000,2128379.000000,0.000000,45189.000000,1.000000,69-71,-1.000000,""
2245,w0,35,2130523.000000,1,1800.000000,1,COMPLETED_SUCCESSFULLY,2130523.000000,35.000000,2130558.000000,0.000000,35.000000,1.000000,0,-1.000000,""
2247,w0,27,2131697.000000,1,1800.000000,1,COMPLETED_SUCCESSFULLY,2131697.000000,27.000000,2131724.000000,0.000000,27.000000,1.000000,129,-1.000000,""
2246,w0,297,2131667.000000,129,1200.000000,1,COMPLETED_SUCCESSFULLY,2131667.000000,297.000000,2131964.000000,0.000000,297.000000,1.000000,0-128,-1.000000,""
2248,w0,486,2131702.000000,129,1200.000000,1,COMPLETED_SUCCESSFULLY,2131964.000000,486.000000,2132450.000000,262.000000,748.000000,1.539095,0-128,-1.000000,""
2249,w0,70,2135559.000000,4,64800.000000,1,COMPLETED_SUCCESSFULLY,2135559.000000,70.000000,2135629.000000,0.000000,70.000000,1.000000,0-3,-1.000000,""
2251,w0,34,2136598.000000,1,1800.000000,1,COMPLETED_SUCCESSFULLY,2136598.000000,34.000000,2136632.000000,0.000000,34.000000,1.000000,1,-1.000000,""
2250,w0,231,2136469.000000,1,1200.000000,1,COMPLETED_SUCCESSFULLY,2136469.000000,231.000000,2136700.000000,0.000000,231.000000,1.000000,0,-1.000000,""
2252,w0,255,2136895.000000,1,1200.000000,1,COMPLETED_SUCCESSFULLY,2136895.000000,255.000000,2137150.000000,0.000000,255.000000,1.000000,0,-1.000000,""
2253,w0,305,2138335.000000,1,1200.000000,1,COMPLETED_SUCCESSFULLY,2138335.000000,305.000000,2138640.000000,0.000000,305.000000,1.000000,0,-1.000000,""
2255,w0,63,2139071.000000,4,300.000000,1,COMPLETED_SUCCESSFULLY,2139071.000000,63.000000,2139134.000000,0.000000,63.000000,1.000000,1-4,-1.000000,""
2254,w0,305,2138942.000000,1,1200.000000,1,COMPLETED_SUCCESSFULLY,2138942.000000,305.000000,2139247.000000,0.000000,305.000000,1.000000,0,-1.000000,""
2256,w0,61,2139402.000000,4,300.000000,1,COMPLETED_SUCCESSFULLY,2139402.000000,61.000000,2139463.000000,0.000000,61.000000,1.000000,0-3,-1.000000,""
2257,w0,62,2139783.000000,4,300.000000,1,COMPLETED_SUCCESSFULLY,2139783.000000,62.000000,2139845.000000,0.000000,62.000000,1.000000,0-3,-1.000000,""
2258,w0,65,2139989.000000,4,300.000000,1,COMPLETED_SUCCESSFULLY,2139989.000000,65.000000,2140054.000000,0.000000,65.000000,1.000000,0-3,-1.000000,""
2259,w0,333,2140198.000000,1,1200.000000,1,COMPLETED_SUCCESSFULLY,2140198.000000,333.000000,2140531.000000,0.000000,333.000000,1.000000,0,-1.000000,""
2260,w0,47,2140829.000000,4,300.000000,1,COMPLETED_SUCCESSFULLY,2140829.000000,47.000000,2140876.000000,0.000000,47.000000,1.000000,0-3,-1.000000,""
2261,w0,571,2140982.000000,64,2400.000000,1,COMPLETED_SUCCESSFULLY,2140982.000000,571.000000,2141553.000000,0.000000,571.000000,1.000000,0-63,-1.000000,""
2268,w0,300,2143078.000000,64,600.000000,1,COMPLETED_SUCCESSFULLY,2143078.000000,300.000000,2143378.000000,0.000000,300.000000,1.000000,0-63,-1.000000,""
2270,w0,307,2143479.000000,64,600.000000,1,COMPLETED_SUCCESSFULLY,2143479.000000,307.000000,2143786.000000,0.000000,307.000000,1.000000,0-63,-1.000000,""
2269,w0,938,2143216.000000,64,2400.000000,1,COMPLETED_SUCCESSFULLY,2143216.000000,938.000000,2144154.000000,0.000000,938.000000,1.000000,82-145,-1.000000,""
2271,w0,987,2144048.000000,4,18000.000000,1,COMPLETED_SUCCESSFULLY,2144048.000000,987.000000,2145035.000000,0.000000,987.000000,1.000000,0-3,-1.000000,""
2273,w0,746,2148619.000000,64,720.000000,0,COMPLETED_WALLTIME_REACHED,2148619.000000,720.000000,2149339.000000,0.000000,720.000000,1.000000,0-3 8-63 82-85,-1.000000,""
2274,w0,112,2152051.000000,8,45000.000000,1,COMPLETED_SUCCESSFULLY,2152051.000000,112.000000,2152163.000000,0.000000,112.000000,1.000000,0-3 8-11,-1.000000,""
2275,w0,96,2152179.000000,1,1140.000000,1,COMPLETED_SUCCESSFULLY,2152179.000000,96.000000,2152275.000000,0.000000,96.000000,1.000000,0,-1.000000,""
2276,w0,71,2152381.000000,1,1140.000000,1,COMPLETED_SUCCESSFULLY,2152381.000000,71.000000,2152452.000000,0.000000,71.000000,1.000000,0,-1.000000,""
2277,w0,62,2152536.000000,1,1140.000000,1,COMPLETED_SUCCESSFULLY,2152536.000000,62.000000,2152598.000000,0.000000,62.000000,1.000000,0,-1.000000,""
2278,w0,71,2152731.000000,1,1140.000000,1,COMPLETED_SUCCESSFULLY,2152731.000000,71.000000,2152802.000000,0.000000,71.000000,1.000000,0,-1.000000,""
2279,w0,62,2152945.000000,1,1140.000000,1,COMPLETED_SUCCESSFULLY,2152945.000000,62.000000,2153007.000000,0.000000,62.000000,1.000000,0,-1.000000,""
2280,w0,179,2153026.000000,1,1140.000000,1,COMPLETED_SUCCESSFULLY,2153026.000000,179.000000,2153205.000000,0.000000,179.000000,1.000000,0,-1.000000,""
2282,w0,27,2153267.000000,1,1140.000000,1,COMPLETED_SUCCESSFULLY,2153267.000000,27.000000,2153294.000000,0.000000,27.000000,1.000000,86,-1.000000,""
2281,w0,396,2153226.000000,64,600.000000,1,COMPLETED_SUCCESSFULLY,2153226.000000,396.000000,2153622.000000,0.000000,396.000000,1.000000,0-3 8-63 82-85,-1.000000,""
2283,w0,82,2153930.000000,8,45000.000000,1,COMPLETED_SUCCESSFULLY,2153930.000000,82.000000,2154012.000000,0.000000,82.000000,1.000000,0-3 8-11,-1.000000,""
2285,w0,94,2154768.000000,1,1800.000000,1,COMPLETED_SUCCESSFULLY,2154768.000000,94.000000,2154862.000000,0.000000,94.000000,1.000000,12,-1.000000,""
2286,w0,87,2154849.000000,8,45000.000000,1,COMPLETED_SUCCESSFULLY,2154849.000000,87.000000,2154936.000000,0.000000,87.000000,1.000000,13-20,-1.000000,""
2287,w0,103,2155366.000000,1,1800.000000,1,COMPLETED_SUCCESSFULLY,2155366.000000,103.000000,2155469.000000,0.000000,103.000000,1.000000,12,-1.000000,""
2289,w0,73,2155479.000000,8,45000.000000,1,COMPLETED_SUCCESSFULLY,2155479.000000,73.000000,2155552.000000,0.000000,73.000000,1.000000,27-34,-1.000000,""
2291,w0,219,2156023.000000,1,1800.000000,1,COMPLETED_SUCCESSFULLY,2156023.000000,219.000000,2156242.000000,0.000000,219.000000,1.000000,29,-1.000000,""
2292,w0,53,2156594.000000,8,45000.000000,1,COMPLETED_SUCCESSFULLY,2156594.000000,53.000000,2156647.000000,0.000000,53.000000,1.000000,29-36,-1.000000,""
2293,w0,53,2156863.000000,8,45000.000000,1,COMPLETED_SUCCESSFULLY,2156863.000000,53.000000,2156916.000000,0.000000,53.000000,1.000000,29-36,-1.000000,""
2272,w0,14028,2144311.000000,4,18000.000000,1,COMPLETED_SUCCESSFULLY,2144311.000000,14028.000000,2158339.000000,0.000000,14028.000000,1.000000,4-7,-1.000000,""
2290,w0,4306,2155791.000000,2,64800.000000,1,COMPLETED_SUCCESSFULLY,2155791.000000,4306.000000,2160097.000000,0.000000,4306.000000,1.000000,27-28,-1.000000,""
2296,w0,53,2160199.000000,8,45000.000000,1,COMPLETED_SUCCESSFULLY,2160199.000000,53.000000,2160252.000000,0.000000,53.000000,1.000000,6-7 27-28 31-34,-1.000000,""
2297,w0,43,2160367.000000,8,45000.000000,1,COMPLETED_SUCCESSFULLY,2160367.000000,43.000000,2160410.000000,0.000000,43.000000,1.000000,6-7 27-28 31-34,-1.000000,""
2299,w0,43,2160884.000000,8,45000.000000,1,COMPLETED_SUCCESSFULLY,2160884.000000,43.000000,2160927.000000,0.000000,43.000000,1.000000,35-42,-1.000000,""
2298,w0,311,2160831.000000,8,1200.000000,1,COMPLETED_SUCCESSFULLY,2160831.000000,311.000000,2161142.000000,0.000000,311.000000,1.000000,6-7 27-28 31-34,-1.000000,""
2300,w0,42,2161144.000000,8,45000.000000,1,COMPLETED_SUCCESSFULLY,2161144.000000,42.000000,2161186.000000,0.000000,42.000000,1.000000,6-7 27-28 31-34,-1.000000,""
2302,w0,1363,2161998.000000,4,64800.000000,1,COMPLETED_SUCCESSFULLY,2161998.000000,1363.000000,2163361.000000,0.000000,1363.000000,1.000000,6-7 27-28,-1.000000,""
2304,w0,661,2162994.000000,8,1200.000000,1,COMPLETED_SUCCESSFULLY,2162994.000000,661.000000,2163655.000000,0.000000,661.000000,1.000000,86-93,-1.000000,""
2303,w0,1884,2162134.000000,37,14100.000000,1,COMPLETED_SUCCESSFULLY,2162134.000000,1884.000000,2164018.000000,0.000000,1884.000000,1.000000,31-63 82-85,-1.000000,""
2308,w0,145,2164048.000000,1,1800.000000,1,COMPLETED_SUCCESSFULLY,2164048.000000,145.000000,2164193.000000,0.000000,145.000000,1.000000,31,-1.000000,""
2309,w0,44,2164205.000000,8,45000.000000,1,COMPLETED_SUCCESSFULLY,2164205.000000,44.000000,2164249.000000,0.000000,44.000000,1.000000,31-38,-1.000000,""
2307,w0,664,2163790.000000,8,1200.000000,1,COMPLETED_SUCCESSFULLY,2163790.000000,664.000000,2164454.000000,0.000000,664.000000,1.000000,6-7 27-28 86-89,-1.000000,""
2312,w0,236,2164311.000000,1,1800.000000,1,COMPLETED_SUCCESSFULLY,2164311.000000,236.000000,2164547.000000,0.000000,236.000000,1.000000,117,-1.000000,""
2310,w0,312,2164296.000000,64,600.000000,1,COMPLETED_SUCCESSFULLY,2164296.000000,312.000000,2164608.000000,0.000000,312.000000,1.000000,31-63 82-85 90-116,-1.000000,""
2311,w0,187,2164302.000000,64,600.000000,1,COMPLETED_SUCCESSFULLY,2164608.000000,187.000000,2164795.000000,306.000000,493.000000,2.636364,6-7 27-28 31-63 82-108,-1.000000,""
2315,w0,43,2165121.000000,1,1800.000000,1,COMPLETED_SUCCESSFULLY,2165121.000000,43.000000,2165164.000000,0.000000,43.000000,1.000000,109,-1.000000,""
2316,w0,43,2165372.000000,8,1800.000000,1,COMPLETED_SUCCESSFULLY,2165372.000000,43.000000,2165415.000000,0.000000,43.000000,1.000000,109-116,-1.000000,""
2294,w0,8395,2157322.000000,2,64800.000000,1,COMPLETED_SUCCESSFULLY,2157322.000000,8395.000000,2165717.000000,0.000000,8395.000000,1.000000,29-30,-1.000000,""
2314,w0,1092,2165045.000000,64,36000.000000,1,COMPLETED_SUCCESSFULLY,2165045.000000,1092.000000,2166137.000000,0.000000,1092.000000,1.000000,6-7 27-28 31-63 82-108,-1.000000,""
2262,w0,26087,2141027.000000,3,54000.000000,1,COMPLETED_SUCCESSFULLY,2141027.000000,26087.000000,2167114.000000,0.000000,26087.000000,1.000000,64-66,-1.000000,""
2317,w0,233,2166981.000000,1,1800.000000,1,COMPLETED_SUCCESSFULLY,2166981.000000,233.000000,2167214.000000,0.000000,233.000000,1.000000,6,-1.000000,""
2318,w0,237,2167468.000000,1,1800.000000,1,COMPLETED_SUCCESSFULLY,2167468.000000,237.000000,2167705.000000,0.000000,237.000000,1.000000,6,-1.000000,""
2305,w0,1400,2163033.000000,125,10500.000000,1,COMPLETED_SUCCESSFULLY,2167114.000000,1400.000000,2168514.000000,4081.000000,5481.000000,3.915000,7 27-66 82-117 122-169,-1.000000,""
2319,w0,227,2168577.000000,1,1800.000000,1,COMPLETED_SUCCESSFULLY,2168577.000000,227.000000,2168804.000000,0.000000,227.000000,1.000000,169,-1.000000,""
2321,w0,250,2169153.000000,1,1800.000000,1,COMPLETED_SUCCESSFULLY,2169153.000000,250.000000,2169403.000000,0.000000,250.000000,1.000000,169,-1.000000,""
2306,w0,1269,2163334.000000,125,10500.000000,1,COMPLETED_SUCCESSFULLY,2168514.000000,1269.000000,2169783.000000,5180.000000,6449.000000,5.081954,6-7 27-66 82-117 122-168,-1.000000,""
2322,w0,232,2169788.000000,1,1800.000000,1,COMPLETED_SUCCESSFULLY,2169788.000000,232.000000,2170020.000000,0.000000,232.000000,1.000000,37,-1.000000,""
2288,w0,16054,2155472.000000,15,64800.000000,1,COMPLETED_SUCCESSFULLY,2155472.000000,16054.000000,2171526.000000,0.000000,16054.000000,1.000000,12-26,-1.000000,""
2301,w0,584,2161268.000000,129,1200.000000,1,COMPLETED_SUCCESSFULLY,2171526.000000,584.000000,2172110.000000,10258.000000,10842.000000,18.565068,12-26 37-66 82-117 122-169,-1.000000,""
2323,w0,246,2172407.000000,1,1800.000000,1,COMPLETED_SUCCESSFULLY,2172407.000000,246.000000,2172653.000000,0.000000,246.000000,1.000000,12,-1.000000,""
2284,w0,18376,2154602.000000,8,64800.000000,1,COMPLETED_SUCCESSFULLY,2154602.000000,18376.000000,2172978.000000,0.000000,18376.000000,1.000000,0-3 8-11,-1.000000,""
2313,w0,9197,2164434.000000,4,10800.000000,1,COMPLETED_SUCCESSFULLY,2164434.000000,9197.000000,2173631.000000,0.000000,9197.000000,1.000000,118-121,-1.000000,""
2264,w0,34678,2141060.000000,3,54000.000000,1,COMPLETED_SUCCESSFULLY,2141060.000000,34678.000000,2175738.000000,0.000000,34678.000000,1.000000,70-72,-1.000000,""
2295,w0,16160,2159724.000000,2,64800.000000,1,COMPLETED_SUCCESSFULLY,2159724.000000,16160.000000,2175884.000000,0.000000,16160.000000,1.000000,4-5,-1.000000,""
2263,w0,34841,2141044.000000,3,54000.000000,1,COMPLETED_SUCCESSFULLY,2141044.000000,34841.000000,2175885.000000,0.000000,34841.000000,1.000000,67-69,-1.000000,""
2265,w0,35301,2141113.000000,3,54000.000000,1,COMPLETED_SUCCESSFULLY,2141113.000000,35301.000000,2176414.000000,0.000000,35301.000000,1.000000,73-75,-1.000000,""
2267,w0,41815,2141230.000000,3,54000.000000,1,COMPLETED_SUCCESSFULLY,2141230.000000,41815.000000,2183045.000000,0.000000,41815.000000,1.000000,79-81,-1.000000,""
2266,w0,42044,2141215.000000,3,54000.000000,1,COMPLETED_SUCCESSFULLY,2141215.000000,42044.000000,2183259.000000,0.000000,42044.000000,1.000000,76-78,-1.000000,""
2324,w0,13733,2172417.000000,37,14100.000000,1,COMPLETED_SUCCESSFULLY,2172417.000000,13733.000000,2186150.000000,0.000000,13733.000000,1.000000,13-26 37-59,-1.000000,""
2326,w0,13376,2172591.000000,64,18000.000000,1,COMPLETED_SUCCESSFULLY,2172978.000000,13376.000000,2186354.000000,387.000000,13763.000000,1.028932,0-3 8-12 112-117 122-170,-1.000000,""
2325,w0,13925,2172515.000000,37,14100.000000,1,COMPLETED_SUCCESSFULLY,2172515.000000,13925.000000,2186440.000000,0.000000,13925.000000,1.000000,60-66 82-111,-1.000000,""
2333,w0,50,2186839.000000,8,64800.000000,1,COMPLETED_SUCCESSFULLY,2186839.000000,50.000000,2186889.000000,0.000000,50.000000,1.000000,60-66 82,-1.000000,""
2329,w0,1926,2174434.000000,37,14100.000000,1,COMPLETED_SUCCESSFULLY,2186354.000000,1926.000000,2188280.000000,11920.000000,13846.000000,7.188993,123-159,-1.000000,""
2337,w0,313,2190837.000000,3,3600.000000,1,COMPLETED_SUCCESSFULLY,2190837.000000,313.000000,2191150.000000,0.000000,313.000000,1.000000,154-156,-1.000000,""
2336,w0,600,2190799.000000,1,4800.000000,1,COMPLETED_SUCCESSFULLY,2190799.000000,600.000000,2191399.000000,0.000000,600.000000,1.000000,153,-1.000000,""
2330,w0,3892,2181095.000000,64,64800.000000,1,COMPLETED_SUCCESSFULLY,2188280.000000,3892.000000,2192172.000000,7185.000000,11077.000000,2.846095,60-66 82-111 123-149,-1.000000,""
2331,w0,192,2181724.000000,64,600.000000,1,COMPLETED_SUCCESSFULLY,2192172.000000,192.000000,2192364.000000,10448.000000,10640.000000,55.416667,60-66 82-111 123-149,-1.000000,""
2332,w0,192,2181728.000000,64,600.000000,1,COMPLETED_SUCCESSFULLY,2192364.000000,192.000000,2192556.000000,10636.000000,10828.000000,56.395833,60-66 82-111 123-149,-1.000000,""
2334,w0,84,2189252.000000,64,25200.000000,1,COMPLETED_SUCCESSFULLY,2192556.000000,84.000000,2192640.000000,3304.000000,3388.000000,40.333333,60-66 82-111 123-149,-1.000000,""
2338,w0,230,2193968.000000,1,1800.000000,1,COMPLETED_SUCCESSFULLY,2193968.000000,230.000000,2194198.000000,0.000000,230.000000,1.000000,60,-1.000000,""
2339,w0,240,2195009.000000,1,1800.000000,1,COMPLETED_SUCCESSFULLY,2195009.000000,240.000000,2195249.000000,0.000000,240.000000,1.000000,60,-1.000000,""
2327,w0,11582,2174075.000000,37,14100.000000,1,COMPLETED_SUCCESSFULLY,2186150.000000,11582.000000,2197732.000000,12075.000000,23657.000000,2.042566,4-5 13-26 37-57,-1.000000,""
2328,w0,11792,2174341.000000,37,14100.000000,1,COMPLETED_SUCCESSFULLY,2186354.000000,11792.000000,2198146.000000,12013.000000,23805.000000,2.018742,0-3 8-12 58-59 67-81 112-122,-1.000000,""
2341,w0,27,2198204.000000,1,1800.000000,1,COMPLETED_SUCCESSFULLY,2198204.000000,27.000000,2198231.000000,0.000000,27.000000,1.000000,0,-1.000000,""
2342,w0,27,2198429.000000,1,1800.000000,1,COMPLETED_SUCCESSFULLY,2198429.000000,27.000000,2198456.000000,0.000000,27.000000,1.000000,0,-1.000000,""
2344,w0,238,2199474.000000,1,1800.000000,1,COMPLETED_SUCCESSFULLY,2199474.000000,238.000000,2199712.000000,0.000000,238.000000,1.000000,3,-1.000000,""
2343,w0,954,2199174.000000,3,3600.000000,1,COMPLETED_SUCCESSFULLY,2199174.000000,954.000000,2200128.000000,0.000000,954.000000,1.000000,0-2,-1.000000,""
2345,w0,240,2200013.000000,1,1800.000000,1,COMPLETED_SUCCESSFULLY,2200013.000000,240.000000,2200253.000000,0.000000,240.000000,1.000000,3,-1.000000,""
2347,w0,239,2201586.000000,1,1800.000000,1,COMPLETED_SUCCESSFULLY,2201586.000000,239.000000,2201825.000000,0.000000,239.000000,1.000000,144,-1.000000,""
2346,w0,1648,2201452.000000,129,3600.000000,1,COMPLETED_SUCCESSFULLY,2201452.000000,1648.000000,2203100.000000,0.000000,1648.000000,1.000000,0-5 8-26 37-59 63-143,-1.000000,""
2349,w0,508,2202646.000000,3,3600.000000,1,COMPLETED_SUCCESSFULLY,2202646.000000,508.000000,2203154.000000,0.000000,508.000000,1.000000,147-149,-1.000000,""
2350,w0,283,2203204.000000,3,3600.000000,1,COMPLETED_SUCCESSFULLY,2203204.000000,283.000000,2203487.000000,0.000000,283.000000,1.000000,0-2,-1.000000,""
2352,w0,60,2203650.000000,4,43200.000000,1,COMPLETED_SUCCESSFULLY,2203650.000000,60.000000,2203710.000000,0.000000,60.000000,1.000000,3-5 8,-1.000000,""
2348,w0,1915,2202055.000000,3,3600.000000,1,COMPLETED_SUCCESSFULLY,2202055.000000,1915.000000,2203970.000000,0.000000,1915.000000,1.000000,144-146,-1.000000,""
2351,w0,3294,2203504.000000,3,9000.000000,1,COMPLETED_SUCCESSFULLY,2203504.000000,3294.000000,2206798.000000,0.000000,3294.000000,1.000000,0-2,-1.000000,""
2356,w0,376,2207323.000000,12,1800.000000,1,COMPLETED_SUCCESSFULLY,2207323.000000,376.000000,2207699.000000,0.000000,376.000000,1.000000,0-2 14-22,-1.000000,""
2353,w0,1801,2206457.000000,3,1800.000000,0,COMPLETED_WALLTIME_REACHED,2206457.000000,1800.000000,2208257.000000,0.000000,1800.000000,1.000000,3-5,-1.000000,""
2361,w0,4736,2218723.000000,16,64800.000000,1,COMPLETED_SUCCESSFULLY,2218723.000000,4736.000000,2223459.000000,0.000000,4736.000000,1.000000,103-118,-1.000000,""
2362,w0,227,2225727.000000,1,1800.000000,1,COMPLETED_SUCCESSFULLY,2225727.000000,227.000000,2225954.000000,0.000000,227.000000,1.000000,103,-1.000000,""
2359,w0,14989,2211254.000000,12,43200.000000,1,COMPLETED_SUCCESSFULLY,2211254.000000,14989.000000,2226243.000000,0.000000,14989.000000,1.000000,3-5 14-22,-1.000000,""
2363,w0,252,2226379.000000,1,1800.000000,1,COMPLETED_SUCCESSFULLY,2226379.000000,252.000000,2226631.000000,0.000000,252.000000,1.000000,3,-1.000000,""
2364,w0,256,2226730.000000,1,1800.000000,1,COMPLETED_SUCCESSFULLY,2226730.000000,256.000000,2226986.000000,0.000000,256.000000,1.000000,3,-1.000000,""
2335,w0,36660,2190354.000000,3,45000.000000,1,COMPLETED_SUCCESSFULLY,2190354.000000,36660.000000,2227014.000000,0.000000,36660.000000,1.000000,150-152,-1.000000,""
2365,w0,247,2227323.000000,1,1800.000000,1,COMPLETED_SUCCESSFULLY,2227323.000000,247.000000,2227570.000000,0.000000,247.000000,1.000000,3,-1.000000,""
2320,w0,59178,2169016.000000,12,61800.000000,1,COMPLETED_SUCCESSFULLY,2169783.000000,59178.000000,2228961.000000,767.000000,59945.000000,1.012961,6-7 27-36,-1.000000,""
2366,w0,51,2229172.000000,8,64800.000000,1,COMPLETED_SUCCESSFULLY,2229172.000000,51.000000,2229223.000000,0.000000,51.000000,1.000000,3-7 14-16,-1.000000,""
2367,w0,49,2229181.000000,8,64800.000000,1,COMPLETED_SUCCESSFULLY,2229181.000000,49.000000,2229230.000000,0.000000,49.000000,1.000000,17-22 27-28,-1.000000,""
2368,w0,240,2229257.000000,1,1800.000000,1,COMPLETED_SUCCESSFULLY,2229257.000000,240.000000,2229497.000000,0.000000,240.000000,1.000000,3,-1.000000,""
2369,w0,235,2229744.000000,1,1800.000000,1,COMPLETED_SUCCESSFULLY,2229744.000000,235.000000,2229979.000000,0.000000,235.000000,1.000000,3,-1.000000,""
2370,w0,242,2230359.000000,1,1800.000000,1,COMPLETED_SUCCESSFULLY,2230359.000000,242.000000,2230601.000000,0.000000,242.000000,1.000000,3,-1.000000,""
2371,w0,266,2230707.000000,1,1800.000000,1,COMPLETED_SUCCESSFULLY,2230707.000000,266.000000,2230973.000000,0.000000,266.000000,1.000000,3,-1.000000,""
2372,w0,86,2231199.000000,29,64800.000000,1,COMPLETED_SUCCESSFULLY,2231199.000000,86.000000,2231285.000000,0.000000,86.000000,1.000000,3-7 14-22 27-36 103-107,-1.000000,""
2373,w0,191,2232764.000000,1,21600.000000,1,COMPLETED_SUCCESSFULLY,2232764.000000,191.000000,2232955.000000,0.000000,191.000000,1.000000,3,-1.000000,""
2360,w0,17760,2218459.000000,64,25200.000000,1,COMPLETED_SUCCESSFULLY,2218459.000000,17760.000000,2236219.000000,0.000000,17760.000000,1.000000,26 37-59 63-102,-1.000000,""
2377,w0,67,2236671.000000,8,64800.000000,1,COMPLETED_SUCCESSFULLY,2236671.000000,67.000000,2236738.000000,0.000000,67.000000,1.000000,7 14-20,-1.000000,""
2379,w0,53,2237045.000000,8,64800.000000,1,COMPLETED_SUCCESSFULLY,2237045.000000,53.000000,2237098.000000,0.000000,53.000000,1.000000,21-22 26-31,-1.000000,""
2378,w0,3455,2236966.000000,8,64800.000000,1,COMPLETED_SUCCESSFULLY,2236966.000000,3455.000000,2240421.000000,0.000000,3455.000000,1.000000,7 14-20,-1.000000,""
2340,w0,43898,2197574.000000,3,46800.000000,1,COMPLETED_SUCCESSFULLY,2197574.000000,43898.000000,2241472.000000,0.000000,43898.000000,1.000000,60-62,-1.000000,""
2381,w0,48,2241704.000000,2,7200.000000,1,COMPLETED_SUCCESSFULLY,2241704.000000,48.000000,2241752.000000,0.000000,48.000000,1.000000,17-18,-1.000000,""
2375,w0,7476,2235869.000000,2,64800.000000,1,COMPLETED_SUCCESSFULLY,2235869.000000,7476.000000,2243345.000000,0.000000,7476.000000,1.000000,4-5,-1.000000,""
2383,w0,373,2243737.000000,12,600.000000,1,COMPLETED_SUCCESSFULLY,2243737.000000,373.000000,2244110.000000,0.000000,373.000000,1.000000,4-5 36-45,-1.000000,""
2384,w0,348,2244734.000000,12,600.000000,1,COMPLETED_SUCCESSFULLY,2244734.000000,348.000000,2245082.000000,0.000000,348.000000,1.000000,4-5 36-45,-1.000000,""
2386,w0,63,2245195.000000,37,14100.000000,1,COMPLETED_SUCCESSFULLY,2245195.000000,63.000000,2245258.000000,0.000000,63.000000,1.000000,4-5 36-45 83-107,-1.000000,""
2388,w0,67,2245421.000000,37,14100.000000,1,COMPLETED_SUCCESSFULLY,2245421.000000,67.000000,2245488.000000,0.000000,67.000000,1.000000,108-144,-1.000000,""
2376,w0,9611,2236480.000000,1,21600.000000,1,COMPLETED_SUCCESSFULLY,2236480.000000,9611.000000,2246091.000000,0.000000,9611.000000,1.000000,6,-1.000000,""
2380,w0,5198,2240981.000000,4,23400.000000,1,COMPLETED_SUCCESSFULLY,2240981.000000,5198.000000,2246179.000000,0.000000,5198.000000,1.000000,7 14-16,-1.000000,""
2385,w0,1503,2245005.000000,37,14100.000000,1,COMPLETED_SUCCESSFULLY,2245005.000000,1503.000000,2246508.000000,0.000000,1503.000000,1.000000,46-82,-1.000000,""
2389,w0,1558,2245546.000000,37,14100.000000,1,COMPLETED_SUCCESSFULLY,2245546.000000,1558.000000,2247104.000000,0.000000,1558.000000,1.000000,108-144,-1.000000,""
2392,w0,268,2247653.000000,1,1800.000000,1,COMPLETED_SUCCESSFULLY,2247653.000000,268.000000,2247921.000000,0.000000,268.000000,1.000000,140,-1.000000,""
2390,w0,1492,2245667.000000,37,14100.000000,1,COMPLETED_SUCCESSFULLY,2246508.000000,1492.000000,2248000.000000,841.000000,2333.000000,1.563673,6-7 14-16 46-77,-1.000000,""
2393,w0,85,2248072.000000,64,3600.000000,1,COMPLETED_SUCCESSFULLY,2248072.000000,85.000000,2248157.000000,0.000000,85.000000,1.000000,6-7 14-16 46-77 140-166,-1.000000,""
2394,w0,40,2248203.000000,1,1800.000000,1,COMPLETED_SUCCESSFULLY,2248203.000000,40.000000,2248243.000000,0.000000,40.000000,1.000000,6,-1.000000,""
2382,w0,6072,2242297.000000,16,7200.000000,1,COMPLETED_SUCCESSFULLY,2242297.000000,6072.000000,2248369.000000,0.000000,6072.000000,1.000000,17-22 26-35,-1.000000,""
2395,w0,112,2248430.000000,7,1200.000000,1,COMPLETED_SUCCESSFULLY,2248430.000000,112.000000,2248542.000000,0.000000,112.000000,1.000000,6-7 14-18,-1.000000,""
2396,w0,267,2248491.000000,1,1800.000000,1,COMPLETED_SUCCESSFULLY,2248491.000000,267.000000,2248758.000000,0.000000,267.000000,1.000000,19,-1.000000,""
2391,w0,2172,2245913.000000,37,14100.000000,1,COMPLETED_SUCCESSFULLY,2247104.000000,2172.000000,2249276.000000,1191.000000,3363.000000,1.548343,78-82 108-139,-1.000000,""
2401,w0,926,2248712.000000,8,1800.000000,1,COMPLETED_SUCCESSFULLY,2248712.000000,926.000000,2249638.000000,0.000000,926.000000,1.000000,6-7 14-18 20,-1.000000,""
2403,w0,517,2249344.000000,4,39600.000000,1,COMPLETED_SUCCESSFULLY,2249344.000000,517.000000,2249861.000000,0.000000,517.000000,1.000000,27-30,-1.000000,""
2358,w0,41962,2208656.000000,3,46800.000000,1,COMPLETED_SUCCESSFULLY,2208656.000000,41962.000000,2250618.000000,0.000000,41962.000000,1.000000,0-2,-1.000000,""
2404,w0,788,2250233.000000,1,3600.000000,1,COMPLETED_SUCCESSFULLY,2250233.000000,788.000000,2251021.000000,0.000000,788.000000,1.000000,6,-1.000000,""
2355,w0,45625,2206679.000000,3,46800.000000,1,COMPLETED_SUCCESSFULLY,2206679.000000,45625.000000,2252304.000000,0.000000,45625.000000,1.000000,11-13,-1.000000,""
2354,w0,45737,2206640.000000,3,46800.000000,1,COMPLETED_SUCCESSFULLY,2206640.000000,45737.000000,2252377.000000,0.000000,45737.000000,1.000000,8-10,-1.000000,""
2406,w0,799,2251655.000000,1,3600.000000,1,COMPLETED_SUCCESSFULLY,2251655.000000,799.000000,2252454.000000,0.000000,799.000000,1.000000,0,-1.000000,""
2387,w0,7169,2245320.000000,37,14100.000000,1,COMPLETED_SUCCESSFULLY,2245320.000000,7169.000000,2252489.000000,0.000000,7169.000000,1.000000,4-5 36-45 83-107,-1.000000,""
2408,w0,36,2252513.000000,1,3600.000000,1,COMPLETED_SUCCESSFULLY,2252513.000000,36.000000,2252549.000000,0.000000,36.000000,1.000000,137,-1.000000,""
2407,w0,809,2251905.000000,1,3600.000000,1,COMPLETED_SUCCESSFULLY,2251905.000000,809.000000,2252714.000000,0.000000,809.000000,1.000000,1,-1.000000,""
2397,w0,385,2248542.000000,128,1800.000000,1,COMPLETED_SUCCESSFULLY,2252489.000000,385.000000,2252874.000000,3947.000000,4332.000000,11.251948,0 2 4-18 20 27-136,-1.000000,""
2398,w0,124,2248545.000000,128,1800.000000,1,COMPLETED_SUCCESSFULLY,2252874.000000,124.000000,2252998.000000,4329.000000,4453.000000,35.911290,0-2 4-18 20 27-135,-1.000000,""
2399,w0,121,2248563.000000,129,1200.000000,1,COMPLETED_SUCCESSFULLY,2252998.000000,121.000000,2253119.000000,4435.000000,4556.000000,37.652893,0-2 4-18 20 27-136,-1.000000,""
2400,w0,134,2248567.000000,160,1200.000000,1,COMPLETED_SUCCESSFULLY,2253119.000000,134.000000,2253253.000000,4552.000000,4686.000000,34.970149,0-2 4-18 20 27-167,-1.000000,""
2357,w0,45996,2207426.000000,3,46800.000000,1,COMPLETED_SUCCESSFULLY,2207426.000000,45996.000000,2253422.000000,0.000000,45996.000000,1.000000,23-25,-1.000000,""
2405,w0,375,2250392.000000,129,1800.000000,1,COMPLETED_SUCCESSFULLY,2253253.000000,375.000000,2253628.000000,2861.000000,3236.000000,8.629333,0-2 4-18 20 27-136,-1.000000,""
2374,w0,20763,2233140.000000,1,21600.000000,1,COMPLETED_SUCCESSFULLY,2233140.000000,20763.000000,2253903.000000,0.000000,20763.000000,1.000000,3,-1.000000,""
2409,w0,56,2255242.000000,8,1200.000000,1,COMPLETED_SUCCESSFULLY,2255242.000000,56.000000,2255298.000000,0.000000,56.000000,1.000000,0-7,-1.000000,""
2402,w0,7886,2249106.000000,4,28800.000000,1,COMPLETED_SUCCESSFULLY,2249106.000000,7886.000000,2256992.000000,0.000000,7886.000000,1.000000,19 21-22 26,-1.000000,""
2412,w0,1237,2260619.000000,160,3600.000000,1,COMPLETED_SUCCESSFULLY,2260619.000000,1237.000000,2261856.000000,0.000000,1237.000000,1.000000,5-164,-1.000000,""
2416,w0,55,2262103.000000,1,3600.000000,1,COMPLETED_SUCCESSFULLY,2262103.000000,55.000000,2262158.000000,0.000000,55.000000,1.000000,5,-1.000000,""
2417,w0,41,2262999.000000,1,3600.000000,1,COMPLETED_SUCCESSFULLY,2262999.000000,41.000000,2263040.000000,0.000000,41.000000,1.000000,5,-1.000000,""
2418,w0,47,2263978.000000,8,1800.000000,1,COMPLETED_SUCCESSFULLY,2263978.000000,47.000000,2264025.000000,0.000000,47.000000,1.000000,5-12,-1.000000,""
2414,w0,5809,2261570.000000,2,64800.000000,1,COMPLETED_SUCCESSFULLY,2261570.000000,5809.000000,2267379.000000,0.000000,5809.000000,1.000000,167-168,-1.000000,""
2411,w0,7403,2260063.000000,2,64800.000000,1,COMPLETED_SUCCESSFULLY,2260063.000000,7403.000000,2267466.000000,0.000000,7403.000000,1.000000,3-4,-1.000000,""
2413,w0,6943,2260937.000000,2,64800.000000,1,COMPLETED_SUCCESSFULLY,2260937.000000,6943.000000,2267880.000000,0.000000,6943.000000,1.000000,165-166,-1.000000,""
2415,w0,7515,2261737.000000,2,64800.000000,1,COMPLETED_SUCCESSFULLY,2261737.000000,7515.000000,2269252.000000,0.000000,7515.000000,1.000000,169-170,-1.000000,""
2419,w0,45,2276408.000000,8,1800.000000,1,COMPLETED_SUCCESSFULLY,2276408.000000,45.000000,2276453.000000,0.000000,45.000000,1.000000,3-10,-1.000000,""
2425,w0,67,2278535.000000,3,50400.000000,1,COMPLETED_SUCCESSFULLY,2278535.000000,67.000000,2278602.000000,0.000000,67.000000,1.000000,18-20,-1.000000,""
2431,w0,51,2282230.000000,8,1800.000000,1,COMPLETED_SUCCESSFULLY,2282230.000000,51.000000,2282281.000000,0.000000,51.000000,1.000000,33-40,-1.000000,""
2432,w0,53,2282287.000000,16,57600.000000,1,COMPLETED_SUCCESSFULLY,2282287.000000,53.000000,2282340.000000,0.000000,53.000000,1.000000,33-48,-1.000000,""
2433,w0,53,2282374.000000,4,3600.000000,1,COMPLETED_SUCCESSFULLY,2282374.000000,53.000000,2282427.000000,0.000000,53.000000,1.000000,33-36,-1.000000,""
2435,w0,55,2282704.000000,4,3600.000000,1,COMPLETED_SUCCESSFULLY,2282704.000000,55.000000,2282759.000000,0.000000,55.000000,1.000000,33-36,-1.000000,""
2436,w0,205,2282979.000000,4,3600.000000,1,COMPLETED_SUCCESSFULLY,2282979.000000,205.000000,2283184.000000,0.000000,205.000000,1.000000,33-36,-1.000000,""
2438,w0,11661,2283877.000000,4,18000.000000,1,COMPLETED_SUCCESSFULLY,2283877.000000,11661.000000,2295538.000000,0.000000,11661.000000,1.000000,37-40,-1.000000,""
2439,w0,3378,2292569.000000,64,36000.000000,1,COMPLETED_SUCCESSFULLY,2292569.000000,3378.000000,2295947.000000,0.000000,3378.000000,1.000000,41-104,-1.000000,""
2437,w0,12991,2283551.000000,4,18000.000000,1,COMPLETED_SUCCESSFULLY,2283551.000000,12991.000000,2296542.000000,0.000000,12991.000000,1.000000,33-36,-1.000000,""
2410,w0,45575,2256743.000000,3,50400.000000,1,COMPLETED_SUCCESSFULLY,2256743.000000,45575.000000,2302318.000000,0.000000,45575.000000,1.000000,0-2,-1.000000,""
2442,w0,74,2305901.000000,8,14400.000000,1,COMPLETED_SUCCESSFULLY,2305901.000000,74.000000,2305975.000000,0.000000,74.000000,1.000000,38-45,-1.000000,""
2443,w0,4341,2306123.000000,8,14400.000000,1,COMPLETED_SUCCESSFULLY,2306123.000000,4341.000000,2310464.000000,0.000000,4341.000000,1.000000,38-45,-1.000000,""
2444,w0,73,2310584.000000,8,14400.000000,1,COMPLETED_SUCCESSFULLY,2310584.000000,73.000000,2310657.000000,0.000000,73.000000,1.000000,38-45,-1.000000,""
2427,w0,34635,2278725.000000,3,50400.000000,1,COMPLETED_SUCCESSFULLY,2278725.000000,34635.000000,2313360.000000,0.000000,34635.000000,1.000000,18-20,-1.000000,""
2428,w0,34887,2278744.000000,3,50400.000000,1,COMPLETED_SUCCESSFULLY,2278744.000000,34887.000000,2313631.000000,0.000000,34887.000000,1.000000,24-26,-1.000000,""
2440,w0,8443,2305195.000000,4,18000.000000,1,COMPLETED_SUCCESSFULLY,2305195.000000,8443.000000,2313638.000000,0.000000,8443.000000,1.000000,0-2 33,-1.000000,""
2445,w0,2946,2310864.000000,8,28800.000000,1,COMPLETED_SUCCESSFULLY,2310864.000000,2946.000000,2313810.000000,0.000000,2946.000000,1.000000,38-45,-1.000000,""
2441,w0,9457,2305234.000000,4,18000.000000,1,COMPLETED_SUCCESSFULLY,2305234.000000,9457.000000,2314691.000000,0.000000,9457.000000,1.000000,34-37,-1.000000,""
2455,w0,50,2315257.000000,8,1800.000000,1,COMPLETED_SUCCESSFULLY,2315257.000000,50.000000,2315307.000000,0.000000,50.000000,1.000000,36-37 39-44,-1.000000,""
2426,w0,37035,2278548.000000,3,50400.000000,1,COMPLETED_SUCCESSFULLY,2278548.000000,37035.000000,2315583.000000,0.000000,37035.000000,1.000000,21-23,-1.000000,""
2424,w0,37570,2278500.000000,3,50400.000000,1,COMPLETED_SUCCESSFULLY,2278500.000000,37570.000000,2316070.000000,0.000000,37570.000000,1.000000,15-17,-1.000000,""
2446,w0,4637,2311535.000000,1,18000.000000,1,COMPLETED_SUCCESSFULLY,2311535.000000,4637.000000,2316172.000000,0.000000,4637.000000,1.000000,46,-1.000000,""
2456,w0,174,2316126.000000,8,3600.000000,1,COMPLETED_SUCCESSFULLY,2316126.000000,174.000000,2316300.000000,0.000000,174.000000,1.000000,15-17 21-23 36-37,-1.000000,""
2454,w0,2070,2315125.000000,1,16200.000000,1,COMPLETED_SUCCESSFULLY,2315125.000000,2070.000000,2317195.000000,0.000000,2070.000000,1.000000,35,-1.000000,""
2461,w0,66,2317831.000000,4,64800.000000,1,COMPLETED_SUCCESSFULLY,2317831.000000,66.000000,2317897.000000,0.000000,66.000000,1.000000,64-67,-1.000000,""
2453,w0,2822,2315094.000000,1,16200.000000,1,COMPLETED_SUCCESSFULLY,2315094.000000,2822.000000,2317916.000000,0.000000,2822.000000,1.000000,34,-1.000000,""
2423,w0,39682,2278477.000000,3,50400.000000,1,COMPLETED_SUCCESSFULLY,2278477.000000,39682.000000,2318159.000000,0.000000,39682.000000,1.000000,12-14,-1.000000,""
2459,w0,1717,2316486.000000,8,28800.000000,1,COMPLETED_SUCCESSFULLY,2316486.000000,1717.000000,2318203.000000,0.000000,1717.000000,1.000000,49-56,-1.000000,""
2451,w0,4045,2314458.000000,8,7200.000000,1,COMPLETED_SUCCESSFULLY,2314458.000000,4045.000000,2318503.000000,0.000000,4045.000000,1.000000,1-2 19-20 24-26 33,-1.000000,""
2457,w0,2082,2316460.000000,8,28800.000000,1,COMPLETED_SUCCESSFULLY,2316460.000000,2082.000000,2318542.000000,0.000000,2082.000000,1.000000,15-17 21-23 36-37,-1.000000,""
2463,w0,675,2318118.000000,8,1800.000000,1,COMPLETED_SUCCESSFULLY,2318118.000000,675.000000,2318793.000000,0.000000,675.000000,1.000000,34 64-67 76-78,-1.000000,""
2464,w0,49,2319253.000000,8,1200.000000,1,COMPLETED_SUCCESSFULLY,2319253.000000,49.000000,2319302.000000,0.000000,49.000000,1.000000,1-2 12-17,-1.000000,""
2465,w0,27,2319490.000000,1,3600.000000,1,COMPLETED_SUCCESSFULLY,2319490.000000,27.000000,2319517.000000,0.000000,27.000000,1.000000,1,-1.000000,""
2452,w0,5000,2314659.000000,1,16200.000000,1,COMPLETED_SUCCESSFULLY,2314659.000000,5000.000000,2319659.000000,0.000000,5000.000000,1.000000,38,-1.000000,""
2421,w0,41507,2278331.000000,3,50400.000000,1,COMPLETED_SUCCESSFULLY,2278331.000000,41507.000000,2319838.000000,0.000000,41507.000000,1.000000,6-8,-1.000000,""
2420,w0,41573,2278309.000000,3,50400.000000,1,COMPLETED_SUCCESSFULLY,2278309.000000,41573.000000,2319882.000000,0.000000,41573.000000,1.000000,3-5,-1.000000,""
2466,w0,31,2320001.000000,1,3600.000000,1,COMPLETED_SUCCESSFULLY,2320001.000000,31.000000,2320032.000000,0.000000,31.000000,1.000000,1,-1.000000,""
2449,w0,6631,2313507.000000,1,30600.000000,1,COMPLETED_SUCCESSFULLY,2313507.000000,6631.000000,2320138.000000,0.000000,6631.000000,1.000000,18,-1.000000,""
2430,w0,41997,2278839.000000,3,50400.000000,1,COMPLETED_SUCCESSFULLY,2278839.000000,41997.000000,2320836.000000,0.000000,41997.000000,1.000000,30-32,-1.000000,""
2467,w0,64,2320874.000000,1,3600.000000,1,COMPLETED_SUCCESSFULLY,2320874.000000,64.000000,2320938.000000,0.000000,64.000000,1.000000,1,-1.000000,""
2429,w0,42280,2278816.000000,3,50400.000000,1,COMPLETED_SUCCESSFULLY,2278816.000000,42280.000000,2321096.000000,0.000000,42280.000000,1.000000,27-29,-1.000000,""
2469,w0,397,2321580.000000,1,3600.000000,1,COMPLETED_SUCCESSFULLY,2321580.000000,397.000000,2321977.000000,0.000000,397.000000,1.000000,12,-1.000000,""
2458,w0,5574,2316480.000000,8,7200.000000,1,COMPLETED_SUCCESSFULLY,2316480.000000,5574.000000,2322054.000000,0.000000,5574.000000,1.000000,39-46,-1.000000,""
2470,w0,50,2322191.000000,8,1200.000000,1,COMPLETED_SUCCESSFULLY,2322191.000000,50.000000,2322241.000000,0.000000,50.000000,1.000000,12-19,-1.000000,""
2472,w0,49,2322313.000000,8,1800.000000,1,COMPLETED_SUCCESSFULLY,2322313.000000,49.000000,2322362.000000,0.000000,49.000000,1.000000,13-20,-1.000000,""
2422,w0,43948,2278462.000000,3,50400.000000,1,COMPLETED_SUCCESSFULLY,2278462.000000,43948.000000,2322410.000000,0.000000,43948.000000,1.000000,9-11,-1.000000,""
2468,w0,1126,2321402.000000,8,1800.000000,1,COMPLETED_SUCCESSFULLY,2321402.000000,1126.000000,2322528.000000,0.000000,1126.000000,1.000000,1-8,-1.000000,""
2471,w0,378,2322293.000000,1,3600.000000,1,COMPLETED_SUCCESSFULLY,2322293.000000,378.000000,2322671.000000,0.000000,378.000000,1.000000,12,-1.000000,""
2473,w0,102,2322646.000000,8,7200.000000,1,COMPLETED_SUCCESSFULLY,2322646.000000,102.000000,2322748.000000,0.000000,102.000000,1.000000,1-8,-1.000000,""
2474,w0,409,2322955.000000,1,3600.000000,1,COMPLETED_SUCCESSFULLY,2322955.000000,409.000000,2323364.000000,0.000000,409.000000,1.000000,1,-1.000000,""
2477,w0,50,2323378.000000,8,1800.000000,1,COMPLETED_SUCCESSFULLY,2323378.000000,50.000000,2323428.000000,0.000000,50.000000,1.000000,1 18-24,-1.000000,""
2475,w0,544,2323009.000000,8,1200.000000,1,COMPLETED_SUCCESSFULLY,2323009.000000,544.000000,2323553.000000,0.000000,544.000000,1.000000,2-9,-1.000000,""
2478,w0,301,2323777.000000,8,1800.000000,1,COMPLETED_SUCCESSFULLY,2323777.000000,301.000000,2324078.000000,0.000000,301.000000,1.000000,1-8,-1.000000,""
2476,w0,1120,2323067.000000,8,1800.000000,1,COMPLETED_SUCCESSFULLY,2323067.000000,1120.000000,2324187.000000,0.000000,1120.000000,1.000000,10-17,-1.000000,""
2479,w0,222,2325193.000000,16,14400.000000,1,COMPLETED_SUCCESSFULLY,2325193.000000,222.000000,2325415.000000,0.000000,222.000000,1.000000,1-16,-1.000000,""
2482,w0,69,2326432.000000,4,39600.000000,1,COMPLETED_SUCCESSFULLY,2326432.000000,69.000000,2326501.000000,0.000000,69.000000,1.000000,33-34 36-37,-1.000000,""
2484,w0,182,2327523.000000,8,600.000000,1,COMPLETED_SUCCESSFULLY,2327523.000000,182.000000,2327705.000000,0.000000,182.000000,1.000000,46 49-55,-1.000000,""
2447,w0,17556,2311979.000000,1,31200.000000,1,COMPLETED_SUCCESSFULLY,2311979.000000,17556.000000,2329535.000000,0.000000,17556.000000,1.000000,47,-1.000000,""
2448,w0,18430,2312184.000000,1,31200.000000,1,COMPLETED_SUCCESSFULLY,2312184.000000,18430.000000,2330614.000000,0.000000,18430.000000,1.000000,48,-1.000000,""
2485,w0,540,2332517.000000,8,600.000000,1,COMPLETED_SUCCESSFULLY,2332517.000000,540.000000,2333057.000000,0.000000,540.000000,1.000000,46-53,-1.000000,""
2486,w0,71,2333011.000000,8,600.000000,1,COMPLETED_SUCCESSFULLY,2333011.000000,71.000000,2333082.000000,0.000000,71.000000,1.000000,54-56 64-67 76,-1.000000,""
2530,w0,57,2334883.000000,8,600.000000,1,COMPLETED_SUCCESSFULLY,2334883.000000,57.000000,2334940.000000,0.000000,57.000000,1.000000,104-111,-1.000000,""
2531,w0,532,2335398.000000,8,600.000000,1,COMPLETED_SUCCESSFULLY,2335398.000000,532.000000,2335930.000000,0.000000,532.000000,1.000000,104-111,-1.000000,""
2532,w0,28,2335940.000000,1,1800.000000,1,COMPLETED_SUCCESSFULLY,2335940.000000,28.000000,2335968.000000,0.000000,28.000000,1.000000,104,-1.000000,""
2450,w0,21980,2314268.000000,1,28800.000000,1,COMPLETED_SUCCESSFULLY,2314268.000000,21980.000000,2336248.000000,0.000000,21980.000000,1.000000,0,-1.000000,""
2533,w0,141,2336234.000000,1,1800.000000,1,COMPLETED_SUCCESSFULLY,2336234.000000,141.000000,2336375.000000,0.000000,141.000000,1.000000,104,-1.000000,""
2491,w0,3348,2333415.000000,1,5340.000000,1,COMPLETED_SUCCESSFULLY,2333415.000000,3348.000000,2336763.000000,0.000000,3348.000000,1.000000,50,-1.000000,""
2493,w0,3346,2333417.000000,1,5340.000000,1,COMPLETED_SUCCESSFULLY,2333417.000000,3346.000000,2336763.000000,0.000000,3346.000000,1.000000,52,-1.000000,""
2498,w0,3342,2333421.000000,1,5340.000000,1,COMPLETED_SUCCESSFULLY,2333421.000000,3342.000000,2336763.000000,0.000000,3342.000000,1.000000,64,-1.000000,""
2490,w0,3350,2333414.000000,1,5340.000000,1,COMPLETED_SUCCESSFULLY,2333414.000000,3350.000000,2336764.000000,0.000000,3350.000000,1.000000,49,-1.000000,""
2492,w0,3350,2333416.000000,1,5340.000000,1,COMPLETED_SUCCESSFULLY,2333416.000000,3350.000000,2336766.000000,0.000000,3350.000000,1.000000,51,-1.000000,""
2500,w0,3344,2333422.000000,1,5340.000000,1,COMPLETED_SUCCESSFULLY,2333422.000000,3344.000000,2336766.000000,0.000000,3344.000000,1.000000,66,-1.000000,""
2488,w0,3354,2333413.000000,1,5340.000000,1,COMPLETED_SUCCESSFULLY,2333413.000000,3354.000000,2336767.000000,0.000000,3354.000000,1.000000,47,-1.000000,""
2506,w0,3341,2333426.000000,1,5340.000000,1,COMPLETED_SUCCESSFULLY,2333426.000000,3341.000000,2336767.000000,0.000000,3341.000000,1.000000,80,-1.000000,""
2489,w0,3356,2333414.000000,1,5340.000000,1,COMPLETED_SUCCESSFULLY,2333414.000000,3356.000000,2336770.000000,0.000000,3356.000000,1.000000,48,-1.000000,""
2487,w0,3362,2333410.000000,1,5340.000000,1,COMPLETED_SUCCESSFULLY,2333410.000000,3362.000000,2336772.000000,0.000000,3362.000000,1.000000,46,-1.000000,""
2494,w0,3355,2333418.000000,1,5340.000000,1,COMPLETED_SUCCESSFULLY,2333418.000000,3355.000000,2336773.000000,0.000000,3355.000000,1.000000,53,-1.000000,""
2517,w0,3340,2333435.000000,1,5340.000000,1,COMPLETED_SUCCESSFULLY,2333435.000000,3340.000000,2336775.000000,0.000000,3340.000000,1.000000,91,-1.000000,""
2495,w0,3358,2333418.000000,1,5340.000000,1,COMPLETED_SUCCESSFULLY,2333418.000000,3358.000000,2336776.000000,0.000000,3358.000000,1.000000,54,-1.000000,""
2510,w0,3346,2333430.000000,1,5340.000000,1,COMPLETED_SUCCESSFULLY,2333430.000000,3346.000000,2336776.000000,0.000000,3346.000000,1.000000,84,-1.000000,""
2505,w0,3351,2333426.000000,1,5340.000000,1,COMPLETED_SUCCESSFULLY,2333426.000000,3351.000000,2336777.000000,0.000000,3351.000000,1.000000,79,-1.000000,""
2496,w0,3359,2333419.000000,1,5340.000000,1,COMPLETED_SUCCESSFULLY,2333419.000000,3359.000000,2336778.000000,0.000000,3359.000000,1.000000,55,-1.000000,""
2518,w0,3342,2333436.000000,1,5340.000000,1,COMPLETED_SUCCESSFULLY,2333436.000000,3342.000000,2336778.000000,0.000000,3342.000000,1.000000,92,-1.000000,""
2513,w0,3347,2333432.000000,1,5340.000000,1,COMPLETED_SUCCESSFULLY,2333432.000000,3347.000000,2336779.000000,0.000000,3347.000000,1.000000,87,-1.000000,""
2515,w0,3346,2333434.000000,1,5340.000000,1,COMPLETED_SUCCESSFULLY,2333434.000000,3346.000000,2336780.000000,0.000000,3346.000000,1.000000,89,-1.000000,""
2516,w0,3346,2333434.000000,1,5340.000000,1,COMPLETED_SUCCESSFULLY,2333434.000000,3346.000000,2336780.000000,0.000000,3346.000000,1.000000,90,-1.000000,""
2504,w0,3357,2333425.000000,1,5340.000000,1,COMPLETED_SUCCESSFULLY,2333425.000000,3357.000000,2336782.000000,0.000000,3357.000000,1.000000,78,-1.000000,""
2511,w0,3351,2333431.000000,1,5340.000000,1,COMPLETED_SUCCESSFULLY,2333431.000000,3351.000000,2336782.000000,0.000000,3351.000000,1.000000,85,-1.000000,""
2514,w0,3349,2333433.000000,1,5340.000000,1,COMPLETED_SUCCESSFULLY,2333433.000000,3349.000000,2336782.000000,0.000000,3349.000000,1.000000,88,-1.000000,""
2523,w0,3342,2333440.000000,1,5340.000000,1,COMPLETED_SUCCESSFULLY,2333440.000000,3342.000000,2336782.000000,0.000000,3342.000000,1.000000,97,-1.000000,""
2512,w0,3353,2333431.000000,1,5340.000000,1,COMPLETED_SUCCESSFULLY,2333431.000000,3353.000000,2336784.000000,0.000000,3353.000000,1.000000,86,-1.000000,""
2497,w0,3365,2333420.000000,1,5340.000000,1,COMPLETED_SUCCESSFULLY,2333420.000000,3365.000000,2336785.000000,0.000000,3365.000000,1.000000,56,-1.000000,""
2502,w0,3362,2333423.000000,1,5340.000000,1,COMPLETED_SUCCESSFULLY,2333423.000000,3362.000000,2336785.000000,0.000000,3362.000000,1.000000,76,-1.000000,""
2507,w0,3358,2333427.000000,1,5340.000000,1,COMPLETED_SUCCESSFULLY,2333427.000000,3358.000000,2336785.000000,0.000000,3358.000000,1.000000,81,-1.000000,""
2508,w0,3358,2333428.000000,1,5340.000000,1,COMPLETED_SUCCESSFULLY,2333428.000000,3358.000000,2336786.000000,0.000000,3358.000000,1.000000,82,-1.000000,""
2499,w0,3366,2333421.000000,1,5340.000000,1,COMPLETED_SUCCESSFULLY,2333421.000000,3366.000000,2336787.000000,0.000000,3366.000000,1.000000,65,-1.000000,""
2501,w0,3364,2333423.000000,1,5340.000000,1,COMPLETED_SUCCESSFULLY,2333423.000000,3364.000000,2336787.000000,0.000000,3364.000000,1.000000,67,-1.000000,""
2503,w0,3364,2333424.000000,1,5340.000000,1,COMPLETED_SUCCESSFULLY,2333424.000000,3364.000000,2336788.000000,0.000000,3364.000000,1.000000,77,-1.000000,""
2528,w0,3344,2333444.000000,1,5340.000000,1,COMPLETED_SUCCESSFULLY,2333444.000000,3344.000000,2336788.000000,0.000000,3344.000000,1.000000,102,-1.000000,""
2529,w0,3344,2333445.000000,1,5340.000000,1,COMPLETED_SUCCESSFULLY,2333445.000000,3344.000000,2336789.000000,0.000000,3344.000000,1.000000,103,-1.000000,""
2522,w0,3353,2333439.000000,1,5340.000000,1,COMPLETED_SUCCESSFULLY,2333439.000000,3353.000000,2336792.000000,0.000000,3353.000000,1.000000,96,-1.000000,""
2521,w0,3354,2333439.000000,1,5340.000000,1,COMPLETED_SUCCESSFULLY,2333439.000000,3354.000000,2336793.000000,0.000000,3354.000000,1.000000,95,-1.000000,""
2509,w0,3365,2333429.000000,1,5340.000000,1,COMPLETED_SUCCESSFULLY,2333429.000000,3365.000000,2336794.000000,0.000000,3365.000000,1.000000,83,-1.000000,""
2524,w0,3353,2333441.000000,1,5340.000000,1,COMPLETED_SUCCESSFULLY,2333441.000000,3353.000000,2336794.000000,0.000000,3353.000000,1.000000,98,-1.000000,""
2526,w0,3355,2333443.000000,1,5340.000000,1,COMPLETED_SUCCESSFULLY,2333443.000000,3355.000000,2336798.000000,0.000000,3355.000000,1.000000,100,-1.000000,""
2520,w0,3361,2333438.000000,1,5340.000000,1,COMPLETED_SUCCESSFULLY,2333438.000000,3361.000000,2336799.000000,0.000000,3361.000000,1.000000,94,-1.000000,""
2519,w0,3365,2333437.000000,1,5340.000000,1,COMPLETED_SUCCESSFULLY,2333437.000000,3365.000000,2336802.000000,0.000000,3365.000000,1.000000,93,-1.000000,""
2525,w0,3363,2333442.000000,1,5340.000000,1,COMPLETED_SUCCESSFULLY,2333442.000000,3363.000000,2336805.000000,0.000000,3363.000000,1.000000,99,-1.000000,""
2527,w0,3362,2333443.000000,1,5340.000000,1,COMPLETED_SUCCESSFULLY,2333443.000000,3362.000000,2336805.000000,0.000000,3362.000000,1.000000,101,-1.000000,""
2534,w0,48,2337113.000000,10,7200.000000,1,COMPLETED_SUCCESSFULLY,2337113.000000,48.000000,2337161.000000,0.000000,48.000000,1.000000,0 46-54,-1.000000,""
2535,w0,138,2337278.000000,1,1800.000000,1,COMPLETED_SUCCESSFULLY,2337278.000000,138.000000,2337416.000000,0.000000,138.000000,1.000000,0,-1.000000,""
2536,w0,54,2337374.000000,50,7200.000000,1,COMPLETED_SUCCESSFULLY,2337374.000000,54.000000,2337428.000000,0.000000,54.000000,1.000000,46-56 64-67 76-110,-1.000000,""
2480,w0,11723,2325912.000000,16,14400.000000,1,COMPLETED_SUCCESSFULLY,2325912.000000,11723.000000,2337635.000000,0.000000,11723.000000,1.000000,1-16,-1.000000,""
2481,w0,11616,2326280.000000,16,14400.000000,1,COMPLETED_SUCCESSFULLY,2326280.000000,11616.000000,2337896.000000,0.000000,11616.000000,1.000000,17-32,-1.000000,""
2537,w0,405,2337899.000000,1,3600.000000,1,COMPLETED_SUCCESSFULLY,2337899.000000,405.000000,2338304.000000,0.000000,405.000000,1.000000,0,-1.000000,""
2538,w0,398,2337929.000000,1,3600.000000,1,COMPLETED_SUCCESSFULLY,2337929.000000,398.000000,2338327.000000,0.000000,398.000000,1.000000,1,-1.000000,""
2539,w0,115,2338398.000000,1,1800.000000,1,COMPLETED_SUCCESSFULLY,2338398.000000,115.000000,2338513.000000,0.000000,115.000000,1.000000,0,-1.000000,""
2591,w0,78,2338801.000000,2,1800.000000,1,COMPLETED_SUCCESSFULLY,2338801.000000,78.000000,2338879.000000,0.000000,78.000000,1.000000,92-93,-1.000000,""
2541,w0,407,2338551.000000,1,3600.000000,1,COMPLETED_SUCCESSFULLY,2338551.000000,407.000000,2338958.000000,0.000000,407.000000,1.000000,0,-1.000000,""
2545,w0,354,2338624.000000,1,3600.000000,1,COMPLETED_SUCCESSFULLY,2338624.000000,354.000000,2338978.000000,0.000000,354.000000,1.000000,18,-1.000000,""
2542,w0,418,2338565.000000,1,3600.000000,1,COMPLETED_SUCCESSFULLY,2338565.000000,418.000000,2338983.000000,0.000000,418.000000,1.000000,13,-1.000000,""
2546,w0,358,2338640.000000,1,3600.000000,1,COMPLETED_SUCCESSFULLY,2338640.000000,358.000000,2338998.000000,0.000000,358.000000,1.000000,19,-1.000000,""
2543,w0,415,2338596.000000,1,3600.000000,1,COMPLETED_SUCCESSFULLY,2338596.000000,415.000000,2339011.000000,0.000000,415.000000,1.000000,14,-1.000000,""
2547,w0,431,2338655.000000,1,3600.000000,1,COMPLETED_SUCCESSFULLY,2338655.000000,431.000000,2339086.000000,0.000000,431.000000,1.000000,20,-1.000000,""
2592,w0,75,2339350.000000,2,1800.000000,1,COMPLETED_SUCCESSFULLY,2339350.000000,75.000000,2339425.000000,0.000000,75.000000,1.000000,0 13,-1.000000,""
2593,w0,50,2340827.000000,16,21600.000000,1,COMPLETED_SUCCESSFULLY,2340827.000000,50.000000,2340877.000000,0.000000,50.000000,1.000000,0 13-14 18-20 92-101,-1.000000,""
2594,w0,50,2340981.000000,16,14400.000000,1,COMPLETED_SUCCESSFULLY,2340981.000000,50.000000,2341031.000000,0.000000,50.000000,1.000000,0 13-14 18-20 92-101,-1.000000,""
2550,w0,3331,2338741.000000,1,5340.000000,1,COMPLETED_SUCCESSFULLY,2338741.000000,3331.000000,2342072.000000,0.000000,3331.000000,1.000000,23,-1.000000,""
2551,w0,3331,2338742.000000,1,5340.000000,1,COMPLETED_SUCCESSFULLY,2338742.000000,3331.000000,2342073.000000,0.000000,3331.000000,1.000000,24,-1.000000,""
2548,w0,3336,2338738.000000,1,5340.000000,1,COMPLETED_SUCCESSFULLY,2338738.000000,3336.000000,2342074.000000,0.000000,3336.000000,1.000000,21,-1.000000,""
2554,w0,3333,2338744.000000,1,5340.000000,1,COMPLETED_SUCCESSFULLY,2338744.000000,3333.000000,2342077.000000,0.000000,3333.000000,1.000000,27,-1.000000,""
2553,w0,3335,2338743.000000,1,5340.000000,1,COMPLETED_SUCCESSFULLY,2338743.000000,3335.000000,2342078.000000,0.000000,3335.000000,1.000000,26,-1.000000,""
2552,w0,3337,2338743.000000,1,5340.000000,1,COMPLETED_SUCCESSFULLY,2338743.000000,3337.000000,2342080.000000,0.000000,3337.000000,1.000000,25,-1.000000,""
2556,w0,3339,2338745.000000,1,5340.000000,1,COMPLETED_SUCCESSFULLY,2338745.000000,3339.000000,2342084.000000,0.000000,3339.000000,1.000000,29,-1.000000,""
2562,w0,3335,2338750.000000,1,5340.000000,1,COMPLETED_SUCCESSFULLY,2338750.000000,3335.000000,2342085.000000,0.000000,3335.000000,1.000000,48,-1.000000,""
2558,w0,3342,2338747.000000,1,5340.000000,1,COMPLETED_SUCCESSFULLY,2338747.000000,3342.000000,2342089.000000,0.000000,3342.000000,1.000000,31,-1.000000,""
2564,w0,3339,2338752.000000,1,5340.000000,1,COMPLETED_SUCCESSFULLY,2338752.000000,3339.000000,2342091.000000,0.000000,3339.000000,1.000000,50,-1.000000,""
2574,w0,3331,2338760.000000,1,5340.000000,1,COMPLETED_SUCCESSFULLY,2338760.000000,3331.000000,2342091.000000,0.000000,3331.000000,1.000000,67,-1.000000,""
2576,w0,3330,2338761.000000,1,5340.000000,1,COMPLETED_SUCCESSFULLY,2338761.000000,3330.000000,2342091.000000,0.000000,3330.000000,1.000000,77,-1.000000,""
2549,w0,3352,2338740.000000,1,5340.000000,1,COMPLETED_SUCCESSFULLY,2338740.000000,3352.000000,2342092.000000,0.000000,3352.000000,1.000000,22,-1.000000,""
2559,w0,3344,2338748.000000,1,5340.000000,1,COMPLETED_SUCCESSFULLY,2338748.000000,3344.000000,2342092.000000,0.000000,3344.000000,1.000000,32,-1.000000,""
2575,w0,3332,2338761.000000,1,5340.000000,1,COMPLETED_SUCCESSFULLY,2338761.000000,3332.000000,2342093.000000,0.000000,3332.000000,1.000000,76,-1.000000,""
2555,w0,3350,2338745.000000,1,5340.000000,1,COMPLETED_SUCCESSFULLY,2338745.000000,3350.000000,2342095.000000,0.000000,3350.000000,1.000000,28,-1.000000,""
2569,w0,3339,2338756.000000,1,5340.000000,1,COMPLETED_SUCCESSFULLY,2338756.000000,3339.000000,2342095.000000,0.000000,3339.000000,1.000000,55,-1.000000,""
2557,w0,3350,2338746.000000,1,5340.000000,1,COMPLETED_SUCCESSFULLY,2338746.000000,3350.000000,2342096.000000,0.000000,3350.000000,1.000000,30,-1.000000,""
2563,w0,3345,2338751.000000,1,5340.000000,1,COMPLETED_SUCCESSFULLY,2338751.000000,3345.000000,2342096.000000,0.000000,3345.000000,1.000000,49,-1.000000,""
2565,w0,3343,2338753.000000,1,5340.000000,1,COMPLETED_SUCCESSFULLY,2338753.000000,3343.000000,2342096.000000,0.000000,3343.000000,1.000000,51,-1.000000,""
2568,w0,3341,2338755.000000,1,5340.000000,1,COMPLETED_SUCCESSFULLY,2338755.000000,3341.000000,2342096.000000,0.000000,3341.000000,1.000000,54,-1.000000,""
2561,w0,3348,2338749.000000,1,5340.000000,1,COMPLETED_SUCCESSFULLY,2338749.000000,3348.000000,2342097.000000,0.000000,3348.000000,1.000000,47,-1.000000,""
2560,w0,3349,2338749.000000,1,5340.000000,1,COMPLETED_SUCCESSFULLY,2338749.000000,3349.000000,2342098.000000,0.000000,3349.000000,1.000000,46,-1.000000,""
2571,w0,3342,2338758.000000,1,5340.000000,1,COMPLETED_SUCCESSFULLY,2338758.000000,3342.000000,2342100.000000,0.000000,3342.000000,1.000000,64,-1.000000,""
2582,w0,3334,2338766.000000,1,5340.000000,1,COMPLETED_SUCCESSFULLY,2338766.000000,3334.000000,2342100.000000,0.000000,3334.000000,1.000000,83,-1.000000,""
2584,w0,3334,2338768.000000,1,5340.000000,1,COMPLETED_SUCCESSFULLY,2338768.000000,3334.000000,2342102.000000,0.000000,3334.000000,1.000000,85,-1.000000,""
2589,w0,3332,2338772.000000,1,5340.000000,1,COMPLETED_SUCCESSFULLY,2338772.000000,3332.000000,2342104.000000,0.000000,3332.000000,1.000000,90,-1.000000,""
2566,w0,3354,2338753.000000,1,5340.000000,1,COMPLETED_SUCCESSFULLY,2338753.000000,3354.000000,2342107.000000,0.000000,3354.000000,1.000000,52,-1.000000,""
2570,w0,3351,2338757.000000,1,5340.000000,1,COMPLETED_SUCCESSFULLY,2338757.000000,3351.000000,2342108.000000,0.000000,3351.000000,1.000000,56,-1.000000,""
2587,w0,3338,2338770.000000,1,5340.000000,1,COMPLETED_SUCCESSFULLY,2338770.000000,3338.000000,2342108.000000,0.000000,3338.000000,1.000000,88,-1.000000,""
2567,w0,3355,2338754.000000,1,5340.000000,1,COMPLETED_SUCCESSFULLY,2338754.000000,3355.000000,2342109.000000,0.000000,3355.000000,1.000000,53,-1.000000,""
2580,w0,3345,2338765.000000,1,5340.000000,1,COMPLETED_SUCCESSFULLY,2338765.000000,3345.000000,2342110.000000,0.000000,3345.000000,1.000000,81,-1.000000,""
2578,w0,3348,2338763.000000,1,5340.000000,1,COMPLETED_SUCCESSFULLY,2338763.000000,3348.000000,2342111.000000,0.000000,3348.000000,1.000000,79,-1.000000,""
2588,w0,3341,2338771.000000,1,5340.000000,1,COMPLETED_SUCCESSFULLY,2338771.000000,3341.000000,2342112.000000,0.000000,3341.000000,1.000000,89,-1.000000,""
2573,w0,3354,2338759.000000,1,5340.000000,1,COMPLETED_SUCCESSFULLY,2338759.000000,3354.000000,2342113.000000,0.000000,3354.000000,1.000000,66,-1.000000,""
2583,w0,3346,2338767.000000,1,5340.000000,1,COMPLETED_SUCCESSFULLY,2338767.000000,3346.000000,2342113.000000,0.000000,3346.000000,1.000000,84,-1.000000,""
2586,w0,3343,2338770.000000,1,5340.000000,1,COMPLETED_SUCCESSFULLY,2338770.000000,3343.000000,2342113.000000,0.000000,3343.000000,1.000000,87,-1.000000,""
2579,w0,3350,2338764.000000,1,5340.000000,1,COMPLETED_SUCCESSFULLY,2338764.000000,3350.000000,2342114.000000,0.000000,3350.000000,1.000000,80,-1.000000,""
2572,w0,3358,2338758.000000,1,5340.000000,1,COMPLETED_SUCCESSFULLY,2338758.000000,3358.000000,2342116.000000,0.000000,3358.000000,1.000000,65,-1.000000,""
2577,w0,3356,2338762.000000,1,5340.000000,1,COMPLETED_SUCCESSFULLY,2338762.000000,3356.000000,2342118.000000,0.000000,3356.000000,1.000000,78,-1.000000,""
2585,w0,3349,2338769.000000,1,5340.000000,1,COMPLETED_SUCCESSFULLY,2338769.000000,3349.000000,2342118.000000,0.000000,3349.000000,1.000000,86,-1.000000,""
2581,w0,3354,2338765.000000,1,5340.000000,1,COMPLETED_SUCCESSFULLY,2338765.000000,3354.000000,2342119.000000,0.000000,3354.000000,1.000000,82,-1.000000,""
2590,w0,3353,2338773.000000,1,5340.000000,1,COMPLETED_SUCCESSFULLY,2338773.000000,3353.000000,2342126.000000,0.000000,3353.000000,1.000000,91,-1.000000,""
2483,w0,15287,2327029.000000,12,43200.000000,1,COMPLETED_SUCCESSFULLY,2327029.000000,15287.000000,2342316.000000,0.000000,15287.000000,1.000000,33-34 36-45,-1.000000,""
2597,w0,194,2342549.000000,8,600.000000,1,COMPLETED_SUCCESSFULLY,2342549.000000,194.000000,2342743.000000,0.000000,194.000000,1.000000,33-34 36-41,-1.000000,""
2598,w0,49,2343594.000000,2,64800.000000,1,COMPLETED_SUCCESSFULLY,2343594.000000,49.000000,2343643.000000,0.000000,49.000000,1.000000,33-34,-1.000000,""
2599,w0,97,2344452.000000,10,7200.000000,1,COMPLETED_SUCCESSFULLY,2344452.000000,97.000000,2344549.000000,0.000000,97.000000,1.000000,33-34 36-43,-1.000000,""
2600,w0,122,2345519.000000,1,1800.000000,1,COMPLETED_SUCCESSFULLY,2345519.000000,122.000000,2345641.000000,0.000000,122.000000,1.000000,33,-1.000000,""
2596,w0,5955,2342279.000000,12,14400.000000,1,COMPLETED_SUCCESSFULLY,2342279.000000,5955.000000,2348234.000000,0.000000,5955.000000,1.000000,21-32,-1.000000,""
2601,w0,76,2349015.000000,15,7200.000000,1,COMPLETED_SUCCESSFULLY,2349015.000000,76.000000,2349091.000000,0.000000,76.000000,1.000000,21-34 36,-1.000000,""
2460,w0,32939,2317805.000000,8,64800.000000,1,COMPLETED_SUCCESSFULLY,2317805.000000,32939.000000,2350744.000000,0.000000,32939.000000,1.000000,35 57-63,-1.000000,""
2602,w0,42,2350723.000000,12,1200.000000,1,COMPLETED_SUCCESSFULLY,2350723.000000,42.000000,2350765.000000,0.000000,42.000000,1.000000,21-32,-1.000000,""
2462,w0,32964,2317832.000000,8,64800.000000,1,COMPLETED_SUCCESSFULLY,2317832.000000,32964.000000,2350796.000000,0.000000,32964.000000,1.000000,68-75,-1.000000,""
2646,w0,21,2350854.000000,1,14400.000000,1,COMPLETED_SUCCESSFULLY,2350854.000000,21.000000,2350875.000000,0.000000,21.000000,1.000000,64,-1.000000,""
2647,w0,28,2352185.000000,1,14400.000000,1,COMPLETED_SUCCESSFULLY,2352185.000000,28.000000,2352213.000000,0.000000,28.000000,1.000000,64,-1.000000,""
2648,w0,1567,2352533.000000,1,14400.000000,1,COMPLETED_SUCCESSFULLY,2352533.000000,1567.000000,2354100.000000,0.000000,1567.000000,1.000000,64,-1.000000,""
2649,w0,1293,2352957.000000,1,14400.000000,1,COMPLETED_SUCCESSFULLY,2352957.000000,1293.000000,2354250.000000,0.000000,1293.000000,1.000000,65,-1.000000,""
2595,w0,15634,2341135.000000,16,21600.000000,1,COMPLETED_SUCCESSFULLY,2341135.000000,15634.000000,2356769.000000,0.000000,15634.000000,1.000000,0 13-14 18-20 92-101,-1.000000,""
2650,w0,56,2356905.000000,16,3600.000000,1,COMPLETED_SUCCESSFULLY,2356905.000000,56.000000,2356961.000000,0.000000,56.000000,1.000000,0 13-14 18-20 64-73,-1.000000,""
2651,w0,374,2357030.000000,100,7200.000000,1,COMPLETED_SUCCESSFULLY,2357030.000000,374.000000,2357404.000000,0.000000,374.000000,1.000000,0 13-14 18-20 64-157,-1.000000,""
2652,w0,342,2357066.000000,100,7200.000000,1,COMPLETED_SUCCESSFULLY,2357404.000000,342.000000,2357746.000000,338.000000,680.000000,1.988304,0 13-14 18-20 64-157,-1.000000,""
2654,w0,201,2357092.000000,60,7200.000000,1,COMPLETED_SUCCESSFULLY,2357746.000000,201.000000,2357947.000000,654.000000,855.000000,4.253731,108-167,-1.000000,""
2653,w0,203,2357081.000000,50,7200.000000,1,COMPLETED_SUCCESSFULLY,2357746.000000,203.000000,2357949.000000,665.000000,868.000000,4.275862,0 13-14 18-20 64-107,-1.000000,""
2655,w0,151,2357103.000000,50,7200.000000,1,COMPLETED_SUCCESSFULLY,2357947.000000,151.000000,2358098.000000,844.000000,995.000000,6.589404,108-157,-1.000000,""
2657,w0,914,2364996.000000,1,14400.000000,1,COMPLETED_SUCCESSFULLY,2364996.000000,914.000000,2365910.000000,0.000000,914.000000,1.000000,74,-1.000000,""
2658,w0,48,2367426.000000,12,1200.000000,1,COMPLETED_SUCCESSFULLY,2367426.000000,48.000000,2367474.000000,0.000000,48.000000,1.000000,74-85,-1.000000,""
2656,w0,5307,2363589.000000,16,7200.000000,1,COMPLETED_SUCCESSFULLY,2363589.000000,5307.000000,2368896.000000,0.000000,5307.000000,1.000000,0 13-14 18-20 64-73,-1.000000,""
2660,w0,938,2369832.000000,1,14400.000000,1,COMPLETED_SUCCESSFULLY,2369832.000000,938.000000,2370770.000000,0.000000,938.000000,1.000000,74,-1.000000,""
2544,w0,36679,2338598.000000,3,50400.000000,1,COMPLETED_SUCCESSFULLY,2338598.000000,36679.000000,2375277.000000,0.000000,36679.000000,1.000000,15-17,-1.000000,""
2540,w0,40392,2338472.000000,12,61800.000000,1,COMPLETED_SUCCESSFULLY,2338472.000000,40392.000000,2378864.000000,0.000000,40392.000000,1.000000,1-12,-1.000000,""
2659,w0,10682,2369201.000000,16,14400.000000,1,COMPLETED_SUCCESSFULLY,2369201.000000,10682.000000,2379883.000000,0.000000,10682.000000,1.000000,0 13-14 18-20 64-73,-1.000000,""
2607,w0,33007,2350807.000000,1,44940.000000,1,COMPLETED_SUCCESSFULLY,2350807.000000,33007.000000,2383814.000000,0.000000,33007.000000,1.000000,25,-1.000000,""
2603,w0,33013,2350802.000000,1,44940.000000,1,COMPLETED_SUCCESSFULLY,2350802.000000,33013.000000,2383815.000000,0.000000,33013.000000,1.000000,21,-1.000000,""
2609,w0,33009,2350808.000000,1,44940.000000,1,COMPLETED_SUCCESSFULLY,2350808.000000,33009.000000,2383817.000000,0.000000,33009.000000,1.000000,27,-1.000000,""
2604,w0,33016,2350805.000000,1,44940.000000,1,COMPLETED_SUCCESSFULLY,2350805.000000,33016.000000,2383821.000000,0.000000,33016.000000,1.000000,22,-1.000000,""
2606,w0,33018,2350806.000000,1,44940.000000,1,COMPLETED_SUCCESSFULLY,2350806.000000,33018.000000,2383824.000000,0.000000,33018.000000,1.000000,24,-1.000000,""
2619,w0,33009,2350816.000000,1,44940.000000,1,COMPLETED_SUCCESSFULLY,2350816.000000,33009.000000,2383825.000000,0.000000,33009.000000,1.000000,37,-1.000000,""
2618,w0,33013,2350815.000000,1,44940.000000,1,COMPLETED_SUCCESSFULLY,2350815.000000,33013.000000,2383828.000000,0.000000,33013.000000,1.000000,36,-1.000000,""
2620,w0,33013,2350816.000000,1,44940.000000,1,COMPLETED_SUCCESSFULLY,2350816.000000,33013.000000,2383829.000000,0.000000,33013.000000,1.000000,38,-1.000000,""
2611,w0,33020,2350810.000000,1,44940.000000,1,COMPLETED_SUCCESSFULLY,2350810.000000,33020.000000,2383830.000000,0.000000,33020.000000,1.000000,29,-1.000000,""
2605,w0,33026,2350806.000000,1,44940.000000,1,COMPLETED_SUCCESSFULLY,2350806.000000,33026.000000,2383832.000000,0.000000,33026.000000,1.000000,23,-1.000000,""
2610,w0,33024,2350809.000000,1,44940.000000,1,COMPLETED_SUCCESSFULLY,2350809.000000,33024.000000,2383833.000000,0.000000,33024.000000,1.000000,28,-1.000000,""
2608,w0,33027,2350807.000000,1,44940.000000,1,COMPLETED_SUCCESSFULLY,2350807.000000,33027.000000,2383834.000000,0.000000,33027.000000,1.000000,26,-1.000000,""
2616,w0,33022,2350814.000000,1,44940.000000,1,COMPLETED_SUCCESSFULLY,2350814.000000,33022.000000,2383836.000000,0.000000,33022.000000,1.000000,34,-1.000000,""
2617,w0,33023,2350814.000000,1,44940.000000,1,COMPLETED_SUCCESSFULLY,2350814.000000,33023.000000,2383837.000000,0.000000,33023.000000,1.000000,35,-1.000000,""
2632,w0,33011,2350826.000000,1,44940.000000,1,COMPLETED_SUCCESSFULLY,2350826.000000,33011.000000,2383837.000000,0.000000,33011.000000,1.000000,50,-1.000000,""
2635,w0,33010,2350828.000000,1,44940.000000,1,COMPLETED_SUCCESSFULLY,2350828.000000,33010.000000,2383838.000000,0.000000,33010.000000,1.000000,53,-1.000000,""
2637,w0,33010,2350829.000000,1,44940.000000,1,COMPLETED_SUCCESSFULLY,2350829.000000,33010.000000,2383839.000000,0.000000,33010.000000,1.000000,55,-1.000000,""
2615,w0,33027,2350813.000000,1,44940.000000,1,COMPLETED_SUCCESSFULLY,2350813.000000,33027.000000,2383840.000000,0.000000,33027.000000,1.000000,33,-1.000000,""
2630,w0,33016,2350824.000000,1,44940.000000,1,COMPLETED_SUCCESSFULLY,2350824.000000,33016.000000,2383840.000000,0.000000,33016.000000,1.000000,48,-1.000000,""
2612,w0,33030,2350811.000000,1,44940.000000,1,COMPLETED_SUCCESSFULLY,2350811.000000,33030.000000,2383841.000000,0.000000,33030.000000,1.000000,30,-1.000000,""
2614,w0,33029,2350812.000000,1,44940.000000,1,COMPLETED_SUCCESSFULLY,2350812.000000,33029.000000,2383841.000000,0.000000,33029.000000,1.000000,32,-1.000000,""
2631,w0,33017,2350825.000000,1,44940.000000,1,COMPLETED_SUCCESSFULLY,2350825.000000,33017.000000,2383842.000000,0.000000,33017.000000,1.000000,49,-1.000000,""
2634,w0,33015,2350827.000000,1,44940.000000,1,COMPLETED_SUCCESSFULLY,2350827.000000,33015.000000,2383842.000000,0.000000,33015.000000,1.000000,52,-1.000000,""
2636,w0,33014,2350828.000000,1,44940.000000,1,COMPLETED_SUCCESSFULLY,2350828.000000,33014.000000,2383842.000000,0.000000,33014.000000,1.000000,54,-1.000000,""
2624,w0,33024,2350819.000000,1,44940.000000,1,COMPLETED_SUCCESSFULLY,2350819.000000,33024.000000,2383843.000000,0.000000,33024.000000,1.000000,42,-1.000000,""
2625,w0,33024,2350820.000000,1,44940.000000,1,COMPLETED_SUCCESSFULLY,2350820.000000,33024.000000,2383844.000000,0.000000,33024.000000,1.000000,43,-1.000000,""
2640,w0,33013,2350831.000000,1,44940.000000,1,COMPLETED_SUCCESSFULLY,2350831.000000,33013.000000,2383844.000000,0.000000,33013.000000,1.000000,58,-1.000000,""
2613,w0,33034,2350811.000000,1,44940.000000,1,COMPLETED_SUCCESSFULLY,2350811.000000,33034.000000,2383845.000000,0.000000,33034.000000,1.000000,31,-1.000000,""
2622,w0,33027,2350818.000000,1,44940.000000,1,COMPLETED_SUCCESSFULLY,2350818.000000,33027.000000,2383845.000000,0.000000,33027.000000,1.000000,40,-1.000000,""
2633,w0,33019,2350826.000000,1,44940.000000,1,COMPLETED_SUCCESSFULLY,2350826.000000,33019.000000,2383845.000000,0.000000,33019.000000,1.000000,51,-1.000000,""
2638,w0,33015,2350830.000000,1,44940.000000,1,COMPLETED_SUCCESSFULLY,2350830.000000,33015.000000,2383845.000000,0.000000,33015.000000,1.000000,56,-1.000000,""
2623,w0,33029,2350819.000000,1,44940.000000,1,COMPLETED_SUCCESSFULLY,2350819.000000,33029.000000,2383848.000000,0.000000,33029.000000,1.000000,41,-1.000000,""
2626,w0,33028,2350821.000000,1,44940.000000,1,COMPLETED_SUCCESSFULLY,2350821.000000,33028.000000,2383849.000000,0.000000,33028.000000,1.000000,44,-1.000000,""
2629,w0,33026,2350824.000000,1,44940.000000,1,COMPLETED_SUCCESSFULLY,2350824.000000,33026.000000,2383850.000000,0.000000,33026.000000,1.000000,47,-1.000000,""
2621,w0,33035,2350817.000000,1,44940.000000,1,COMPLETED_SUCCESSFULLY,2350817.000000,33035.000000,2383852.000000,0.000000,33035.000000,1.000000,39,-1.000000,""
2627,w0,33030,2350822.000000,1,44940.000000,1,COMPLETED_SUCCESSFULLY,2350822.000000,33030.000000,2383852.000000,0.000000,33030.000000,1.000000,45,-1.000000,""
2642,w0,33021,2350833.000000,1,44940.000000,1,COMPLETED_SUCCESSFULLY,2350833.000000,33021.000000,2383854.000000,0.000000,33021.000000,1.000000,60,-1.000000,""
2644,w0,33020,2350834.000000,1,44940.000000,1,COMPLETED_SUCCESSFULLY,2350834.000000,33020.000000,2383854.000000,0.000000,33020.000000,1.000000,62,-1.000000,""
2645,w0,33019,2350835.000000,1,44940.000000,1,COMPLETED_SUCCESSFULLY,2350835.000000,33019.000000,2383854.000000,0.000000,33019.000000,1.000000,63,-1.000000,""
2628,w0,33032,2350823.000000,1,44940.000000,1,COMPLETED_SUCCESSFULLY,2350823.000000,33032.000000,2383855.000000,0.000000,33032.000000,1.000000,46,-1.000000,""
2643,w0,33021,2350834.000000,1,44940.000000,1,COMPLETED_SUCCESSFULLY,2350834.000000,33021.000000,2383855.000000,0.000000,33021.000000,1.000000,61,-1.000000,""
2641,w0,33032,2350832.000000,1,44940.000000,1,COMPLETED_SUCCESSFULLY,2350832.000000,33032.000000,2383864.000000,0.000000,33032.000000,1.000000,59,-1.000000,""
2639,w0,33034,2350831.000000,1,44940.000000,1,COMPLETED_SUCCESSFULLY,2350831.000000,33034.000000,2383865.000000,0.000000,33034.000000,1.000000,57,-1.000000,""
2662,w0,4724,2376197.000000,64,64800.000000,1,COMPLETED_SUCCESSFULLY,2379883.000000,4724.000000,2384607.000000,3686.000000,8410.000000,1.780271,0-14 18-20 64-73 135-170,-1.000000,""
2670,w0,57,2400516.000000,16,25200.000000,1,COMPLETED_SUCCESSFULLY,2400516.000000,57.000000,2400573.000000,0.000000,57.000000,1.000000,4-14 18-20 30-31,-1.000000,""
2671,w0,47,2406170.000000,2,120.000000,1,COMPLETED_SUCCESSFULLY,2406170.000000,47.000000,2406217.000000,0.000000,47.000000,1.000000,4-5,-1.000000,""
2672,w0,30,2407572.000000,1,3600.000000,1,COMPLETED_SUCCESSFULLY,2407572.000000,30.000000,2407602.000000,0.000000,30.000000,1.000000,4,-1.000000,""
2674,w0,47,2407853.000000,12,1200.000000,1,COMPLETED_SUCCESSFULLY,2407853.000000,47.000000,2407900.000000,0.000000,47.000000,1.000000,5-14 18-19,-1.000000,""
2673,w0,275,2407823.000000,1,3600.000000,1,COMPLETED_SUCCESSFULLY,2407823.000000,275.000000,2408098.000000,0.000000,275.000000,1.000000,4,-1.000000,""
2675,w0,270,2408525.000000,1,3600.000000,1,COMPLETED_SUCCESSFULLY,2408525.000000,270.000000,2408795.000000,0.000000,270.000000,1.000000,4,-1.000000,""
2676,w0,937,2408970.000000,24,7200.000000,1,COMPLETED_SUCCESSFULLY,2408970.000000,937.000000,2409907.000000,0.000000,937.000000,1.000000,4-14 18-20 30-32 39-45,-1.000000,""
2677,w0,337,2409810.000000,4,1800.000000,1,COMPLETED_SUCCESSFULLY,2409810.000000,337.000000,2410147.000000,0.000000,337.000000,1.000000,46-49,-1.000000,""
2678,w0,223,2409953.000000,1,3600.000000,1,COMPLETED_SUCCESSFULLY,2409953.000000,223.000000,2410176.000000,0.000000,223.000000,1.000000,4,-1.000000,""
2669,w0,19915,2390820.000000,4,28800.000000,1,COMPLETED_SUCCESSFULLY,2390820.000000,19915.000000,2410735.000000,0.000000,19915.000000,1.000000,0-3,-1.000000,""
2679,w0,221,2410996.000000,1,3600.000000,1,COMPLETED_SUCCESSFULLY,2410996.000000,221.000000,2411217.000000,0.000000,221.000000,1.000000,0,-1.000000,""
2680,w0,158,2411164.000000,64,64800.000000,1,COMPLETED_SUCCESSFULLY,2411164.000000,158.000000,2411322.000000,0.000000,158.000000,1.000000,1-14 18-20 30-32 39-49 51-52 54 56-73 135-146,-1.000000,""
2681,w0,43,2412303.000000,8,3600.000000,1,COMPLETED_SUCCESSFULLY,2412303.000000,43.000000,2412346.000000,0.000000,43.000000,1.000000,0-7,-1.000000,""
2684,w0,48,2414594.000000,8,3600.000000,1,COMPLETED_SUCCESSFULLY,2414594.000000,48.000000,2414642.000000,0.000000,48.000000,1.000000,2-9,-1.000000,""
2683,w0,515,2414504.000000,1,1800.000000,1,COMPLETED_SUCCESSFULLY,2414504.000000,515.000000,2415019.000000,0.000000,515.000000,1.000000,1,-1.000000,""
2686,w0,21,2415317.000000,1,7800.000000,1,COMPLETED_SUCCESSFULLY,2415317.000000,21.000000,2415338.000000,0.000000,21.000000,1.000000,1,-1.000000,""
2688,w0,21,2416263.000000,1,600.000000,1,COMPLETED_SUCCESSFULLY,2416263.000000,21.000000,2416284.000000,0.000000,21.000000,1.000000,163,-1.000000,""
2689,w0,21,2416915.000000,1,7800.000000,1,COMPLETED_SUCCESSFULLY,2416915.000000,21.000000,2416936.000000,0.000000,21.000000,1.000000,163,-1.000000,""
2690,w0,215,2417406.000000,1,1800.000000,1,COMPLETED_SUCCESSFULLY,2417406.000000,215.000000,2417621.000000,0.000000,215.000000,1.000000,163,-1.000000,""
2691,w0,229,2417412.000000,1,1800.000000,1,COMPLETED_SUCCESSFULLY,2417412.000000,229.000000,2417641.000000,0.000000,229.000000,1.000000,164,-1.000000,""
2687,w0,1990,2416251.000000,16,3600.000000,1,COMPLETED_SUCCESSFULLY,2416251.000000,1990.000000,2418241.000000,0.000000,1990.000000,1.000000,1 148-162,-1.000000,""
2685,w0,3399,2414847.000000,64,3600.000000,1,COMPLETED_SUCCESSFULLY,2414847.000000,3399.000000,2418246.000000,0.000000,3399.000000,1.000000,2-14 18-20 30-32 39-49 51-52 54 56-73 135-147,-1.000000,""
2694,w0,42,2418177.000000,20,64800.000000,1,COMPLETED_SUCCESSFULLY,2418246.000000,42.000000,2418288.000000,69.000000,111.000000,2.642857,30-32 39-49 51-52 54 56-58,-1.000000,""
2692,w0,53,2417863.000000,16,21600.000000,1,COMPLETED_SUCCESSFULLY,2418241.000000,53.000000,2418294.000000,378.000000,431.000000,8.132075,1 148-162,-1.000000,""
2693,w0,56,2418035.000000,16,21600.000000,1,COMPLETED_SUCCESSFULLY,2418246.000000,56.000000,2418302.000000,211.000000,267.000000,4.767857,2-14 18-20,-1.000000,""
2696,w0,27,2418539.000000,1,64800.000000,1,COMPLETED_SUCCESSFULLY,2418539.000000,27.000000,2418566.000000,0.000000,27.000000,1.000000,9,-1.000000,""
2697,w0,1512,2419006.000000,1,23400.000000,1,COMPLETED_SUCCESSFULLY,2419006.000000,1512.000000,2420518.000000,0.000000,1512.000000,1.000000,9,-1.000000,""
2695,w0,2884,2418509.000000,8,3600.000000,1,COMPLETED_SUCCESSFULLY,2418509.000000,2884.000000,2421393.000000,0.000000,2884.000000,1.000000,1-8,-1.000000,""
2682,w0,8845,2413892.000000,1,36000.000000,1,COMPLETED_SUCCESSFULLY,2413892.000000,8845.000000,2422737.000000,0.000000,8845.000000,1.000000,0,-1.000000,""
2698,w0,1074,2422547.000000,1,23400.000000,1,COMPLETED_SUCCESSFULLY,2422547.000000,1074.000000,2423621.000000,0.000000,1074.000000,1.000000,1,-1.000000,""
2699,w0,2369,2422558.000000,1,23400.000000,1,COMPLETED_SUCCESSFULLY,2422558.000000,2369.000000,2424927.000000,0.000000,2369.000000,1.000000,2,-1.000000,""
2667,w0,41658,2382911.000000,3,50400.000000,1,COMPLETED_SUCCESSFULLY,2383837.000000,41658.000000,2425495.000000,926.000000,42584.000000,1.022229,34-35 50,-1.000000,""
2663,w0,41848,2382356.000000,3,50400.000000,1,COMPLETED_SUCCESSFULLY,2383817.000000,41848.000000,2425665.000000,1461.000000,43309.000000,1.034912,21 25 27,-1.000000,""
2668,w0,42306,2382929.000000,3,50400.000000,1,COMPLETED_SUCCESSFULLY,2383840.000000,42306.000000,2426146.000000,911.000000,43217.000000,1.021534,33 53 55,-1.000000,""
2702,w0,58,2427177.000000,16,25200.000000,1,COMPLETED_SUCCESSFULLY,2427177.000000,58.000000,2427235.000000,0.000000,58.000000,1.000000,2 21 25 27 30-35 39-44,-1.000000,""
2700,w0,5157,2423374.000000,16,21600.000000,1,COMPLETED_SUCCESSFULLY,2423374.000000,5157.000000,2428531.000000,0.000000,5157.000000,1.000000,0 3-14 18-20,-1.000000,""
2666,w0,45103,2382896.000000,3,50400.000000,1,COMPLETED_SUCCESSFULLY,2383834.000000,45103.000000,2428937.000000,938.000000,46041.000000,1.020797,23 26 28,-1.000000,""
2704,w0,75,2429207.000000,64,600.000000,1,COMPLETED_SUCCESSFULLY,2429207.000000,75.000000,2429282.000000,0.000000,75.000000,1.000000,0 3-14 18-21 23 25-28 30-35 39-73 135,-1.000000,""
2664,w0,45483,2382852.000000,3,50400.000000,1,COMPLETED_SUCCESSFULLY,2383825.000000,45483.000000,2429308.000000,973.000000,46456.000000,1.021393,22 24 37,-1.000000,""
2665,w0,46188,2382868.000000,3,50400.000000,1,COMPLETED_SUCCESSFULLY,2383830.000000,46188.000000,2430018.000000,962.000000,47150.000000,1.020828,29 36 38,-1.000000,""
2705,w0,286,2431025.000000,12,1200.000000,1,COMPLETED_SUCCESSFULLY,2431025.000000,286.000000,2431311.000000,0.000000,286.000000,1.000000,0 3-13,-1.000000,""
2706,w0,132,2431533.000000,1,10800.000000,1,COMPLETED_SUCCESSFULLY,2431533.000000,132.000000,2431665.000000,0.000000,132.000000,1.000000,0,-1.000000,""
2707,w0,112,2432052.000000,1,39600.000000,1,COMPLETED_SUCCESSFULLY,2432052.000000,112.000000,2432164.000000,0.000000,112.000000,1.000000,0,-1.000000,""
2703,w0,4967,2427470.000000,1,7800.000000,1,COMPLETED_SUCCESSFULLY,2427470.000000,4967.000000,2432437.000000,0.000000,4967.000000,1.000000,2,-1.000000,""
2708,w0,41,2433569.000000,4,600.000000,1,COMPLETED_SUCCESSFULLY,2433569.000000,41.000000,2433610.000000,0.000000,41.000000,1.000000,0 2-4,-1.000000,""
2701,w0,8579,2427022.000000,1,36000.000000,1,COMPLETED_SUCCESSFULLY,2427022.000000,8579.000000,2435601.000000,0.000000,8579.000000,1.000000,1,-1.000000,""
2661,w0,59914,2375753.000000,64,64800.000000,1,COMPLETED_SUCCESSFULLY,2375753.000000,59914.000000,2435667.000000,0.000000,59914.000000,1.000000,15-17 74-134,-1.000000,""
2434,w0,438,2282498.000000,160,3600.000000,1,COMPLETED_SUCCESSFULLY,2435667.000000,438.000000,2436105.000000,153169.000000,153607.000000,350.700913,0-159,-1.000000,""
2709,w0,164,2436040.000000,4,39600.000000,1,COMPLETED_SUCCESSFULLY,2436040.000000,164.000000,2436204.000000,0.000000,164.000000,1.000000,160-163,-1.000000,""
2710,w0,164,2436791.000000,4,600.000000,1,COMPLETED_SUCCESSFULLY,2436791.000000,164.000000,2436955.000000,0.000000,164.000000,1.000000,0-3,-1.000000,""
2711,w0,164,2436800.000000,4,600.000000,1,COMPLETED_SUCCESSFULLY,2436800.000000,164.000000,2436964.000000,0.000000,164.000000,1.000000,4-7,-1.000000,""
2712,w0,160,2438340.000000,4,28800.000000,1,COMPLETED_SUCCESSFULLY,2438340.000000,160.000000,2438500.000000,0.000000,160.000000,1.000000,0-3,-1.000000,""
2713,w0,50,2439014.000000,4,600.000000,1,COMPLETED_SUCCESSFULLY,2439014.000000,50.000000,2439064.000000,0.000000,50.000000,1.000000,0-3,-1.000000,""
2720,w0,491,2443645.000000,1,1200.000000,1,COMPLETED_SUCCESSFULLY,2443645.000000,491.000000,2444136.000000,0.000000,491.000000,1.000000,12,-1.000000,""
2717,w0,515,2443645.000000,1,1200.000000,1,COMPLETED_SUCCESSFULLY,2443645.000000,515.000000,2444160.000000,0.000000,515.000000,1.000000,9,-1.000000,""
2723,w0,517,2443645.000000,1,1200.000000,1,COMPLETED_SUCCESSFULLY,2443645.000000,517.000000,2444162.000000,0.000000,517.000000,1.000000,15,-1.000000,""
2719,w0,531,2443645.000000,1,1200.000000,1,COMPLETED_SUCCESSFULLY,2443645.000000,531.000000,2444176.000000,0.000000,531.000000,1.000000,11,-1.000000,""
2716,w0,535,2443645.000000,1,1200.000000,1,COMPLETED_SUCCESSFULLY,2443645.000000,535.000000,2444180.000000,0.000000,535.000000,1.000000,8,-1.000000,""
2726,w0,537,2443645.000000,1,1200.000000,1,COMPLETED_SUCCESSFULLY,2443645.000000,537.000000,2444182.000000,0.000000,537.000000,1.000000,18,-1.000000,""
2725,w0,553,2443645.000000,1,1200.000000,1,COMPLETED_SUCCESSFULLY,2443645.000000,553.000000,2444198.000000,0.000000,553.000000,1.000000,17,-1.000000,""
2722,w0,556,2443645.000000,1,1200.000000,1,COMPLETED_SUCCESSFULLY,2443645.000000,556.000000,2444201.000000,0.000000,556.000000,1.000000,14,-1.000000,""
2718,w0,568,2443645.000000,1,1200.000000,1,COMPLETED_SUCCESSFULLY,2443645.000000,568.000000,2444213.000000,0.000000,568.000000,1.000000,10,-1.000000,""
2727,w0,568,2443645.000000,1,1200.000000,1,COMPLETED_SUCCESSFULLY,2443645.000000,568.000000,2444213.000000,0.000000,568.000000,1.000000,19,-1.000000,""
2724,w0,580,2443645.000000,1,1200.000000,1,COMPLETED_SUCCESSFULLY,2443645.000000,580.000000,2444225.000000,0.000000,580.000000,1.000000,16,-1.000000,""
2721,w0,609,2443645.000000,1,1200.000000,1,COMPLETED_SUCCESSFULLY,2443645.000000,609.000000,2444254.000000,0.000000,609.000000,1.000000,13,-1.000000,""
2714,w0,4634,2440259.000000,4,10800.000000,1,COMPLETED_SUCCESSFULLY,2440259.000000,4634.000000,2444893.000000,0.000000,4634.000000,1.000000,0-3,-1.000000,""
2776,w0,71,2445786.000000,64,600.000000,1,COMPLETED_SUCCESSFULLY,2445786.000000,71.000000,2445857.000000,0.000000,71.000000,1.000000,0-3 83-142,-1.000000,""
2779,w0,156,2446978.000000,16,600.000000,1,COMPLETED_SUCCESSFULLY,2446978.000000,156.000000,2447134.000000,0.000000,156.000000,1.000000,111-126,-1.000000,""
2781,w0,1429,2447872.000000,37,14100.000000,1,COMPLETED_SUCCESSFULLY,2447872.000000,1429.000000,2449301.000000,0.000000,1429.000000,1.000000,111-126 143-163,-1.000000,""
2782,w0,6267,2447893.000000,37,14100.000000,1,COMPLETED_SUCCESSFULLY,2449301.000000,6267.000000,2455568.000000,1408.000000,7675.000000,1.224669,111-126 143-163,-1.000000,""
2732,w0,15320,2444479.000000,16,64800.000000,1,COMPLETED_SUCCESSFULLY,2444479.000000,15320.000000,2459799.000000,0.000000,15320.000000,1.000000,8-19 36-39,-1.000000,""
2801,w0,542,2459825.000000,4,600.000000,1,COMPLETED_SUCCESSFULLY,2459825.000000,542.000000,2460367.000000,0.000000,542.000000,1.000000,10-13,-1.000000,""
2788,w0,4572,2456701.000000,4,64800.000000,1,COMPLETED_SUCCESSFULLY,2456701.000000,4572.000000,2461273.000000,0.000000,4572.000000,1.000000,155-158,-1.000000,""
2780,w0,15993,2447032.000000,16,21600.000000,1,COMPLETED_SUCCESSFULLY,2447032.000000,15993.000000,2463025.000000,0.000000,15993.000000,1.000000,127-142,-1.000000,""
2784,w0,15040,2449518.000000,12,61800.000000,1,COMPLETED_SUCCESSFULLY,2455568.000000,15040.000000,2470608.000000,6050.000000,21090.000000,1.402261,111-122,-1.000000,""
2787,w0,14814,2456670.000000,8,64800.000000,1,COMPLETED_SUCCESSFULLY,2456670.000000,14814.000000,2471484.000000,0.000000,14814.000000,1.000000,147-154,-1.000000,""
2786,w0,14922,2456644.000000,8,64800.000000,1,COMPLETED_SUCCESSFULLY,2456644.000000,14922.000000,2471566.000000,0.000000,14922.000000,1.000000,123-126 143-146,-1.000000,""
2805,w0,209,2473959.000000,16,25200.000000,1,COMPLETED_SUCCESSFULLY,2473959.000000,209.000000,2474168.000000,0.000000,209.000000,1.000000,16-19 36-39 111-118,-1.000000,""
2733,w0,33324,2444494.000000,1,41340.000000,1,COMPLETED_SUCCESSFULLY,2444494.000000,33324.000000,2477818.000000,0.000000,33324.000000,1.000000,40,-1.000000,""
2736,w0,33324,2444500.000000,1,41340.000000,1,COMPLETED_SUCCESSFULLY,2444500.000000,33324.000000,2477824.000000,0.000000,33324.000000,1.000000,43,-1.000000,""
2737,w0,33326,2444501.000000,1,41340.000000,1,COMPLETED_SUCCESSFULLY,2444501.000000,33326.000000,2477827.000000,0.000000,33326.000000,1.000000,44,-1.000000,""
2739,w0,33325,2444502.000000,1,41340.000000,1,COMPLETED_SUCCESSFULLY,2444502.000000,33325.000000,2477827.000000,0.000000,33325.000000,1.000000,46,-1.000000,""
2738,w0,33328,2444501.000000,1,41340.000000,1,COMPLETED_SUCCESSFULLY,2444501.000000,33328.000000,2477829.000000,0.000000,33328.000000,1.000000,45,-1.000000,""
2735,w0,33332,2444499.000000,1,41340.000000,1,COMPLETED_SUCCESSFULLY,2444499.000000,33332.000000,2477831.000000,0.000000,33332.000000,1.000000,42,-1.000000,""
2740,w0,33330,2444503.000000,1,41340.000000,1,COMPLETED_SUCCESSFULLY,2444503.000000,33330.000000,2477833.000000,0.000000,33330.000000,1.000000,47,-1.000000,""
2745,w0,33327,2444506.000000,1,41340.000000,1,COMPLETED_SUCCESSFULLY,2444506.000000,33327.000000,2477833.000000,0.000000,33327.000000,1.000000,52,-1.000000,""
2744,w0,33329,2444505.000000,1,41340.000000,1,COMPLETED_SUCCESSFULLY,2444505.000000,33329.000000,2477834.000000,0.000000,33329.000000,1.000000,51,-1.000000,""
2734,w0,33336,2444499.000000,1,41340.000000,1,COMPLETED_SUCCESSFULLY,2444499.000000,33336.000000,2477835.000000,0.000000,33336.000000,1.000000,41,-1.000000,""
2741,w0,33332,2444503.000000,1,41340.000000,1,COMPLETED_SUCCESSFULLY,2444503.000000,33332.000000,2477835.000000,0.000000,33332.000000,1.000000,48,-1.000000,""
2742,w0,33333,2444504.000000,1,41340.000000,1,COMPLETED_SUCCESSFULLY,2444504.000000,33333.000000,2477837.000000,0.000000,33333.000000,1.000000,49,-1.000000,""
2743,w0,33332,2444505.000000,1,41340.000000,1,COMPLETED_SUCCESSFULLY,2444505.000000,33332.000000,2477837.000000,0.000000,33332.000000,1.000000,50,-1.000000,""
2746,w0,33332,2444507.000000,1,41340.000000,1,COMPLETED_SUCCESSFULLY,2444507.000000,33332.000000,2477839.000000,0.000000,33332.000000,1.000000,53,-1.000000,""
2756,w0,33326,2444513.000000,1,41340.000000,1,COMPLETED_SUCCESSFULLY,2444513.000000,33326.000000,2477839.000000,0.000000,33326.000000,1.000000,63,-1.000000,""
2747,w0,33334,2444507.000000,1,41340.000000,1,COMPLETED_SUCCESSFULLY,2444507.000000,33334.000000,2477841.000000,0.000000,33334.000000,1.000000,54,-1.000000,""
2757,w0,33327,2444514.000000,1,41340.000000,1,COMPLETED_SUCCESSFULLY,2444514.000000,33327.000000,2477841.000000,0.000000,33327.000000,1.000000,64,-1.000000,""
2748,w0,33336,2444508.000000,1,41340.000000,1,COMPLETED_SUCCESSFULLY,2444508.000000,33336.000000,2477844.000000,0.000000,33336.000000,1.000000,55,-1.000000,""
2754,w0,33332,2444512.000000,1,41340.000000,1,COMPLETED_SUCCESSFULLY,2444512.000000,33332.000000,2477844.000000,0.000000,33332.000000,1.000000,61,-1.000000,""
2750,w0,33336,2444509.000000,1,41340.000000,1,COMPLETED_SUCCESSFULLY,2444509.000000,33336.000000,2477845.000000,0.000000,33336.000000,1.000000,57,-1.000000,""
2749,w0,33337,2444509.000000,1,41340.000000,1,COMPLETED_SUCCESSFULLY,2444509.000000,33337.000000,2477846.000000,0.000000,33337.000000,1.000000,56,-1.000000,""
2751,w0,33337,2444510.000000,1,41340.000000,1,COMPLETED_SUCCESSFULLY,2444510.000000,33337.000000,2477847.000000,0.000000,33337.000000,1.000000,58,-1.000000,""
2775,w0,33324,2444527.000000,1,41340.000000,1,COMPLETED_SUCCESSFULLY,2444527.000000,33324.000000,2477851.000000,0.000000,33324.000000,1.000000,82,-1.000000,""
2752,w0,33341,2444511.000000,1,41340.000000,1,COMPLETED_SUCCESSFULLY,2444511.000000,33341.000000,2477852.000000,0.000000,33341.000000,1.000000,59,-1.000000,""
2755,w0,33339,2444513.000000,1,41340.000000,1,COMPLETED_SUCCESSFULLY,2444513.000000,33339.000000,2477852.000000,0.000000,33339.000000,1.000000,62,-1.000000,""
2753,w0,33343,2444512.000000,1,41340.000000,1,COMPLETED_SUCCESSFULLY,2444512.000000,33343.000000,2477855.000000,0.000000,33343.000000,1.000000,60,-1.000000,""
2764,w0,33336,2444519.000000,1,41340.000000,1,COMPLETED_SUCCESSFULLY,2444519.000000,33336.000000,2477855.000000,0.000000,33336.000000,1.000000,71,-1.000000,""
2763,w0,33338,2444518.000000,1,41340.000000,1,COMPLETED_SUCCESSFULLY,2444518.000000,33338.000000,2477856.000000,0.000000,33338.000000,1.000000,70,-1.000000,""
2765,w0,33336,2444520.000000,1,41340.000000,1,COMPLETED_SUCCESSFULLY,2444520.000000,33336.000000,2477856.000000,0.000000,33336.000000,1.000000,72,-1.000000,""
2762,w0,33341,2444517.000000,1,41340.000000,1,COMPLETED_SUCCESSFULLY,2444517.000000,33341.000000,2477858.000000,0.000000,33341.000000,1.000000,69,-1.000000,""
2766,w0,33339,2444520.000000,1,41340.000000,1,COMPLETED_SUCCESSFULLY,2444520.000000,33339.000000,2477859.000000,0.000000,33339.000000,1.000000,73,-1.000000,""
2767,w0,33339,2444521.000000,1,41340.000000,1,COMPLETED_SUCCESSFULLY,2444521.000000,33339.000000,2477860.000000,0.000000,33339.000000,1.000000,74,-1.000000,""
2758,w0,33347,2444515.000000,1,41340.000000,1,COMPLETED_SUCCESSFULLY,2444515.000000,33347.000000,2477862.000000,0.000000,33347.000000,1.000000,65,-1.000000,""
2760,w0,33346,2444516.000000,1,41340.000000,1,COMPLETED_SUCCESSFULLY,2444516.000000,33346.000000,2477862.000000,0.000000,33346.000000,1.000000,67,-1.000000,""
2774,w0,33336,2444526.000000,1,41340.000000,1,COMPLETED_SUCCESSFULLY,2444526.000000,33336.000000,2477862.000000,0.000000,33336.000000,1.000000,81,-1.000000,""
2759,w0,33349,2444515.000000,1,41340.000000,1,COMPLETED_SUCCESSFULLY,2444515.000000,33349.000000,2477864.000000,0.000000,33349.000000,1.000000,66,-1.000000,""
2761,w0,33347,2444517.000000,1,41340.000000,1,COMPLETED_SUCCESSFULLY,2444517.000000,33347.000000,2477864.000000,0.000000,33347.000000,1.000000,68,-1.000000,""
2768,w0,33343,2444522.000000,1,41340.000000,1,COMPLETED_SUCCESSFULLY,2444522.000000,33343.000000,2477865.000000,0.000000,33343.000000,1.000000,75,-1.000000,""
2770,w0,33343,2444523.000000,1,41340.000000,1,COMPLETED_SUCCESSFULLY,2444523.000000,33343.000000,2477866.000000,0.000000,33343.000000,1.000000,77,-1.000000,""
2769,w0,33345,2444522.000000,1,41340.000000,1,COMPLETED_SUCCESSFULLY,2444522.000000,33345.000000,2477867.000000,0.000000,33345.000000,1.000000,76,-1.000000,""
2771,w0,33344,2444524.000000,1,41340.000000,1,COMPLETED_SUCCESSFULLY,2444524.000000,33344.000000,2477868.000000,0.000000,33344.000000,1.000000,78,-1.000000,""
2772,w0,33345,2444525.000000,1,41340.000000,1,COMPLETED_SUCCESSFULLY,2444525.000000,33345.000000,2477870.000000,0.000000,33345.000000,1.000000,79,-1.000000,""
2773,w0,33346,2444525.000000,1,41340.000000,1,COMPLETED_SUCCESSFULLY,2444525.000000,33346.000000,2477871.000000,0.000000,33346.000000,1.000000,80,-1.000000,""
2777,w0,33991,2446754.000000,32,57600.000000,1,COMPLETED_SUCCESSFULLY,2446754.000000,33991.000000,2480745.000000,0.000000,33991.000000,1.000000,0-3 83-110,-1.000000,""
2785,w0,28964,2453801.000000,2,64800.000000,1,COMPLETED_SUCCESSFULLY,2453801.000000,28964.000000,2482765.000000,0.000000,28964.000000,1.000000,164-165,-1.000000,""
2809,w0,5325,2479962.000000,16,7200.000000,1,COMPLETED_SUCCESSFULLY,2479962.000000,5325.000000,2485287.000000,0.000000,5325.000000,1.000000,41 48-51 53-63,-1.000000,""
2812,w0,45,2485510.000000,1,600.000000,1,COMPLETED_SUCCESSFULLY,2485510.000000,45.000000,2485555.000000,0.000000,45.000000,1.000000,41,-1.000000,""
2731,w0,41873,2444002.000000,4,64800.000000,1,COMPLETED_SUCCESSFULLY,2444002.000000,41873.000000,2485875.000000,0.000000,41873.000000,1.000000,32-35,-1.000000,""
2810,w0,5691,2480330.000000,16,7200.000000,1,COMPLETED_SUCCESSFULLY,2480330.000000,5691.000000,2486021.000000,0.000000,5691.000000,1.000000,64-79,-1.000000,""
2814,w0,184,2485884.000000,1,27000.000000,1,COMPLETED_SUCCESSFULLY,2485884.000000,184.000000,2486068.000000,0.000000,184.000000,1.000000,32,-1.000000,""
2811,w0,3481,2484666.000000,36,3600.000000,1,COMPLETED_SUCCESSFULLY,2484666.000000,3481.000000,2488147.000000,0.000000,3481.000000,1.000000,0-3 80-110 164,-1.000000,""
2817,w0,194,2488337.000000,1,3600.000000,1,COMPLETED_SUCCESSFULLY,2488337.000000,194.000000,2488531.000000,0.000000,194.000000,1.000000,0,-1.000000,""
2818,w0,200,2488714.000000,1,3600.000000,1,COMPLETED_SUCCESSFULLY,2488714.000000,200.000000,2488914.000000,0.000000,200.000000,1.000000,0,-1.000000,""
2816,w0,1754,2487808.000000,1,27000.000000,1,COMPLETED_SUCCESSFULLY,2487808.000000,1754.000000,2489562.000000,0.000000,1754.000000,1.000000,32,-1.000000,""
2820,w0,226,2489644.000000,1,900.000000,1,COMPLETED_SUCCESSFULLY,2489644.000000,226.000000,2489870.000000,0.000000,226.000000,1.000000,1,-1.000000,""
2819,w0,605,2489536.000000,1,900.000000,1,COMPLETED_SUCCESSFULLY,2489536.000000,605.000000,2490141.000000,0.000000,605.000000,1.000000,0,-1.000000,""
2821,w0,593,2489710.000000,1,900.000000,1,COMPLETED_SUCCESSFULLY,2489710.000000,593.000000,2490303.000000,0.000000,593.000000,1.000000,2,-1.000000,""
2822,w0,2871,2490272.000000,1,27000.000000,1,COMPLETED_SUCCESSFULLY,2490272.000000,2871.000000,2493143.000000,0.000000,2871.000000,1.000000,0,-1.000000,""
2823,w0,424,2493933.000000,1,900.000000,1,COMPLETED_SUCCESSFULLY,2493933.000000,424.000000,2494357.000000,0.000000,424.000000,1.000000,0,-1.000000,""
2824,w0,420,2493956.000000,1,900.000000,1,COMPLETED_SUCCESSFULLY,2493956.000000,420.000000,2494376.000000,0.000000,420.000000,1.000000,1,-1.000000,""
2827,w0,27,2496378.000000,1,50.000000,1,COMPLETED_SUCCESSFULLY,2496378.000000,27.000000,2496405.000000,0.000000,27.000000,1.000000,1,-1.000000,""
2826,w0,2100,2494572.000000,1,27000.000000,1,COMPLETED_SUCCESSFULLY,2494572.000000,2100.000000,2496672.000000,0.000000,2100.000000,1.000000,0,-1.000000,""
2829,w0,137,2496705.000000,1,1800.000000,1,COMPLETED_SUCCESSFULLY,2496705.000000,137.000000,2496842.000000,0.000000,137.000000,1.000000,0,-1.000000,""
2813,w0,11422,2485531.000000,16,14400.000000,1,COMPLETED_SUCCESSFULLY,2485531.000000,11422.000000,2496953.000000,0.000000,11422.000000,1.000000,48-51 53-63 165,-1.000000,""
2830,w0,289,2497318.000000,1,1800.000000,1,COMPLETED_SUCCESSFULLY,2497318.000000,289.000000,2497607.000000,0.000000,289.000000,1.000000,105,-1.000000,""
2831,w0,118,2497895.000000,4,28800.000000,1,COMPLETED_SUCCESSFULLY,2497895.000000,118.000000,2498013.000000,0.000000,118.000000,1.000000,105-108,-1.000000,""
2715,w0,54749,2443275.000000,4,64800.000000,1,COMPLETED_SUCCESSFULLY,2443275.000000,54749.000000,2498024.000000,0.000000,54749.000000,1.000000,4-7,-1.000000,""
2832,w0,334,2498005.000000,1,1800.000000,1,COMPLETED_SUCCESSFULLY,2498005.000000,334.000000,2498339.000000,0.000000,334.000000,1.000000,109,-1.000000,""
2834,w0,331,2498933.000000,4,600.000000,1,COMPLETED_SUCCESSFULLY,2498933.000000,331.000000,2499264.000000,0.000000,331.000000,1.000000,4-7,-1.000000,""
2835,w0,145,2499780.000000,8,1800.000000,1,COMPLETED_SUCCESSFULLY,2499780.000000,145.000000,2499925.000000,0.000000,145.000000,1.000000,4-7 105-108,-1.000000,""
2783,w0,4343,2448469.000000,64,64800.000000,1,COMPLETED_SUCCESSFULLY,2496953.000000,4343.000000,2501296.000000,48484.000000,52827.000000,12.163712,0-3 32 34-35 41 48-51 53-104,-1.000000,""
2839,w0,26,2501463.000000,1,7200.000000,1,COMPLETED_SUCCESSFULLY,2501463.000000,26.000000,2501489.000000,0.000000,26.000000,1.000000,102,-1.000000,""
2802,w0,336,2471658.000000,64,600.000000,1,COMPLETED_SUCCESSFULLY,2501296.000000,336.000000,2501632.000000,29638.000000,29974.000000,89.208333,0-7 32 34-35 41 48-51 53-100,-1.000000,""
2806,w0,215,2476842.000000,64,600.000000,1,COMPLETED_SUCCESSFULLY,2501632.000000,215.000000,2501847.000000,24790.000000,25005.000000,116.302326,0-7 32 34-35 41 48-51 53-100,-1.000000,""
2807,w0,220,2476846.000000,64,600.000000,1,COMPLETED_SUCCESSFULLY,2501847.000000,220.000000,2502067.000000,25001.000000,25221.000000,114.640909,0-7 32 34-35 41 48-51 53-100,-1.000000,""
2841,w0,389,2501742.000000,1,7200.000000,1,COMPLETED_SUCCESSFULLY,2501742.000000,389.000000,2502131.000000,0.000000,389.000000,1.000000,102,-1.000000,""
2808,w0,222,2476849.000000,64,600.000000,1,COMPLETED_SUCCESSFULLY,2502067.000000,222.000000,2502289.000000,25218.000000,25440.000000,114.594595,0-7 32 34-35 41 48-51 53-100,-1.000000,""
2825,w0,200,2494114.000000,64,600.000000,1,COMPLETED_SUCCESSFULLY,2502289.000000,200.000000,2502489.000000,8175.000000,8375.000000,41.875000,0-7 32 34-35 41 48-51 53-100,-1.000000,""
2828,w0,65,2496431.000000,64,720.000000,1,COMPLETED_SUCCESSFULLY,2502489.000000,65.000000,2502554.000000,6058.000000,6123.000000,94.200000,0-7 32 34-35 41 48-51 53-100,-1.000000,""
2833,w0,55,2498823.000000,64,64800.000000,1,COMPLETED_SUCCESSFULLY,2502554.000000,55.000000,2502609.000000,3731.000000,3786.000000,68.836364,0-7 32 34-35 41 48-51 53-100,-1.000000,""
2842,w0,585,2502241.000000,1,1800.000000,1,COMPLETED_SUCCESSFULLY,2502241.000000,585.000000,2502826.000000,0.000000,585.000000,1.000000,102,-1.000000,""
2845,w0,27,2503811.000000,1,64800.000000,1,COMPLETED_SUCCESSFULLY,2503811.000000,27.000000,2503838.000000,0.000000,27.000000,1.000000,102,-1.000000,""
2846,w0,27,2503814.000000,1,64800.000000,1,COMPLETED_SUCCESSFULLY,2503814.000000,27.000000,2503841.000000,0.000000,27.000000,1.000000,104,-1.000000,""
2847,w0,80,2504719.000000,1,7200.000000,1,COMPLETED_SUCCESSFULLY,2504719.000000,80.000000,2504799.000000,0.000000,80.000000,1.000000,102,-1.000000,""
2789,w0,47518,2458452.000000,1,64800.000000,1,COMPLETED_SUCCESSFULLY,2458452.000000,47518.000000,2505970.000000,0.000000,47518.000000,1.000000,159,-1.000000,""
2791,w0,47651,2458452.000000,1,64800.000000,1,COMPLETED_SUCCESSFULLY,2458452.000000,47651.000000,2506103.000000,0.000000,47651.000000,1.000000,161,-1.000000,""
2848,w0,201,2506227.000000,1,600.000000,1,COMPLETED_SUCCESSFULLY,2506227.000000,201.000000,2506428.000000,0.000000,201.000000,1.000000,102,-1.000000,""
2793,w0,48092,2458452.000000,1,64800.000000,1,COMPLETED_SUCCESSFULLY,2458452.000000,48092.000000,2506544.000000,0.000000,48092.000000,1.000000,163,-1.000000,""
2795,w0,48220,2458452.000000,1,64800.000000,1,COMPLETED_SUCCESSFULLY,2458452.000000,48220.000000,2506672.000000,0.000000,48220.000000,1.000000,167,-1.000000,""
2790,w0,48420,2458452.000000,1,64800.000000,1,COMPLETED_SUCCESSFULLY,2458452.000000,48420.000000,2506872.000000,0.000000,48420.000000,1.000000,160,-1.000000,""
2849,w0,166,2506835.000000,4,600.000000,1,COMPLETED_SUCCESSFULLY,2506835.000000,166.000000,2507001.000000,0.000000,166.000000,1.000000,102 104-106,-1.000000,""
2794,w0,48582,2458452.000000,1,64800.000000,1,COMPLETED_SUCCESSFULLY,2458452.000000,48582.000000,2507034.000000,0.000000,48582.000000,1.000000,166,-1.000000,""
2728,w0,63527,2443918.000000,4,64800.000000,1,COMPLETED_SUCCESSFULLY,2443918.000000,63527.000000,2507445.000000,0.000000,63527.000000,1.000000,20-23,-1.000000,""
2729,w0,63603,2443949.000000,4,64800.000000,1,COMPLETED_SUCCESSFULLY,2443949.000000,63603.000000,2507552.000000,0.000000,63603.000000,1.000000,24-27,-1.000000,""
2730,w0,63591,2443973.000000,4,64800.000000,1,COMPLETED_SUCCESSFULLY,2443973.000000,63591.000000,2507564.000000,0.000000,63591.000000,1.000000,28-31,-1.000000,""
2850,w0,151,2507418.000000,2,600.000000,1,COMPLETED_SUCCESSFULLY,2507445.000000,151.000000,2507596.000000,27.000000,178.000000,1.178808,20-21,-1.000000,""
2851,w0,87,2508053.000000,1,28800.000000,1,COMPLETED_SUCCESSFULLY,2508053.000000,87.000000,2508140.000000,0.000000,87.000000,1.000000,20,-1.000000,""
2792,w0,49774,2458452.000000,1,64800.000000,1,COMPLETED_SUCCESSFULLY,2458452.000000,49774.000000,2508226.000000,0.000000,49774.000000,1.000000,162,-1.000000,""
2797,w0,50761,2458452.000000,1,64800.000000,1,COMPLETED_SUCCESSFULLY,2458452.000000,50761.000000,2509213.000000,0.000000,50761.000000,1.000000,169,-1.000000,""
2798,w0,51112,2458452.000000,1,64800.000000,1,COMPLETED_SUCCESSFULLY,2458452.000000,51112.000000,2509564.000000,0.000000,51112.000000,1.000000,170,-1.000000,""
2796,w0,51225,2458452.000000,1,64800.000000,1,COMPLETED_SUCCESSFULLY,2458452.000000,51225.000000,2509677.000000,0.000000,51225.000000,1.000000,168,-1.000000,""
2800,w0,51095,2458452.000000,1,64800.000000,1,COMPLETED_SUCCESSFULLY,2459799.000000,51095.000000,2510894.000000,1347.000000,52442.000000,1.026363,9,-1.000000,""
2799,w0,51340,2458452.000000,1,64800.000000,1,COMPLETED_SUCCESSFULLY,2459799.000000,51340.000000,2511139.000000,1347.000000,52687.000000,1.026237,8,-1.000000,""
2852,w0,39,2513426.000000,1,7200.000000,1,COMPLETED_SUCCESSFULLY,2513426.000000,39.000000,2513465.000000,0.000000,39.000000,1.000000,8,-1.000000,""
2803,w0,41800,2471872.000000,3,50400.000000,1,COMPLETED_SUCCESSFULLY,2471872.000000,41800.000000,2513672.000000,0.000000,41800.000000,1.000000,10-12,-1.000000,""
2804,w0,41797,2471901.000000,3,50400.000000,1,COMPLETED_SUCCESSFULLY,2471901.000000,41797.000000,2513698.000000,0.000000,41797.000000,1.000000,13-15,-1.000000,""
2815,w0,27941,2485903.000000,1,32400.000000,1,COMPLETED_SUCCESSFULLY,2485903.000000,27941.000000,2513844.000000,0.000000,27941.000000,1.000000,33,-1.000000,""
2843,w0,12877,2502439.000000,1,28800.000000,1,COMPLETED_SUCCESSFULLY,2502439.000000,12877.000000,2515316.000000,0.000000,12877.000000,1.000000,103,-1.000000,""
2854,w0,48,2515782.000000,2,120.000000,1,COMPLETED_SUCCESSFULLY,2515782.000000,48.000000,2515830.000000,0.000000,48.000000,1.000000,12-13,-1.000000,""
2855,w0,32,2516721.000000,1,600.000000,1,COMPLETED_SUCCESSFULLY,2516721.000000,32.000000,2516753.000000,0.000000,32.000000,1.000000,12,-1.000000,""
2856,w0,48,2517365.000000,1,1800.000000,1,COMPLETED_SUCCESSFULLY,2517365.000000,48.000000,2517413.000000,0.000000,48.000000,1.000000,12,-1.000000,""
2838,w0,16245,2501309.000000,1,27000.000000,1,COMPLETED_SUCCESSFULLY,2501309.000000,16245.000000,2517554.000000,0.000000,16245.000000,1.000000,101,-1.000000,""
2858,w0,21,2520711.000000,1,600.000000,1,COMPLETED_SUCCESSFULLY,2520711.000000,21.000000,2520732.000000,0.000000,21.000000,1.000000,28,-1.000000,""
2859,w0,78,2521054.000000,1,7200.000000,1,COMPLETED_SUCCESSFULLY,2521054.000000,78.000000,2521132.000000,0.000000,78.000000,1.000000,28,-1.000000,""
2860,w0,36,2521297.000000,1,600.000000,1,COMPLETED_SUCCESSFULLY,2521297.000000,36.000000,2521333.000000,0.000000,36.000000,1.000000,28,-1.000000,""
2863,w0,105,2522057.000000,4,28800.000000,1,COMPLETED_SUCCESSFULLY,2522057.000000,105.000000,2522162.000000,0.000000,105.000000,1.000000,33 101 103 162,-1.000000,""
2853,w0,7342,2515489.000000,4,10800.000000,1,COMPLETED_SUCCESSFULLY,2515489.000000,7342.000000,2522831.000000,0.000000,7342.000000,1.000000,8-11,-1.000000,""
2862,w0,43,2521646.000000,8,1800.000000,1,COMPLETED_SUCCESSFULLY,2522831.000000,43.000000,2522874.000000,1185.000000,1228.000000,28.558140,8-11 33 101 103 162,-1.000000,""
2837,w0,16307,2501053.000000,16,21600.000000,1,COMPLETED_SUCCESSFULLY,2507034.000000,16307.000000,2523341.000000,5981.000000,22288.000000,1.366775,102 104-110 159-161 163-167,-1.000000,""
2864,w0,69,2522923.000000,15,7200.000000,1,COMPLETED_SUCCESSFULLY,2523341.000000,69.000000,2523410.000000,418.000000,487.000000,7.057971,8-11 33 101-110,-1.000000,""
2865,w0,36,2525343.000000,1,600.000000,1,COMPLETED_SUCCESSFULLY,2525343.000000,36.000000,2525379.000000,0.000000,36.000000,1.000000,8,-1.000000,""
2836,w0,22904,2500429.000000,64,64800.000000,1,COMPLETED_SUCCESSFULLY,2502609.000000,22904.000000,2525513.000000,2180.000000,25084.000000,1.095180,0-7 32 34-35 41 48-51 53-100,-1.000000,""
2840,w0,586,2501586.000000,64,720.000000,1,COMPLETED_SUCCESSFULLY,2525513.000000,586.000000,2526099.000000,23927.000000,24513.000000,41.831058,0-8 32 34-35 41 48-51 53-99,-1.000000,""
2778,w0,48304,2446764.000000,64,57600.000000,1,COMPLETED_SUCCESSFULLY,2477833.000000,48304.000000,2526137.000000,31069.000000,79373.000000,1.643197,16-19 36-40 42-47 52 111-158,-1.000000,""
2867,w0,67,2528355.000000,10,7200.000000,1,COMPLETED_SUCCESSFULLY,2528355.000000,67.000000,2528422.000000,0.000000,67.000000,1.000000,16-19 36-40 42,-1.000000,""
2866,w0,7372,2525369.000000,4,10800.000000,1,COMPLETED_SUCCESSFULLY,2525369.000000,7372.000000,2532741.000000,0.000000,7372.000000,1.000000,9-11 33,-1.000000,""
2870,w0,67,2534475.000000,12,1800.000000,1,COMPLETED_SUCCESSFULLY,2534475.000000,67.000000,2534542.000000,0.000000,67.000000,1.000000,17-19 33 36-40 42-44,-1.000000,""
2871,w0,49,2534667.000000,12,1800.000000,1,COMPLETED_SUCCESSFULLY,2534667.000000,49.000000,2534716.000000,0.000000,49.000000,1.000000,17-19 33 36-40 42-44,-1.000000,""
2872,w0,2942,2535387.000000,37,14100.000000,1,COMPLETED_SUCCESSFULLY,2535387.000000,2942.000000,2538329.000000,0.000000,2942.000000,1.000000,17-19 33 36-40 42-47 52 100-120,-1.000000,""
2873,w0,3037,2535757.000000,37,14100.000000,1,COMPLETED_SUCCESSFULLY,2535757.000000,3037.000000,2538794.000000,0.000000,3037.000000,1.000000,121-157,-1.000000,""
2877,w0,43,2536478.000000,16,14400.000000,1,COMPLETED_SUCCESSFULLY,2538794.000000,43.000000,2538837.000000,2316.000000,2359.000000,54.860465,137-152,-1.000000,""
2869,w0,9601,2533980.000000,2,64800.000000,1,COMPLETED_SUCCESSFULLY,2533980.000000,9601.000000,2543581.000000,0.000000,9601.000000,1.000000,11 16,-1.000000,""
2875,w0,11312,2536310.000000,16,12300.000000,1,COMPLETED_SUCCESSFULLY,2538794.000000,11312.000000,2550106.000000,2484.000000,13796.000000,1.219590,121-136,-1.000000,""
2874,w0,12158,2535938.000000,37,14100.000000,1,COMPLETED_SUCCESSFULLY,2538329.000000,12158.000000,2550487.000000,2391.000000,14549.000000,1.196661,17-19 33 36-40 42-47 52 100-120,-1.000000,""
2857,w0,37999,2517819.000000,12,61800.000000,1,COMPLETED_SUCCESSFULLY,2517819.000000,37999.000000,2555818.000000,0.000000,37999.000000,1.000000,12-15 20-27,-1.000000,""
2868,w0,23898,2533920.000000,2,64800.000000,1,COMPLETED_SUCCESSFULLY,2533920.000000,23898.000000,2557818.000000,0.000000,23898.000000,1.000000,9-10,-1.000000,""
2861,w0,38281,2521394.000000,4,43200.000000,1,COMPLETED_SUCCESSFULLY,2521394.000000,38281.000000,2559675.000000,0.000000,38281.000000,1.000000,28-31,-1.000000,""
2876,w0,12098,2536406.000000,37,14100.000000,1,COMPLETED_SUCCESSFULLY,2550106.000000,12098.000000,2562204.000000,13700.000000,25798.000000,2.132419,121-136 147-167,-1.000000,""
2880,w0,6201,2562283.000000,16,7200.000000,1,COMPLETED_SUCCESSFULLY,2562283.000000,6201.000000,2568484.000000,0.000000,6201.000000,1.000000,130-136 147-155,-1.000000,""
2881,w0,3523,2565418.000000,4,28800.000000,1,COMPLETED_SUCCESSFULLY,2565418.000000,3523.000000,2568941.000000,0.000000,3523.000000,1.000000,156-159,-1.000000,""
2883,w0,85,2571402.000000,1,28800.000000,1,COMPLETED_SUCCESSFULLY,2571402.000000,85.000000,2571487.000000,0.000000,85.000000,1.000000,131,-1.000000,""
2884,w0,86,2572080.000000,1,7200.000000,1,COMPLETED_SUCCESSFULLY,2572080.000000,86.000000,2572166.000000,0.000000,86.000000,1.000000,131,-1.000000,""
2885,w0,32,2572169.000000,1,9000.000000,1,COMPLETED_SUCCESSFULLY,2572169.000000,32.000000,2572201.000000,0.000000,32.000000,1.000000,131,-1.000000,""
2886,w0,225,2573022.000000,1,900.000000,1,COMPLETED_SUCCESSFULLY,2573022.000000,225.000000,2573247.000000,0.000000,225.000000,1.000000,131,-1.000000,""
2888,w0,57,2574136.000000,8,1800.000000,1,COMPLETED_SUCCESSFULLY,2574136.000000,57.000000,2574193.000000,0.000000,57.000000,1.000000,159-166,-1.000000,""
2887,w0,773,2573944.000000,18,3600.000000,1,COMPLETED_SUCCESSFULLY,2573944.000000,773.000000,2574717.000000,0.000000,773.000000,1.000000,131-136 147-158,-1.000000,""
2889,w0,48,2574764.000000,8,1800.000000,1,COMPLETED_SUCCESSFULLY,2574764.000000,48.000000,2574812.000000,0.000000,48.000000,1.000000,131-136 147-148,-1.000000,""
2891,w0,48,2576672.000000,1,1800.000000,1,COMPLETED_SUCCESSFULLY,2576672.000000,48.000000,2576720.000000,0.000000,48.000000,1.000000,157,-1.000000,""
2893,w0,305,2576986.000000,1,1800.000000,1,COMPLETED_SUCCESSFULLY,2576986.000000,305.000000,2577291.000000,0.000000,305.000000,1.000000,158,-1.000000,""
2894,w0,194,2578254.000000,1,3600.000000,1,COMPLETED_SUCCESSFULLY,2578254.000000,194.000000,2578448.000000,0.000000,194.000000,1.000000,158,-1.000000,""
2901,w0,313,2579177.000000,1,1800.000000,1,COMPLETED_SUCCESSFULLY,2579177.000000,313.000000,2579490.000000,0.000000,313.000000,1.000000,168,-1.000000,""
2844,w0,53587,2503022.000000,64,57600.000000,1,COMPLETED_SUCCESSFULLY,2526099.000000,53587.000000,2579686.000000,23077.000000,76664.000000,1.430645,0-8 32 34-35 41 48-51 53-99,-1.000000,""
2903,w0,78,2579713.000000,1,43200.000000,1,COMPLETED_SUCCESSFULLY,2579713.000000,78.000000,2579791.000000,0.000000,78.000000,1.000000,0,-1.000000,""
2900,w0,1601,2578804.000000,1,3600.000000,1,COMPLETED_SUCCESSFULLY,2578804.000000,1601.000000,2580405.000000,0.000000,1601.000000,1.000000,167,-1.000000,""
2882,w0,9281,2571230.000000,1,27000.000000,1,COMPLETED_SUCCESSFULLY,2571230.000000,9281.000000,2580511.000000,0.000000,9281.000000,1.000000,130,-1.000000,""
2904,w0,77,2580595.000000,1,43200.000000,1,COMPLETED_SUCCESSFULLY,2580595.000000,77.000000,2580672.000000,0.000000,77.000000,1.000000,0,-1.000000,""
2890,w0,6007,2574980.000000,16,6600.000000,1,COMPLETED_SUCCESSFULLY,2574980.000000,6007.000000,2580987.000000,0.000000,6007.000000,1.000000,131-136 147-156,-1.000000,""
2909,w0,130,2581939.000000,1,1800.000000,1,COMPLETED_SUCCESSFULLY,2581939.000000,130.000000,2582069.000000,0.000000,130.000000,1.000000,58,-1.000000,""
2910,w0,124,2582025.000000,1,600.000000,1,COMPLETED_SUCCESSFULLY,2582025.000000,124.000000,2582149.000000,0.000000,124.000000,1.000000,59,-1.000000,""
2911,w0,42,2582934.000000,4,28800.000000,1,COMPLETED_SUCCESSFULLY,2582934.000000,42.000000,2582976.000000,0.000000,42.000000,1.000000,58-61,-1.000000,""
2912,w0,22,2585563.000000,1,1200.000000,1,COMPLETED_SUCCESSFULLY,2585563.000000,22.000000,2585585.000000,0.000000,22.000000,1.000000,58,-1.000000,""
2908,w0,4431,2581671.000000,16,6600.000000,1,COMPLETED_SUCCESSFULLY,2581671.000000,4431.000000,2586102.000000,0.000000,4431.000000,1.000000,6-8 32 34-35 41 48-51 53-57,-1.000000,""
2913,w0,152,2586641.000000,4,14400.000000,1,COMPLETED_SUCCESSFULLY,2586641.000000,152.000000,2586793.000000,0.000000,152.000000,1.000000,6-8 32,-1.000000,""
2914,w0,676,2587349.000000,1,45300.000000,1,COMPLETED_SUCCESSFULLY,2587349.000000,676.000000,2588025.000000,0.000000,676.000000,1.000000,6,-1.000000,""
2915,w0,71,2588230.000000,8,600.000000,1,COMPLETED_SUCCESSFULLY,2588230.000000,71.000000,2588301.000000,0.000000,71.000000,1.000000,6-8 32 34-35 41 48,-1.000000,""
2879,w0,40153,2548801.000000,12,43200.000000,1,COMPLETED_SUCCESSFULLY,2548801.000000,40153.000000,2588954.000000,0.000000,40153.000000,1.000000,11 16 137-146,-1.000000,""
2916,w0,145,2590165.000000,1,600.000000,1,COMPLETED_SUCCESSFULLY,2590165.000000,145.000000,2590310.000000,0.000000,145.000000,1.000000,6,-1.000000,""
2897,w0,12124,2578574.000000,1,43200.000000,1,COMPLETED_SUCCESSFULLY,2578574.000000,12124.000000,2590698.000000,0.000000,12124.000000,1.000000,162,-1.000000,""
2917,w0,106,2591142.000000,2,600.000000,1,COMPLETED_SUCCESSFULLY,2591142.000000,106.000000,2591248.000000,0.000000,106.000000,1.000000,6-7,-1.000000,""
2902,w0,12088,2579664.000000,1,43200.000000,1,COMPLETED_SUCCESSFULLY,2579664.000000,12088.000000,2591752.000000,0.000000,12088.000000,1.000000,168,-1.000000,""
2892,w0,15046,2576796.000000,1,23400.000000,1,COMPLETED_SUCCESSFULLY,2576796.000000,15046.000000,2591842.000000,0.000000,15046.000000,1.000000,157,-1.000000,""
2906,w0,14916,2580736.000000,1,43200.000000,1,COMPLETED_SUCCESSFULLY,2580736.000000,14916.000000,2595652.000000,0.000000,14916.000000,1.000000,1,-1.000000,""
2905,w0,15279,2580679.000000,1,43200.000000,1,COMPLETED_SUCCESSFULLY,2580679.000000,15279.000000,2595958.000000,0.000000,15279.000000,1.000000,0,-1.000000,""
2899,w0,17543,2578756.000000,2,64800.000000,1,COMPLETED_SUCCESSFULLY,2578756.000000,17543.000000,2596299.000000,0.000000,17543.000000,1.000000,165-166,-1.000000,""
2898,w0,20355,2578630.000000,2,64800.000000,1,COMPLETED_SUCCESSFULLY,2578630.000000,20355.000000,2598985.000000,0.000000,20355.000000,1.000000,163-164,-1.000000,""
2918,w0,7451,2591845.000000,4,10800.000000,1,COMPLETED_SUCCESSFULLY,2591845.000000,7451.000000,2599296.000000,0.000000,7451.000000,1.000000,6-8 11,-1.000000,""
2895,w0,24492,2578523.000000,2,64800.000000,1,COMPLETED_SUCCESSFULLY,2578523.000000,24492.000000,2603015.000000,0.000000,24492.000000,1.000000,158-159,-1.000000,""
2896,w0,25572,2578570.000000,2,64800.000000,1,COMPLETED_SUCCESSFULLY,2578570.000000,25572.000000,2604142.000000,0.000000,25572.000000,1.000000,160-161,-1.000000,""
2921,w0,648,2604671.000000,1,1800.000000,1,COMPLETED_SUCCESSFULLY,2604671.000000,648.000000,2605319.000000,0.000000,648.000000,1.000000,1,-1.000000,""
2922,w0,167,2607057.000000,4,600.000000,1,COMPLETED_SUCCESSFULLY,2607057.000000,167.000000,2607224.000000,0.000000,167.000000,1.000000,1 6-8,-1.000000,""
2923,w0,123,2607146.000000,1,1200.000000,1,COMPLETED_SUCCESSFULLY,2607146.000000,123.000000,2607269.000000,0.000000,123.000000,1.000000,11,-1.000000,""
2924,w0,29,2607561.000000,1,1200.000000,1,COMPLETED_SUCCESSFULLY,2607561.000000,29.000000,2607590.000000,0.000000,29.000000,1.000000,1,-1.000000,""
2925,w0,167,2609964.000000,4,600.000000,1,COMPLETED_SUCCESSFULLY,2609964.000000,167.000000,2610131.000000,0.000000,167.000000,1.000000,1 6-8,-1.000000,""
2926,w0,168,2609966.000000,4,600.000000,1,COMPLETED_SUCCESSFULLY,2609966.000000,168.000000,2610134.000000,0.000000,168.000000,1.000000,11 16 32 34,-1.000000,""
2927,w0,168,2609969.000000,4,600.000000,1,COMPLETED_SUCCESSFULLY,2609969.000000,168.000000,2610137.000000,0.000000,168.000000,1.000000,35 41 48-49,-1.000000,""
2928,w0,168,2609970.000000,4,600.000000,1,COMPLETED_SUCCESSFULLY,2609970.000000,168.000000,2610138.000000,0.000000,168.000000,1.000000,50-51 53-54,-1.000000,""
2929,w0,42,2611000.000000,2,600.000000,1,COMPLETED_SUCCESSFULLY,2611000.000000,42.000000,2611042.000000,0.000000,42.000000,1.000000,1 6,-1.000000,""
2930,w0,166,2611469.000000,4,600.000000,1,COMPLETED_SUCCESSFULLY,2611469.000000,166.000000,2611635.000000,0.000000,166.000000,1.000000,1 6-8,-1.000000,""
2931,w0,69,2613061.000000,64,600.000000,1,COMPLETED_SUCCESSFULLY,2613061.000000,69.000000,2613130.000000,0.000000,69.000000,1.000000,1 6-8 11 16 32 34-35 41 48-51 53-99 130-132,-1.000000,""
2939,w0,62,2614271.000000,8,64800.000000,1,COMPLETED_SUCCESSFULLY,2614271.000000,62.000000,2614333.000000,0.000000,62.000000,1.000000,87-94,-1.000000,""
2936,w0,184,2614209.000000,4,64800.000000,1,COMPLETED_SUCCESSFULLY,2614209.000000,184.000000,2614393.000000,0.000000,184.000000,1.000000,75-78,-1.000000,""
2941,w0,49,2614469.000000,8,64800.000000,1,COMPLETED_SUCCESSFULLY,2614469.000000,49.000000,2614518.000000,0.000000,49.000000,1.000000,75-78 95-98,-1.000000,""
2920,w0,13017,2603556.000000,1,43200.000000,1,COMPLETED_SUCCESSFULLY,2603556.000000,13017.000000,2616573.000000,0.000000,13017.000000,1.000000,0,-1.000000,""
2933,w0,3612,2614010.000000,4,64800.000000,1,COMPLETED_SUCCESSFULLY,2614010.000000,3612.000000,2617622.000000,0.000000,3612.000000,1.000000,35 41 48-49,-1.000000,""
2935,w0,6243,2614204.000000,16,6600.000000,1,COMPLETED_SUCCESSFULLY,2614204.000000,6243.000000,2620447.000000,0.000000,6243.000000,1.000000,59-74,-1.000000,""
2956,w0,54,2622774.000000,8,3600.000000,1,COMPLETED_SUCCESSFULLY,2622774.000000,54.000000,2622828.000000,0.000000,54.000000,1.000000,71-74 156-159,-1.000000,""
2878,w0,64297,2539391.000000,64,64800.000000,1,COMPLETED_SUCCESSFULLY,2562204.000000,64297.000000,2626501.000000,22813.000000,87110.000000,1.354807,9-10 12-15 17-31 33 36-40 42-47 52 100-129,-1.000000,""
2949,w0,196,2622294.000000,64,3600.000000,1,COMPLETED_SUCCESSFULLY,2626501.000000,196.000000,2626697.000000,4207.000000,4403.000000,22.464286,9-10 12-15 17-31 33 36-40 42-47 52 100-129,-1.000000,""
2960,w0,124,2626880.000000,5,1800.000000,1,COMPLETED_SUCCESSFULLY,2626880.000000,124.000000,2627004.000000,0.000000,124.000000,1.000000,38-40 42-43,-1.000000,""
2959,w0,1399,2625846.000000,8,3600.000000,1,COMPLETED_SUCCESSFULLY,2626697.000000,1399.000000,2628096.000000,851.000000,2250.000000,1.608292,27-31 33 36-37,-1.000000,""
2944,w0,9793,2619353.000000,8,50400.000000,1,COMPLETED_SUCCESSFULLY,2619353.000000,9793.000000,2629146.000000,0.000000,9793.000000,1.000000,132-139,-1.000000,""
2955,w0,6550,2622646.000000,2,64800.000000,1,COMPLETED_SUCCESSFULLY,2622646.000000,6550.000000,2629196.000000,0.000000,6550.000000,1.000000,69-70,-1.000000,""
2950,w0,6969,2622625.000000,2,64800.000000,1,COMPLETED_SUCCESSFULLY,2622625.000000,6969.000000,2629594.000000,0.000000,6969.000000,1.000000,59-60,-1.000000,""
2951,w0,7197,2622628.000000,2,64800.000000,1,COMPLETED_SUCCESSFULLY,2622628.000000,7197.000000,2629825.000000,0.000000,7197.000000,1.000000,61-62,-1.000000,""
2954,w0,7314,2622642.000000,2,64800.000000,1,COMPLETED_SUCCESSFULLY,2622642.000000,7314.000000,2629956.000000,0.000000,7314.000000,1.000000,67-68,-1.000000,""
2952,w0,7550,2622631.000000,2,64800.000000,1,COMPLETED_SUCCESSFULLY,2622631.000000,7550.000000,2630181.000000,0.000000,7550.000000,1.000000,63-64,-1.000000,""
2953,w0,7731,2622640.000000,2,64800.000000,1,COMPLETED_SUCCESSFULLY,2622640.000000,7731.000000,2630371.000000,0.000000,7731.000000,1.000000,65-66,-1.000000,""
2943,w0,12521,2619347.000000,8,50400.000000,1,COMPLETED_SUCCESSFULLY,2619347.000000,12521.000000,2631868.000000,0.000000,12521.000000,1.000000,0 35 41 48-49 99 130-131,-1.000000,""
2957,w0,6309,2625622.000000,16,7200.000000,1,COMPLETED_SUCCESSFULLY,2625622.000000,6309.000000,2631931.000000,0.000000,6309.000000,1.000000,71-74 156-167,-1.000000,""
2962,w0,48,2631948.000000,3,28800.000000,1,COMPLETED_SUCCESSFULLY,2631948.000000,48.000000,2631996.000000,0.000000,48.000000,1.000000,0 35 41,-1.000000,""
2966,w0,49,2632069.000000,2,64800.000000,1,COMPLETED_SUCCESSFULLY,2632069.000000,49.000000,2632118.000000,0.000000,49.000000,1.000000,72-73,-1.000000,""
2964,w0,2075,2632045.000000,2,64800.000000,1,COMPLETED_SUCCESSFULLY,2632045.000000,2075.000000,2634120.000000,0.000000,2075.000000,1.000000,41 48,-1.000000,""
2963,w0,2286,2632034.000000,2,64800.000000,1,COMPLETED_SUCCESSFULLY,2632034.000000,2286.000000,2634320.000000,0.000000,2286.000000,1.000000,0 35,-1.000000,""
2967,w0,11699,2632075.000000,2,64800.000000,1,COMPLETED_SUCCESSFULLY,2632075.000000,11699.000000,2643774.000000,0.000000,11699.000000,1.000000,74 99,-1.000000,""
2938,w0,30148,2614251.000000,4,43200.000000,1,COMPLETED_SUCCESSFULLY,2614251.000000,30148.000000,2644399.000000,0.000000,30148.000000,1.000000,83-86,-1.000000,""
2907,w0,63661,2580901.000000,4,64800.000000,1,COMPLETED_SUCCESSFULLY,2580901.000000,63661.000000,2644562.000000,0.000000,63661.000000,1.000000,2-5,-1.000000,""
2937,w0,31555,2614219.000000,4,43200.000000,1,COMPLETED_SUCCESSFULLY,2614219.000000,31555.000000,2645774.000000,0.000000,31555.000000,1.000000,79-82,-1.000000,""
2958,w0,19820,2625761.000000,16,21600.000000,1,COMPLETED_SUCCESSFULLY,2626697.000000,19820.000000,2646517.000000,936.000000,20756.000000,1.047225,9-10 12-15 17-26,-1.000000,""
3011,w0,587,2641196.000000,3,28800.000000,1,COMPLETED_SUCCESSFULLY,2646517.000000,587.000000,2647104.000000,5321.000000,5908.000000,10.064736,12-14,-1.000000,""
2947,w0,30631,2619520.000000,4,43200.000000,1,COMPLETED_SUCCESSFULLY,2619520.000000,30631.000000,2650151.000000,0.000000,30631.000000,1.000000,148-151,-1.000000,""
2948,w0,30747,2619541.000000,4,43200.000000,1,COMPLETED_SUCCESSFULLY,2619541.000000,30747.000000,2650288.000000,0.000000,30747.000000,1.000000,152-155,-1.000000,""
2945,w0,31100,2619468.000000,4,43200.000000,1,COMPLETED_SUCCESSFULLY,2619468.000000,31100.000000,2650568.000000,0.000000,31100.000000,1.000000,140-143,-1.000000,""
2946,w0,32375,2619490.000000,4,43200.000000,1,COMPLETED_SUCCESSFULLY,2619490.000000,32375.000000,2651865.000000,0.000000,32375.000000,1.000000,144-147,-1.000000,""
3012,w0,990,2653080.000000,1,43200.000000,1,COMPLETED_SUCCESSFULLY,2653080.000000,990.000000,2654070.000000,0.000000,990.000000,1.000000,12,-1.000000,""
3017,w0,157,2658811.000000,1,23400.000000,1,COMPLETED_SUCCESSFULLY,2658811.000000,157.000000,2658968.000000,0.000000,157.000000,1.000000,145,-1.000000,""
3018,w0,159,2659362.000000,1,23400.000000,1,COMPLETED_SUCCESSFULLY,2659362.000000,159.000000,2659521.000000,0.000000,159.000000,1.000000,145,-1.000000,""
2932,w0,47380,2613994.000000,8,64800.000000,1,COMPLETED_SUCCESSFULLY,2613994.000000,47380.000000,2661374.000000,0.000000,47380.000000,1.000000,1 6-8 11 16 32 34,-1.000000,""
2934,w0,47394,2614081.000000,8,64800.000000,1,COMPLETED_SUCCESSFULLY,2614081.000000,47394.000000,2661475.000000,0.000000,47394.000000,1.000000,50-51 53-58,-1.000000,""
2940,w0,47387,2614391.000000,8,64800.000000,1,COMPLETED_SUCCESSFULLY,2614391.000000,47387.000000,2661778.000000,0.000000,47387.000000,1.000000,87-94,-1.000000,""
2981,w0,31842,2634413.000000,1,59400.000000,1,COMPLETED_SUCCESSFULLY,2634413.000000,31842.000000,2666255.000000,0.000000,31842.000000,1.000000,157,-1.000000,""
2984,w0,31842,2634416.000000,1,59400.000000,1,COMPLETED_SUCCESSFULLY,2634416.000000,31842.000000,2666258.000000,0.000000,31842.000000,1.000000,160,-1.000000,""
2982,w0,31845,2634414.000000,1,59400.000000,1,COMPLETED_SUCCESSFULLY,2634414.000000,31845.000000,2666259.000000,0.000000,31845.000000,1.000000,158,-1.000000,""
2985,w0,31843,2634417.000000,1,59400.000000,1,COMPLETED_SUCCESSFULLY,2634417.000000,31843.000000,2666260.000000,0.000000,31843.000000,1.000000,161,-1.000000,""
2983,w0,31846,2634415.000000,1,59400.000000,1,COMPLETED_SUCCESSFULLY,2634415.000000,31846.000000,2666261.000000,0.000000,31846.000000,1.000000,159,-1.000000,""
2986,w0,31844,2634417.000000,1,59400.000000,1,COMPLETED_SUCCESSFULLY,2634417.000000,31844.000000,2666261.000000,0.000000,31844.000000,1.000000,162,-1.000000,""
2988,w0,31842,2634419.000000,1,59400.000000,1,COMPLETED_SUCCESSFULLY,2634419.000000,31842.000000,2666261.000000,0.000000,31842.000000,1.000000,164,-1.000000,""
2987,w0,31844,2634419.000000,1,59400.000000,1,COMPLETED_SUCCESSFULLY,2634419.000000,31844.000000,2666263.000000,0.000000,31844.000000,1.000000,163,-1.000000,""
3019,w0,1355,2665233.000000,8,3600.000000,1,COMPLETED_SUCCESSFULLY,2665233.000000,1355.000000,2666588.000000,0.000000,1355.000000,1.000000,1 6-8 11 16 32 34,-1.000000,""
2989,w0,32833,2634420.000000,1,59400.000000,1,COMPLETED_SUCCESSFULLY,2634420.000000,32833.000000,2667253.000000,0.000000,32833.000000,1.000000,165,-1.000000,""
2990,w0,32833,2634421.000000,1,59400.000000,1,COMPLETED_SUCCESSFULLY,2634421.000000,32833.000000,2667254.000000,0.000000,32833.000000,1.000000,166,-1.000000,""
2991,w0,33922,2634422.000000,1,59400.000000,1,COMPLETED_SUCCESSFULLY,2634422.000000,33922.000000,2668344.000000,0.000000,33922.000000,1.000000,167,-1.000000,""
2993,w0,33921,2634423.000000,1,59400.000000,1,COMPLETED_SUCCESSFULLY,2634423.000000,33921.000000,2668344.000000,0.000000,33921.000000,1.000000,169,-1.000000,""
2992,w0,34059,2634423.000000,1,59400.000000,1,COMPLETED_SUCCESSFULLY,2634423.000000,34059.000000,2668482.000000,0.000000,34059.000000,1.000000,168,-1.000000,""
2994,w0,34061,2634424.000000,1,59400.000000,1,COMPLETED_SUCCESSFULLY,2634424.000000,34061.000000,2668485.000000,0.000000,34061.000000,1.000000,170,-1.000000,""
2968,w0,37918,2634400.000000,1,59400.000000,1,COMPLETED_SUCCESSFULLY,2634400.000000,37918.000000,2672318.000000,0.000000,37918.000000,1.000000,0,-1.000000,""
2970,w0,37919,2634404.000000,1,59400.000000,1,COMPLETED_SUCCESSFULLY,2634404.000000,37919.000000,2672323.000000,0.000000,37919.000000,1.000000,41,-1.000000,""
2969,w0,37921,2634403.000000,1,59400.000000,1,COMPLETED_SUCCESSFULLY,2634403.000000,37921.000000,2672324.000000,0.000000,37921.000000,1.000000,35,-1.000000,""
2972,w0,37974,2634405.000000,1,59400.000000,1,COMPLETED_SUCCESSFULLY,2634405.000000,37974.000000,2672379.000000,0.000000,37974.000000,1.000000,72,-1.000000,""
2974,w0,37972,2634407.000000,1,59400.000000,1,COMPLETED_SUCCESSFULLY,2634407.000000,37972.000000,2672379.000000,0.000000,37972.000000,1.000000,130,-1.000000,""
2976,w0,37970,2634409.000000,1,59400.000000,1,COMPLETED_SUCCESSFULLY,2634409.000000,37970.000000,2672379.000000,0.000000,37970.000000,1.000000,136,-1.000000,""
2971,w0,37976,2634405.000000,1,59400.000000,1,COMPLETED_SUCCESSFULLY,2634405.000000,37976.000000,2672381.000000,0.000000,37976.000000,1.000000,48,-1.000000,""
2973,w0,37975,2634406.000000,1,59400.000000,1,COMPLETED_SUCCESSFULLY,2634406.000000,37975.000000,2672381.000000,0.000000,37975.000000,1.000000,73,-1.000000,""
2977,w0,37971,2634410.000000,1,59400.000000,1,COMPLETED_SUCCESSFULLY,2634410.000000,37971.000000,2672381.000000,0.000000,37971.000000,1.000000,137,-1.000000,""
2975,w0,37974,2634408.000000,1,59400.000000,1,COMPLETED_SUCCESSFULLY,2634408.000000,37974.000000,2672382.000000,0.000000,37974.000000,1.000000,131,-1.000000,""
2978,w0,37972,2634410.000000,1,59400.000000,1,COMPLETED_SUCCESSFULLY,2634410.000000,37972.000000,2672382.000000,0.000000,37972.000000,1.000000,138,-1.000000,""
2980,w0,37973,2634412.000000,1,59400.000000,1,COMPLETED_SUCCESSFULLY,2634412.000000,37973.000000,2672385.000000,0.000000,37973.000000,1.000000,156,-1.000000,""
2979,w0,37975,2634411.000000,1,59400.000000,1,COMPLETED_SUCCESSFULLY,2634411.000000,37975.000000,2672386.000000,0.000000,37975.000000,1.000000,139,-1.000000,""
3021,w0,22,2674125.000000,1,1800.000000,1,COMPLETED_SUCCESSFULLY,2674125.000000,22.000000,2674147.000000,0.000000,22.000000,1.000000,0,-1.000000,""
3022,w0,22,2674420.000000,1,1800.000000,1,COMPLETED_SUCCESSFULLY,2674420.000000,22.000000,2674442.000000,0.000000,22.000000,1.000000,0,-1.000000,""
3023,w0,22,2674753.000000,1,1800.000000,1,COMPLETED_SUCCESSFULLY,2674753.000000,22.000000,2674775.000000,0.000000,22.000000,1.000000,0,-1.000000,""
3016,w0,19276,2656174.000000,16,21600.000000,1,COMPLETED_SUCCESSFULLY,2656174.000000,19276.000000,2675450.000000,0.000000,19276.000000,1.000000,12 17-26 140-144,-1.000000,""
3024,w0,1365,2675634.000000,8,3600.000000,1,COMPLETED_SUCCESSFULLY,2675634.000000,1365.000000,2676999.000000,0.000000,1365.000000,1.000000,0 12 17-22,-1.000000,""
2942,w0,62174,2615366.000000,8,64800.000000,1,COMPLETED_SUCCESSFULLY,2615366.000000,62174.000000,2677540.000000,0.000000,62174.000000,1.000000,75-78 95-98,-1.000000,""
2995,w0,34059,2634425.000000,1,59400.000000,1,COMPLETED_SUCCESSFULLY,2643774.000000,34059.000000,2677833.000000,9349.000000,43408.000000,1.274494,74,-1.000000,""
2996,w0,34061,2634426.000000,1,59400.000000,1,COMPLETED_SUCCESSFULLY,2643774.000000,34061.000000,2677835.000000,9348.000000,43409.000000,1.274449,99,-1.000000,""
2997,w0,34059,2634427.000000,1,59400.000000,1,COMPLETED_SUCCESSFULLY,2644399.000000,34059.000000,2678458.000000,9972.000000,44031.000000,1.292786,83,-1.000000,""
2998,w0,34059,2634428.000000,1,59400.000000,1,COMPLETED_SUCCESSFULLY,2644399.000000,34059.000000,2678458.000000,9971.000000,44030.000000,1.292757,84,-1.000000,""
2999,w0,34061,2634428.000000,1,59400.000000,1,COMPLETED_SUCCESSFULLY,2644399.000000,34061.000000,2678460.000000,9971.000000,44032.000000,1.292739,85,-1.000000,""
3000,w0,34061,2634429.000000,1,59400.000000,1,COMPLETED_SUCCESSFULLY,2644399.000000,34061.000000,2678460.000000,9970.000000,44031.000000,1.292710,86,-1.000000,""
3020,w0,7078,2671853.000000,36,7200.000000,1,COMPLETED_SUCCESSFULLY,2671853.000000,7078.000000,2678931.000000,0.000000,7078.000000,1.000000,1 6-8 11 16 32 34 50-51 53-58 87-94 145-155 157,-1.000000,""
3027,w0,2327,2676857.000000,1,12600.000000,1,COMPLETED_SUCCESSFULLY,2676857.000000,2327.000000,2679184.000000,0.000000,2327.000000,1.000000,73,-1.000000,""
3001,w0,34749,2634430.000000,1,59400.000000,1,COMPLETED_SUCCESSFULLY,2644562.000000,34749.000000,2679311.000000,10132.000000,44881.000000,1.291577,2,-1.000000,""
3002,w0,34750,2634431.000000,1,59400.000000,1,COMPLETED_SUCCESSFULLY,2644562.000000,34750.000000,2679312.000000,10131.000000,44881.000000,1.291540,3,-1.000000,""
2965,w0,48062,2632062.000000,2,64800.000000,1,COMPLETED_SUCCESSFULLY,2632062.000000,48062.000000,2680124.000000,0.000000,48062.000000,1.000000,49 71,-1.000000,""
3034,w0,585,2680220.000000,3,28800.000000,1,COMPLETED_SUCCESSFULLY,2680220.000000,585.000000,2680805.000000,0.000000,585.000000,1.000000,19-21,-1.000000,""
3029,w0,3899,2676913.000000,1,12600.000000,1,COMPLETED_SUCCESSFULLY,2676913.000000,3899.000000,2680812.000000,0.000000,3899.000000,1.000000,131,-1.000000,""
3031,w0,4214,2676968.000000,1,12600.000000,1,COMPLETED_SUCCESSFULLY,2676968.000000,4214.000000,2681182.000000,0.000000,4214.000000,1.000000,137,-1.000000,""
3004,w0,36741,2634433.000000,1,59400.000000,1,COMPLETED_SUCCESSFULLY,2644562.000000,36741.000000,2681303.000000,10129.000000,46870.000000,1.275687,5,-1.000000,""
3003,w0,36742,2634432.000000,1,59400.000000,1,COMPLETED_SUCCESSFULLY,2644562.000000,36742.000000,2681304.000000,10130.000000,46872.000000,1.275706,4,-1.000000,""
3007,w0,36741,2634435.000000,1,59400.000000,1,COMPLETED_SUCCESSFULLY,2645774.000000,36741.000000,2682515.000000,11339.000000,48080.000000,1.308620,81,-1.000000,""
3008,w0,36742,2634436.000000,1,59400.000000,1,COMPLETED_SUCCESSFULLY,2645774.000000,36742.000000,2682516.000000,11338.000000,48080.000000,1.308584,82,-1.000000,""
3005,w0,36744,2634433.000000,1,59400.000000,1,COMPLETED_SUCCESSFULLY,2645774.000000,36744.000000,2682518.000000,11341.000000,48085.000000,1.308649,79,-1.000000,""
3006,w0,36744,2634434.000000,1,59400.000000,1,COMPLETED_SUCCESSFULLY,2645774.000000,36744.000000,2682518.000000,11340.000000,48084.000000,1.308622,80,-1.000000,""
3036,w0,51,2683080.000000,2,64800.000000,1,COMPLETED_SUCCESSFULLY,2683080.000000,51.000000,2683131.000000,0.000000,51.000000,1.000000,155-156,-1.000000,""
3035,w0,186,2682987.000000,64,3600.000000,1,COMPLETED_SUCCESSFULLY,2682987.000000,186.000000,2683173.000000,0.000000,186.000000,1.000000,4-5 19-22 32 34 49-51 53-58 71 73-99 131 137-154,-1.000000,""
3010,w0,36744,2634438.000000,1,59400.000000,1,COMPLETED_SUCCESSFULLY,2646517.000000,36744.000000,2683261.000000,12079.000000,48823.000000,1.328734,10,-1.000000,""
3009,w0,36745,2634437.000000,1,59400.000000,1,COMPLETED_SUCCESSFULLY,2646517.000000,36745.000000,2683262.000000,12080.000000,48825.000000,1.328752,9,-1.000000,""
3015,w0,34471,2653349.000000,1,43200.000000,1,COMPLETED_SUCCESSFULLY,2653349.000000,34471.000000,2687820.000000,0.000000,34471.000000,1.000000,15,-1.000000,""
3037,w0,547,2689203.000000,4,28800.000000,1,COMPLETED_SUCCESSFULLY,2689203.000000,547.000000,2689750.000000,0.000000,547.000000,1.000000,4-5 9-10,-1.000000,""
3038,w0,554,2689439.000000,4,28800.000000,1,COMPLETED_SUCCESSFULLY,2689439.000000,554.000000,2689993.000000,0.000000,554.000000,1.000000,15 19-21,-1.000000,""
3013,w0,38698,2653206.000000,1,43200.000000,1,COMPLETED_SUCCESSFULLY,2653206.000000,38698.000000,2691904.000000,0.000000,38698.000000,1.000000,13,-1.000000,""
3014,w0,38739,2653284.000000,1,43200.000000,1,COMPLETED_SUCCESSFULLY,2653284.000000,38739.000000,2692023.000000,0.000000,38739.000000,1.000000,14,-1.000000,""
3039,w0,48,2693623.000000,2,14400.000000,1,COMPLETED_SUCCESSFULLY,2693623.000000,48.000000,2693671.000000,0.000000,48.000000,1.000000,4-5,-1.000000,""
2961,w0,64302,2631319.000000,64,64800.000000,1,COMPLETED_SUCCESSFULLY,2631319.000000,64302.000000,2695621.000000,0.000000,64302.000000,1.000000,27-31 33 36-40 42-47 52 59-70 100-129 132-135,-1.000000,""
2919,w0,1136,2594305.000000,120,1800.000000,1,COMPLETED_SUCCESSFULLY,2695621.000000,1136.000000,2696757.000000,101316.000000,102452.000000,90.186620,4-5 9-10 13-15 19-22 27-34 36-40 42-47 49-71 73-129 131-135 137-141,-1.000000,""
3040,w0,925,2699227.000000,1,14400.000000,1,COMPLETED_SUCCESSFULLY,2699227.000000,925.000000,2700152.000000,0.000000,925.000000,1.000000,4,-1.000000,""
3041,w0,58,2702118.000000,8,3600.000000,1,COMPLETED_SUCCESSFULLY,2702118.000000,58.000000,2702176.000000,0.000000,58.000000,1.000000,4-5 9-10 13-15 19,-1.000000,""
3028,w0,30105,2676894.000000,1,34200.000000,1,COMPLETED_SUCCESSFULLY,2676894.000000,30105.000000,2706999.000000,0.000000,30105.000000,1.000000,130,-1.000000,""
3030,w0,30821,2676942.000000,1,34200.000000,1,COMPLETED_SUCCESSFULLY,2676942.000000,30821.000000,2707763.000000,0.000000,30821.000000,1.000000,136,-1.000000,""
3042,w0,2210,2707964.000000,8,3600.000000,1,COMPLETED_SUCCESSFULLY,2707964.000000,2210.000000,2710174.000000,0.000000,2210.000000,1.000000,4-5 9-10 13-15 19,-1.000000,""
3090,w0,195,2714145.000000,8,36000.000000,1,COMPLETED_SUCCESSFULLY,2714145.000000,195.000000,2714340.000000,0.000000,195.000000,1.000000,79-86,-1.000000,""
3026,w0,45063,2675929.000000,4,64800.000000,1,COMPLETED_SUCCESSFULLY,2675929.000000,45063.000000,2720992.000000,0.000000,45063.000000,1.000000,35 41 48 72,-1.000000,""
3032,w0,43199,2677925.000000,4,64800.000000,1,COMPLETED_SUCCESSFULLY,2677925.000000,43199.000000,2721124.000000,0.000000,43199.000000,1.000000,0 12 17-18,-1.000000,""
3025,w0,46277,2675874.000000,4,64800.000000,1,COMPLETED_SUCCESSFULLY,2675874.000000,46277.000000,2722151.000000,0.000000,46277.000000,1.000000,23-26,-1.000000,""
3033,w0,47392,2679771.000000,8,64800.000000,1,COMPLETED_SUCCESSFULLY,2679771.000000,47392.000000,2727163.000000,0.000000,47392.000000,1.000000,1-3 6-8 11 16,-1.000000,""
3045,w0,31341,2709437.000000,4,43200.000000,1,COMPLETED_SUCCESSFULLY,2709437.000000,31341.000000,2740778.000000,0.000000,31341.000000,1.000000,32-34 36,-1.000000,""
3043,w0,35804,2708197.000000,4,43200.000000,1,COMPLETED_SUCCESSFULLY,2708197.000000,35804.000000,2744001.000000,0.000000,35804.000000,1.000000,20-22 27,-1.000000,""
3052,w0,31283,2713758.000000,1,59400.000000,1,COMPLETED_SUCCESSFULLY,2713758.000000,31283.000000,2745041.000000,0.000000,31283.000000,1.000000,38,-1.000000,""
3047,w0,31291,2713751.000000,1,59400.000000,1,COMPLETED_SUCCESSFULLY,2713751.000000,31291.000000,2745042.000000,0.000000,31291.000000,1.000000,13,-1.000000,""
3053,w0,31286,2713758.000000,1,59400.000000,1,COMPLETED_SUCCESSFULLY,2713758.000000,31286.000000,2745044.000000,0.000000,31286.000000,1.000000,39,-1.000000,""
3050,w0,31290,2713756.000000,1,59400.000000,1,COMPLETED_SUCCESSFULLY,2713756.000000,31290.000000,2745046.000000,0.000000,31290.000000,1.000000,19,-1.000000,""
3057,w0,31285,2713761.000000,1,59400.000000,1,COMPLETED_SUCCESSFULLY,2713761.000000,31285.000000,2745046.000000,0.000000,31285.000000,1.000000,44,-1.000000,""
3048,w0,31292,2713755.000000,1,59400.000000,1,COMPLETED_SUCCESSFULLY,2713755.000000,31292.000000,2745047.000000,0.000000,31292.000000,1.000000,14,-1.000000,""
3051,w0,31290,2713757.000000,1,59400.000000,1,COMPLETED_SUCCESSFULLY,2713757.000000,31290.000000,2745047.000000,0.000000,31290.000000,1.000000,37,-1.000000,""
3054,w0,31288,2713759.000000,1,59400.000000,1,COMPLETED_SUCCESSFULLY,2713759.000000,31288.000000,2745047.000000,0.000000,31288.000000,1.000000,40,-1.000000,""
3049,w0,31294,2713755.000000,1,59400.000000,1,COMPLETED_SUCCESSFULLY,2713755.000000,31294.000000,2745049.000000,0.000000,31294.000000,1.000000,15,-1.000000,""
3055,w0,31289,2713760.000000,1,59400.000000,1,COMPLETED_SUCCESSFULLY,2713760.000000,31289.000000,2745049.000000,0.000000,31289.000000,1.000000,42,-1.000000,""
3059,w0,31287,2713763.000000,1,59400.000000,1,COMPLETED_SUCCESSFULLY,2713763.000000,31287.000000,2745050.000000,0.000000,31287.000000,1.000000,46,-1.000000,""
3058,w0,31289,2713762.000000,1,59400.000000,1,COMPLETED_SUCCESSFULLY,2713762.000000,31289.000000,2745051.000000,0.000000,31289.000000,1.000000,45,-1.000000,""
3060,w0,31287,2713764.000000,1,59400.000000,1,COMPLETED_SUCCESSFULLY,2713764.000000,31287.000000,2745051.000000,0.000000,31287.000000,1.000000,47,-1.000000,""
3061,w0,31291,2713765.000000,1,59400.000000,1,COMPLETED_SUCCESSFULLY,2713765.000000,31291.000000,2745056.000000,0.000000,31291.000000,1.000000,49,-1.000000,""
3069,w0,31286,2713771.000000,1,59400.000000,1,COMPLETED_SUCCESSFULLY,2713771.000000,31286.000000,2745057.000000,0.000000,31286.000000,1.000000,57,-1.000000,""
3056,w0,31298,2713761.000000,1,59400.000000,1,COMPLETED_SUCCESSFULLY,2713761.000000,31298.000000,2745059.000000,0.000000,31298.000000,1.000000,43,-1.000000,""
3062,w0,31296,2713765.000000,1,59400.000000,1,COMPLETED_SUCCESSFULLY,2713765.000000,31296.000000,2745061.000000,0.000000,31296.000000,1.000000,50,-1.000000,""
3067,w0,31293,2713769.000000,1,59400.000000,1,COMPLETED_SUCCESSFULLY,2713769.000000,31293.000000,2745062.000000,0.000000,31293.000000,1.000000,55,-1.000000,""
3074,w0,31287,2713775.000000,1,59400.000000,1,COMPLETED_SUCCESSFULLY,2713775.000000,31287.000000,2745062.000000,0.000000,31287.000000,1.000000,62,-1.000000,""
3075,w0,31288,2713775.000000,1,59400.000000,1,COMPLETED_SUCCESSFULLY,2713775.000000,31288.000000,2745063.000000,0.000000,31288.000000,1.000000,63,-1.000000,""
3063,w0,31298,2713766.000000,1,59400.000000,1,COMPLETED_SUCCESSFULLY,2713766.000000,31298.000000,2745064.000000,0.000000,31298.000000,1.000000,51,-1.000000,""
3064,w0,31298,2713767.000000,1,59400.000000,1,COMPLETED_SUCCESSFULLY,2713767.000000,31298.000000,2745065.000000,0.000000,31298.000000,1.000000,52,-1.000000,""
3065,w0,31297,2713768.000000,1,59400.000000,1,COMPLETED_SUCCESSFULLY,2713768.000000,31297.000000,2745065.000000,0.000000,31297.000000,1.000000,53,-1.000000,""
3066,w0,31297,2713768.000000,1,59400.000000,1,COMPLETED_SUCCESSFULLY,2713768.000000,31297.000000,2745065.000000,0.000000,31297.000000,1.000000,54,-1.000000,""
3072,w0,31292,2713773.000000,1,59400.000000,1,COMPLETED_SUCCESSFULLY,2713773.000000,31292.000000,2745065.000000,0.000000,31292.000000,1.000000,60,-1.000000,""
3068,w0,31296,2713770.000000,1,59400.000000,1,COMPLETED_SUCCESSFULLY,2713770.000000,31296.000000,2745066.000000,0.000000,31296.000000,1.000000,56,-1.000000,""
3070,w0,31295,2713771.000000,1,59400.000000,1,COMPLETED_SUCCESSFULLY,2713771.000000,31295.000000,2745066.000000,0.000000,31295.000000,1.000000,58,-1.000000,""
3071,w0,31295,2713772.000000,1,59400.000000,1,COMPLETED_SUCCESSFULLY,2713772.000000,31295.000000,2745067.000000,0.000000,31295.000000,1.000000,59,-1.000000,""
3076,w0,31294,2713776.000000,1,59400.000000,1,COMPLETED_SUCCESSFULLY,2713776.000000,31294.000000,2745070.000000,0.000000,31294.000000,1.000000,64,-1.000000,""
3089,w0,31286,2713786.000000,1,59400.000000,1,COMPLETED_SUCCESSFULLY,2713786.000000,31286.000000,2745072.000000,0.000000,31286.000000,1.000000,78,-1.000000,""
3084,w0,31290,2713783.000000,1,59400.000000,1,COMPLETED_SUCCESSFULLY,2713783.000000,31290.000000,2745073.000000,0.000000,31290.000000,1.000000,73,-1.000000,""
3086,w0,31289,2713784.000000,1,59400.000000,1,COMPLETED_SUCCESSFULLY,2713784.000000,31289.000000,2745073.000000,0.000000,31289.000000,1.000000,75,-1.000000,""
3073,w0,31300,2713774.000000,1,59400.000000,1,COMPLETED_SUCCESSFULLY,2713774.000000,31300.000000,2745074.000000,0.000000,31300.000000,1.000000,61,-1.000000,""
3088,w0,31289,2713785.000000,1,59400.000000,1,COMPLETED_SUCCESSFULLY,2713785.000000,31289.000000,2745074.000000,0.000000,31289.000000,1.000000,77,-1.000000,""
3085,w0,31296,2713783.000000,1,59400.000000,1,COMPLETED_SUCCESSFULLY,2713783.000000,31296.000000,2745079.000000,0.000000,31296.000000,1.000000,74,-1.000000,""
3087,w0,31297,2713785.000000,1,59400.000000,1,COMPLETED_SUCCESSFULLY,2713785.000000,31297.000000,2745082.000000,0.000000,31297.000000,1.000000,76,-1.000000,""
3077,w0,31707,2713777.000000,1,59400.000000,1,COMPLETED_SUCCESSFULLY,2713777.000000,31707.000000,2745484.000000,0.000000,31707.000000,1.000000,65,-1.000000,""
3081,w0,31704,2713780.000000,1,59400.000000,1,COMPLETED_SUCCESSFULLY,2713780.000000,31704.000000,2745484.000000,0.000000,31704.000000,1.000000,69,-1.000000,""
3078,w0,31707,2713778.000000,1,59400.000000,1,COMPLETED_SUCCESSFULLY,2713778.000000,31707.000000,2745485.000000,0.000000,31707.000000,1.000000,66,-1.000000,""
3079,w0,31706,2713779.000000,1,59400.000000,1,COMPLETED_SUCCESSFULLY,2713779.000000,31706.000000,2745485.000000,0.000000,31706.000000,1.000000,67,-1.000000,""
3080,w0,31706,2713780.000000,1,59400.000000,1,COMPLETED_SUCCESSFULLY,2713780.000000,31706.000000,2745486.000000,0.000000,31706.000000,1.000000,68,-1.000000,""
3082,w0,31705,2713781.000000,1,59400.000000,1,COMPLETED_SUCCESSFULLY,2713781.000000,31705.000000,2745486.000000,0.000000,31705.000000,1.000000,70,-1.000000,""
3083,w0,31705,2713782.000000,1,59400.000000,1,COMPLETED_SUCCESSFULLY,2713782.000000,31705.000000,2745487.000000,0.000000,31705.000000,1.000000,71,-1.000000,""
3046,w0,35608,2710295.000000,4,43200.000000,1,COMPLETED_SUCCESSFULLY,2710295.000000,35608.000000,2745903.000000,0.000000,35608.000000,1.000000,4-5 9-10,-1.000000,""
3044,w0,37704,2708270.000000,4,43200.000000,1,COMPLETED_SUCCESSFULLY,2708270.000000,37704.000000,2745974.000000,0.000000,37704.000000,1.000000,28-31,-1.000000,""
3093,w0,268,2747676.000000,1,900.000000,1,COMPLETED_SUCCESSFULLY,2747676.000000,268.000000,2747944.000000,0.000000,268.000000,1.000000,1,-1.000000,""
3094,w0,224,2747739.000000,1,900.000000,1,COMPLETED_SUCCESSFULLY,2747739.000000,224.000000,2747963.000000,0.000000,224.000000,1.000000,2,-1.000000,""
3100,w0,224,2748591.000000,1,900.000000,1,COMPLETED_SUCCESSFULLY,2748591.000000,224.000000,2748815.000000,0.000000,224.000000,1.000000,6,-1.000000,""
3099,w0,266,2748575.000000,1,900.000000,1,COMPLETED_SUCCESSFULLY,2748575.000000,266.000000,2748841.000000,0.000000,266.000000,1.000000,5,-1.000000,""
3101,w0,205,2749050.000000,8,36000.000000,1,COMPLETED_SUCCESSFULLY,2749050.000000,205.000000,2749255.000000,0.000000,205.000000,1.000000,5-12,-1.000000,""
3091,w0,29891,2719709.000000,12,43200.000000,1,COMPLETED_SUCCESSFULLY,2719709.000000,29891.000000,2749600.000000,0.000000,29891.000000,1.000000,79-90,-1.000000,""
3102,w0,1802,2754137.000000,1,3600.000000,1,COMPLETED_SUCCESSFULLY,2754137.000000,1802.000000,2755939.000000,0.000000,1802.000000,1.000000,5,-1.000000,""
3103,w0,2238,2754740.000000,8,3600.000000,1,COMPLETED_SUCCESSFULLY,2754740.000000,2238.000000,2756978.000000,0.000000,2238.000000,1.000000,6-13,-1.000000,""
3104,w0,65,2758152.000000,8,28800.000000,1,COMPLETED_SUCCESSFULLY,2758152.000000,65.000000,2758217.000000,0.000000,65.000000,1.000000,5-12,-1.000000,""
3095,w0,10844,2747975.000000,1,30600.000000,1,COMPLETED_SUCCESSFULLY,2747975.000000,10844.000000,2758819.000000,0.000000,10844.000000,1.000000,1,-1.000000,""
3097,w0,10751,2748238.000000,1,30600.000000,1,COMPLETED_SUCCESSFULLY,2748238.000000,10751.000000,2758989.000000,0.000000,10751.000000,1.000000,3,-1.000000,""
3096,w0,10891,2748119.000000,1,30600.000000,1,COMPLETED_SUCCESSFULLY,2748119.000000,10891.000000,2759010.000000,0.000000,10891.000000,1.000000,2,-1.000000,""
3098,w0,10714,2748310.000000,1,30600.000000,1,COMPLETED_SUCCESSFULLY,2748310.000000,10714.000000,2759024.000000,0.000000,10714.000000,1.000000,4,-1.000000,""
3106,w0,212,2759934.000000,64,600.000000,1,COMPLETED_SUCCESSFULLY,2759934.000000,212.000000,2760146.000000,0.000000,212.000000,1.000000,65-128,-1.000000,""
3105,w0,334,2759930.000000,64,600.000000,1,COMPLETED_SUCCESSFULLY,2759930.000000,334.000000,2760264.000000,0.000000,334.000000,1.000000,1-64,-1.000000,""
3107,w0,177,2760370.000000,10,28800.000000,1,COMPLETED_SUCCESSFULLY,2760370.000000,177.000000,2760547.000000,0.000000,177.000000,1.000000,1-10,-1.000000,""
3108,w0,45,2760518.000000,1,1800.000000,1,COMPLETED_SUCCESSFULLY,2760518.000000,45.000000,2760563.000000,0.000000,45.000000,1.000000,11,-1.000000,""
3113,w0,1243,2766254.000000,43,1500.000000,1,COMPLETED_SUCCESSFULLY,2766254.000000,1243.000000,2767497.000000,0.000000,1243.000000,1.000000,11-53,-1.000000,""
3111,w0,6202,2761499.000000,4,14400.000000,1,COMPLETED_SUCCESSFULLY,2761499.000000,6202.000000,2767701.000000,0.000000,6202.000000,1.000000,6-9,-1.000000,""
3110,w0,7363,2761429.000000,3,14400.000000,1,COMPLETED_SUCCESSFULLY,2761429.000000,7363.000000,2768792.000000,0.000000,7363.000000,1.000000,3-5,-1.000000,""
3114,w0,956,2768653.000000,8,3600.000000,1,COMPLETED_SUCCESSFULLY,2768653.000000,956.000000,2769609.000000,0.000000,956.000000,1.000000,6-9 11-14,-1.000000,""
3109,w0,9710,2761388.000000,2,14400.000000,1,COMPLETED_SUCCESSFULLY,2761388.000000,9710.000000,2771098.000000,0.000000,9710.000000,1.000000,1-2,-1.000000,""
3159,w0,48,2777265.000000,3,28800.000000,1,COMPLETED_SUCCESSFULLY,2777265.000000,48.000000,2777313.000000,0.000000,48.000000,1.000000,53-55,-1.000000,""
3158,w0,902,2777200.000000,8,3600.000000,1,COMPLETED_SUCCESSFULLY,2777200.000000,902.000000,2778102.000000,0.000000,902.000000,1.000000,45-52,-1.000000,""
3092,w0,33544,2744907.000000,1,43200.000000,1,COMPLETED_SUCCESSFULLY,2744907.000000,33544.000000,2778451.000000,0.000000,33544.000000,1.000000,0,-1.000000,""
3160,w0,1301,2783545.000000,8,3600.000000,1,COMPLETED_SUCCESSFULLY,2783545.000000,1301.000000,2784846.000000,0.000000,1301.000000,1.000000,0 45-51,-1.000000,""
3161,w0,2727,2783551.000000,8,64800.000000,1,COMPLETED_SUCCESSFULLY,2783551.000000,2727.000000,2786278.000000,0.000000,2727.000000,1.000000,52-59,-1.000000,""
3112,w0,36205,2765603.000000,1,43200.000000,1,COMPLETED_SUCCESSFULLY,2765603.000000,36205.000000,2801808.000000,0.000000,36205.000000,1.000000,10,-1.000000,""
3119,w0,31314,2773074.000000,1,59400.000000,1,COMPLETED_SUCCESSFULLY,2773074.000000,31314.000000,2804388.000000,0.000000,31314.000000,1.000000,5,-1.000000,""
3123,w0,31314,2773077.000000,1,59400.000000,1,COMPLETED_SUCCESSFULLY,2773077.000000,31314.000000,2804391.000000,0.000000,31314.000000,1.000000,9,-1.000000,""
3125,w0,31314,2773078.000000,1,59400.000000,1,COMPLETED_SUCCESSFULLY,2773078.000000,31314.000000,2804392.000000,0.000000,31314.000000,1.000000,12,-1.000000,""
3116,w0,31322,2773071.000000,1,59400.000000,1,COMPLETED_SUCCESSFULLY,2773071.000000,31322.000000,2804393.000000,0.000000,31322.000000,1.000000,2,-1.000000,""
3115,w0,31323,2773071.000000,1,59400.000000,1,COMPLETED_SUCCESSFULLY,2773071.000000,31323.000000,2804394.000000,0.000000,31323.000000,1.000000,1,-1.000000,""
3121,w0,31320,2773075.000000,1,59400.000000,1,COMPLETED_SUCCESSFULLY,2773075.000000,31320.000000,2804395.000000,0.000000,31320.000000,1.000000,7,-1.000000,""
3131,w0,31315,2773083.000000,1,59400.000000,1,COMPLETED_SUCCESSFULLY,2773083.000000,31315.000000,2804398.000000,0.000000,31315.000000,1.000000,18,-1.000000,""
3133,w0,31313,2773085.000000,1,59400.000000,1,COMPLETED_SUCCESSFULLY,2773085.000000,31313.000000,2804398.000000,0.000000,31313.000000,1.000000,20,-1.000000,""
3122,w0,31325,2773076.000000,1,59400.000000,1,COMPLETED_SUCCESSFULLY,2773076.000000,31325.000000,2804401.000000,0.000000,31325.000000,1.000000,8,-1.000000,""
3127,w0,31322,2773080.000000,1,59400.000000,1,COMPLETED_SUCCESSFULLY,2773080.000000,31322.000000,2804402.000000,0.000000,31322.000000,1.000000,14,-1.000000,""
3130,w0,31320,2773083.000000,1,59400.000000,1,COMPLETED_SUCCESSFULLY,2773083.000000,31320.000000,2804403.000000,0.000000,31320.000000,1.000000,17,-1.000000,""
3136,w0,31315,2773088.000000,1,59400.000000,1,COMPLETED_SUCCESSFULLY,2773088.000000,31315.000000,2804403.000000,0.000000,31315.000000,1.000000,23,-1.000000,""
3124,w0,31326,2773078.000000,1,59400.000000,1,COMPLETED_SUCCESSFULLY,2773078.000000,31326.000000,2804404.000000,0.000000,31326.000000,1.000000,11,-1.000000,""
3135,w0,31317,2773087.000000,1,59400.000000,1,COMPLETED_SUCCESSFULLY,2773087.000000,31317.000000,2804404.000000,0.000000,31317.000000,1.000000,22,-1.000000,""
3128,w0,31324,2773081.000000,1,59400.000000,1,COMPLETED_SUCCESSFULLY,2773081.000000,31324.000000,2804405.000000,0.000000,31324.000000,1.000000,15,-1.000000,""
3126,w0,31327,2773079.000000,1,59400.000000,1,COMPLETED_SUCCESSFULLY,2773079.000000,31327.000000,2804406.000000,0.000000,31327.000000,1.000000,13,-1.000000,""
3134,w0,31320,2773086.000000,1,59400.000000,1,COMPLETED_SUCCESSFULLY,2773086.000000,31320.000000,2804406.000000,0.000000,31320.000000,1.000000,21,-1.000000,""
3143,w0,31314,2773094.000000,1,59400.000000,1,COMPLETED_SUCCESSFULLY,2773094.000000,31314.000000,2804408.000000,0.000000,31314.000000,1.000000,30,-1.000000,""
3132,w0,31325,2773084.000000,1,59400.000000,1,COMPLETED_SUCCESSFULLY,2773084.000000,31325.000000,2804409.000000,0.000000,31325.000000,1.000000,19,-1.000000,""
3144,w0,31315,2773094.000000,1,59400.000000,1,COMPLETED_SUCCESSFULLY,2773094.000000,31315.000000,2804409.000000,0.000000,31315.000000,1.000000,31,-1.000000,""
3129,w0,31328,2773082.000000,1,59400.000000,1,COMPLETED_SUCCESSFULLY,2773082.000000,31328.000000,2804410.000000,0.000000,31328.000000,1.000000,16,-1.000000,""
3137,w0,31321,2773089.000000,1,59400.000000,1,COMPLETED_SUCCESSFULLY,2773089.000000,31321.000000,2804410.000000,0.000000,31321.000000,1.000000,24,-1.000000,""
3139,w0,31321,2773090.000000,1,59400.000000,1,COMPLETED_SUCCESSFULLY,2773090.000000,31321.000000,2804411.000000,0.000000,31321.000000,1.000000,26,-1.000000,""
3141,w0,31319,2773092.000000,1,59400.000000,1,COMPLETED_SUCCESSFULLY,2773092.000000,31319.000000,2804411.000000,0.000000,31319.000000,1.000000,28,-1.000000,""
3150,w0,31312,2773099.000000,1,59400.000000,1,COMPLETED_SUCCESSFULLY,2773099.000000,31312.000000,2804411.000000,0.000000,31312.000000,1.000000,37,-1.000000,""
3138,w0,31323,2773089.000000,1,59400.000000,1,COMPLETED_SUCCESSFULLY,2773089.000000,31323.000000,2804412.000000,0.000000,31323.000000,1.000000,25,-1.000000,""
3142,w0,31319,2773093.000000,1,59400.000000,1,COMPLETED_SUCCESSFULLY,2773093.000000,31319.000000,2804412.000000,0.000000,31319.000000,1.000000,29,-1.000000,""
3148,w0,31314,2773098.000000,1,59400.000000,1,COMPLETED_SUCCESSFULLY,2773098.000000,31314.000000,2804412.000000,0.000000,31314.000000,1.000000,35,-1.000000,""
3146,w0,31317,2773096.000000,1,59400.000000,1,COMPLETED_SUCCESSFULLY,2773096.000000,31317.000000,2804413.000000,0.000000,31317.000000,1.000000,33,-1.000000,""
3140,w0,31324,2773091.000000,1,59400.000000,1,COMPLETED_SUCCESSFULLY,2773091.000000,31324.000000,2804415.000000,0.000000,31324.000000,1.000000,27,-1.000000,""
3149,w0,31317,2773099.000000,1,59400.000000,1,COMPLETED_SUCCESSFULLY,2773099.000000,31317.000000,2804416.000000,0.000000,31317.000000,1.000000,36,-1.000000,""
3152,w0,31318,2773101.000000,1,59400.000000,1,COMPLETED_SUCCESSFULLY,2773101.000000,31318.000000,2804419.000000,0.000000,31318.000000,1.000000,39,-1.000000,""
3151,w0,31320,2773100.000000,1,59400.000000,1,COMPLETED_SUCCESSFULLY,2773100.000000,31320.000000,2804420.000000,0.000000,31320.000000,1.000000,38,-1.000000,""
3145,w0,31327,2773095.000000,1,59400.000000,1,COMPLETED_SUCCESSFULLY,2773095.000000,31327.000000,2804422.000000,0.000000,31327.000000,1.000000,32,-1.000000,""
3156,w0,31318,2773104.000000,1,59400.000000,1,COMPLETED_SUCCESSFULLY,2773104.000000,31318.000000,2804422.000000,0.000000,31318.000000,1.000000,43,-1.000000,""
3155,w0,31320,2773104.000000,1,59400.000000,1,COMPLETED_SUCCESSFULLY,2773104.000000,31320.000000,2804424.000000,0.000000,31320.000000,1.000000,42,-1.000000,""
3147,w0,31329,2773097.000000,1,59400.000000,1,COMPLETED_SUCCESSFULLY,2773097.000000,31329.000000,2804426.000000,0.000000,31329.000000,1.000000,34,-1.000000,""
3154,w0,31323,2773103.000000,1,59400.000000,1,COMPLETED_SUCCESSFULLY,2773103.000000,31323.000000,2804426.000000,0.000000,31323.000000,1.000000,41,-1.000000,""
3153,w0,31328,2773102.000000,1,59400.000000,1,COMPLETED_SUCCESSFULLY,2773102.000000,31328.000000,2804430.000000,0.000000,31328.000000,1.000000,40,-1.000000,""
3157,w0,31328,2773105.000000,1,59400.000000,1,COMPLETED_SUCCESSFULLY,2773105.000000,31328.000000,2804433.000000,0.000000,31328.000000,1.000000,44,-1.000000,""
3165,w0,592,2804246.000000,3,28800.000000,1,COMPLETED_SUCCESSFULLY,2804246.000000,592.000000,2804838.000000,0.000000,592.000000,1.000000,10 84-85,-1.000000,""
3117,w0,32479,2773072.000000,1,59400.000000,1,COMPLETED_SUCCESSFULLY,2773072.000000,32479.000000,2805551.000000,0.000000,32479.000000,1.000000,3,-1.000000,""
3118,w0,32480,2773073.000000,1,59400.000000,1,COMPLETED_SUCCESSFULLY,2773073.000000,32480.000000,2805553.000000,0.000000,32480.000000,1.000000,4,-1.000000,""
3120,w0,32480,2773074.000000,1,59400.000000,1,COMPLETED_SUCCESSFULLY,2773074.000000,32480.000000,2805554.000000,0.000000,32480.000000,1.000000,6,-1.000000,""
3163,w0,18677,2796724.000000,16,21600.000000,1,COMPLETED_SUCCESSFULLY,2796724.000000,18677.000000,2815401.000000,0.000000,18677.000000,1.000000,60-75,-1.000000,""
3162,w0,18865,2796556.000000,16,21600.000000,1,COMPLETED_SUCCESSFULLY,2796556.000000,18865.000000,2815421.000000,0.000000,18865.000000,1.000000,0 45-59,-1.000000,""
3164,w0,21772,2796740.000000,8,36000.000000,1,COMPLETED_SUCCESSFULLY,2796740.000000,21772.000000,2818512.000000,0.000000,21772.000000,1.000000,76-83,-1.000000,""
3213,w0,338,2826753.000000,32,600.000000,1,COMPLETED_SUCCESSFULLY,2826753.000000,338.000000,2827091.000000,0.000000,338.000000,1.000000,46-77,-1.000000,""
3214,w0,473,2826757.000000,32,600.000000,1,COMPLETED_SUCCESSFULLY,2826757.000000,473.000000,2827230.000000,0.000000,473.000000,1.000000,78-109,-1.000000,""
3215,w0,65,2827451.000000,16,600.000000,1,COMPLETED_SUCCESSFULLY,2827451.000000,65.000000,2827516.000000,0.000000,65.000000,1.000000,46-61,-1.000000,""
3216,w0,69,2827456.000000,16,600.000000,1,COMPLETED_SUCCESSFULLY,2827456.000000,69.000000,2827525.000000,0.000000,69.000000,1.000000,62-77,-1.000000,""
3217,w0,47,2827522.000000,8,600.000000,1,COMPLETED_SUCCESSFULLY,2827522.000000,47.000000,2827569.000000,0.000000,47.000000,1.000000,46-53,-1.000000,""
3218,w0,48,2827526.000000,8,600.000000,1,COMPLETED_SUCCESSFULLY,2827526.000000,48.000000,2827574.000000,0.000000,48.000000,1.000000,54-61,-1.000000,""
3219,w0,69,2827881.000000,8,600.000000,1,COMPLETED_SUCCESSFULLY,2827881.000000,69.000000,2827950.000000,0.000000,69.000000,1.000000,46-53,-1.000000,""
3220,w0,67,2827885.000000,8,600.000000,1,COMPLETED_SUCCESSFULLY,2827885.000000,67.000000,2827952.000000,0.000000,67.000000,1.000000,54-61,-1.000000,""
3221,w0,61,2827920.000000,1,600.000000,1,COMPLETED_SUCCESSFULLY,2827920.000000,61.000000,2827981.000000,0.000000,61.000000,1.000000,62,-1.000000,""
3222,w0,124,2829734.000000,1,900.000000,1,COMPLETED_SUCCESSFULLY,2829734.000000,124.000000,2829858.000000,0.000000,124.000000,1.000000,46,-1.000000,""
3223,w0,124,2829753.000000,1,900.000000,1,COMPLETED_SUCCESSFULLY,2829753.000000,124.000000,2829877.000000,0.000000,124.000000,1.000000,47,-1.000000,""
3224,w0,125,2829848.000000,1,900.000000,1,COMPLETED_SUCCESSFULLY,2829848.000000,125.000000,2829973.000000,0.000000,125.000000,1.000000,48,-1.000000,""
3225,w0,125,2829871.000000,1,900.000000,1,COMPLETED_SUCCESSFULLY,2829871.000000,125.000000,2829996.000000,0.000000,125.000000,1.000000,46,-1.000000,""
3229,w0,139,2830177.000000,16,28800.000000,1,COMPLETED_SUCCESSFULLY,2830177.000000,139.000000,2830316.000000,0.000000,139.000000,1.000000,48 53-67,-1.000000,""
3227,w0,675,2829970.000000,1,900.000000,1,COMPLETED_SUCCESSFULLY,2829970.000000,675.000000,2830645.000000,0.000000,675.000000,1.000000,52,-1.000000,""
3228,w0,684,2830045.000000,1,900.000000,1,COMPLETED_SUCCESSFULLY,2830045.000000,684.000000,2830729.000000,0.000000,684.000000,1.000000,46,-1.000000,""
3233,w0,58,2831885.000000,1,600.000000,1,COMPLETED_SUCCESSFULLY,2831885.000000,58.000000,2831943.000000,0.000000,58.000000,1.000000,57,-1.000000,""
3226,w0,2100,2829931.000000,4,7200.000000,1,COMPLETED_SUCCESSFULLY,2829931.000000,2100.000000,2832031.000000,0.000000,2100.000000,1.000000,47 49-51,-1.000000,""
3235,w0,3107,2831960.000000,4,14400.000000,1,COMPLETED_SUCCESSFULLY,2831960.000000,3107.000000,2835067.000000,0.000000,3107.000000,1.000000,57 61-63,-1.000000,""
3236,w0,583,2834863.000000,64,900.000000,1,COMPLETED_SUCCESSFULLY,2834863.000000,583.000000,2835446.000000,0.000000,583.000000,1.000000,47 49-51 64-123,-1.000000,""
3234,w0,3687,2831913.000000,3,14400.000000,1,COMPLETED_SUCCESSFULLY,2831913.000000,3687.000000,2835600.000000,0.000000,3687.000000,1.000000,58-60,-1.000000,""
3237,w0,342,2835621.000000,1,3600.000000,1,COMPLETED_SUCCESSFULLY,2835621.000000,342.000000,2835963.000000,0.000000,342.000000,1.000000,47,-1.000000,""
3232,w0,4842,2831873.000000,2,14400.000000,1,COMPLETED_SUCCESSFULLY,2831873.000000,4842.000000,2836715.000000,0.000000,4842.000000,1.000000,52 56,-1.000000,""
3166,w0,31832,2807172.000000,1,34800.000000,1,COMPLETED_SUCCESSFULLY,2807172.000000,31832.000000,2839004.000000,0.000000,31832.000000,1.000000,1,-1.000000,""
3167,w0,31833,2807175.000000,1,34800.000000,1,COMPLETED_SUCCESSFULLY,2807175.000000,31833.000000,2839008.000000,0.000000,31833.000000,1.000000,2,-1.000000,""
3176,w0,31830,2807183.000000,1,34800.000000,1,COMPLETED_SUCCESSFULLY,2807183.000000,31830.000000,2839013.000000,0.000000,31830.000000,1.000000,11,-1.000000,""
3177,w0,31831,2807183.000000,1,34800.000000,1,COMPLETED_SUCCESSFULLY,2807183.000000,31831.000000,2839014.000000,0.000000,31831.000000,1.000000,12,-1.000000,""
3168,w0,31841,2807176.000000,1,34800.000000,1,COMPLETED_SUCCESSFULLY,2807176.000000,31841.000000,2839017.000000,0.000000,31841.000000,1.000000,3,-1.000000,""
3183,w0,31830,2807188.000000,1,34800.000000,1,COMPLETED_SUCCESSFULLY,2807188.000000,31830.000000,2839018.000000,0.000000,31830.000000,1.000000,18,-1.000000,""
3169,w0,31842,2807177.000000,1,34800.000000,1,COMPLETED_SUCCESSFULLY,2807177.000000,31842.000000,2839019.000000,0.000000,31842.000000,1.000000,4,-1.000000,""
3170,w0,31843,2807178.000000,1,34800.000000,1,COMPLETED_SUCCESSFULLY,2807178.000000,31843.000000,2839021.000000,0.000000,31843.000000,1.000000,5,-1.000000,""
3181,w0,31834,2807187.000000,1,34800.000000,1,COMPLETED_SUCCESSFULLY,2807187.000000,31834.000000,2839021.000000,0.000000,31834.000000,1.000000,16,-1.000000,""
3180,w0,31837,2807186.000000,1,34800.000000,1,COMPLETED_SUCCESSFULLY,2807186.000000,31837.000000,2839023.000000,0.000000,31837.000000,1.000000,15,-1.000000,""
3171,w0,31845,2807179.000000,1,34800.000000,1,COMPLETED_SUCCESSFULLY,2807179.000000,31845.000000,2839024.000000,0.000000,31845.000000,1.000000,6,-1.000000,""
3182,w0,31837,2807187.000000,1,34800.000000,1,COMPLETED_SUCCESSFULLY,2807187.000000,31837.000000,2839024.000000,0.000000,31837.000000,1.000000,17,-1.000000,""
3172,w0,31845,2807180.000000,1,34800.000000,1,COMPLETED_SUCCESSFULLY,2807180.000000,31845.000000,2839025.000000,0.000000,31845.000000,1.000000,7,-1.000000,""
3173,w0,31847,2807180.000000,1,34800.000000,1,COMPLETED_SUCCESSFULLY,2807180.000000,31847.000000,2839027.000000,0.000000,31847.000000,1.000000,8,-1.000000,""
3178,w0,31843,2807184.000000,1,34800.000000,1,COMPLETED_SUCCESSFULLY,2807184.000000,31843.000000,2839027.000000,0.000000,31843.000000,1.000000,13,-1.000000,""
3179,w0,31843,2807185.000000,1,34800.000000,1,COMPLETED_SUCCESSFULLY,2807185.000000,31843.000000,2839028.000000,0.000000,31843.000000,1.000000,14,-1.000000,""
3185,w0,31838,2807190.000000,1,34800.000000,1,COMPLETED_SUCCESSFULLY,2807190.000000,31838.000000,2839028.000000,0.000000,31838.000000,1.000000,20,-1.000000,""
3188,w0,31836,2807192.000000,1,34800.000000,1,COMPLETED_SUCCESSFULLY,2807192.000000,31836.000000,2839028.000000,0.000000,31836.000000,1.000000,23,-1.000000,""
3174,w0,31848,2807181.000000,1,34800.000000,1,COMPLETED_SUCCESSFULLY,2807181.000000,31848.000000,2839029.000000,0.000000,31848.000000,1.000000,9,-1.000000,""
3175,w0,31847,2807182.000000,1,34800.000000,1,COMPLETED_SUCCESSFULLY,2807182.000000,31847.000000,2839029.000000,0.000000,31847.000000,1.000000,10,-1.000000,""
3184,w0,31840,2807189.000000,1,34800.000000,1,COMPLETED_SUCCESSFULLY,2807189.000000,31840.000000,2839029.000000,0.000000,31840.000000,1.000000,19,-1.000000,""
3189,w0,31836,2807193.000000,1,34800.000000,1,COMPLETED_SUCCESSFULLY,2807193.000000,31836.000000,2839029.000000,0.000000,31836.000000,1.000000,24,-1.000000,""
3190,w0,31840,2807193.000000,1,34800.000000,1,COMPLETED_SUCCESSFULLY,2807193.000000,31840.000000,2839033.000000,0.000000,31840.000000,1.000000,25,-1.000000,""
3191,w0,31839,2807194.000000,1,34800.000000,1,COMPLETED_SUCCESSFULLY,2807194.000000,31839.000000,2839033.000000,0.000000,31839.000000,1.000000,26,-1.000000,""
3197,w0,31836,2807199.000000,1,34800.000000,1,COMPLETED_SUCCESSFULLY,2807199.000000,31836.000000,2839035.000000,0.000000,31836.000000,1.000000,32,-1.000000,""
3199,w0,31834,2807201.000000,1,34800.000000,1,COMPLETED_SUCCESSFULLY,2807201.000000,31834.000000,2839035.000000,0.000000,31834.000000,1.000000,34,-1.000000,""
3202,w0,31832,2807203.000000,1,34800.000000,1,COMPLETED_SUCCESSFULLY,2807203.000000,31832.000000,2839035.000000,0.000000,31832.000000,1.000000,37,-1.000000,""
3203,w0,31831,2807204.000000,1,34800.000000,1,COMPLETED_SUCCESSFULLY,2807204.000000,31831.000000,2839035.000000,0.000000,31831.000000,1.000000,38,-1.000000,""
3196,w0,31838,2807198.000000,1,34800.000000,1,COMPLETED_SUCCESSFULLY,2807198.000000,31838.000000,2839036.000000,0.000000,31838.000000,1.000000,31,-1.000000,""
3200,w0,31835,2807201.000000,1,34800.000000,1,COMPLETED_SUCCESSFULLY,2807201.000000,31835.000000,2839036.000000,0.000000,31835.000000,1.000000,35,-1.000000,""
3193,w0,31841,2807196.000000,1,34800.000000,1,COMPLETED_SUCCESSFULLY,2807196.000000,31841.000000,2839037.000000,0.000000,31841.000000,1.000000,28,-1.000000,""
3204,w0,31833,2807204.000000,1,34800.000000,1,COMPLETED_SUCCESSFULLY,2807204.000000,31833.000000,2839037.000000,0.000000,31833.000000,1.000000,39,-1.000000,""
3192,w0,31843,2807195.000000,1,34800.000000,1,COMPLETED_SUCCESSFULLY,2807195.000000,31843.000000,2839038.000000,0.000000,31843.000000,1.000000,27,-1.000000,""
3198,w0,31838,2807200.000000,1,34800.000000,1,COMPLETED_SUCCESSFULLY,2807200.000000,31838.000000,2839038.000000,0.000000,31838.000000,1.000000,33,-1.000000,""
3205,w0,31833,2807205.000000,1,34800.000000,1,COMPLETED_SUCCESSFULLY,2807205.000000,31833.000000,2839038.000000,0.000000,31833.000000,1.000000,40,-1.000000,""
3187,w0,31848,2807191.000000,1,34800.000000,1,COMPLETED_SUCCESSFULLY,2807191.000000,31848.000000,2839039.000000,0.000000,31848.000000,1.000000,22,-1.000000,""
3201,w0,31837,2807202.000000,1,34800.000000,1,COMPLETED_SUCCESSFULLY,2807202.000000,31837.000000,2839039.000000,0.000000,31837.000000,1.000000,36,-1.000000,""
3186,w0,31849,2807191.000000,1,34800.000000,1,COMPLETED_SUCCESSFULLY,2807191.000000,31849.000000,2839040.000000,0.000000,31849.000000,1.000000,21,-1.000000,""
3194,w0,31843,2807197.000000,1,34800.000000,1,COMPLETED_SUCCESSFULLY,2807197.000000,31843.000000,2839040.000000,0.000000,31843.000000,1.000000,29,-1.000000,""
3195,w0,31843,2807198.000000,1,34800.000000,1,COMPLETED_SUCCESSFULLY,2807198.000000,31843.000000,2839041.000000,0.000000,31843.000000,1.000000,30,-1.000000,""
3206,w0,31842,2807206.000000,1,34800.000000,1,COMPLETED_SUCCESSFULLY,2807206.000000,31842.000000,2839048.000000,0.000000,31842.000000,1.000000,41,-1.000000,""
3207,w0,31843,2807207.000000,1,34800.000000,1,COMPLETED_SUCCESSFULLY,2807207.000000,31843.000000,2839050.000000,0.000000,31843.000000,1.000000,42,-1.000000,""
3208,w0,31846,2807208.000000,1,34800.000000,1,COMPLETED_SUCCESSFULLY,2807208.000000,31846.000000,2839054.000000,0.000000,31846.000000,1.000000,43,-1.000000,""
3212,w0,305,2826403.000000,128,600.000000,1,COMPLETED_SUCCESSFULLY,2839021.000000,305.000000,2839326.000000,12618.000000,12923.000000,42.370492,1-5 11-12 18 47 49-52 56-170,-1.000000,""
3231,w0,8862,2831839.000000,1,14400.000000,1,COMPLETED_SUCCESSFULLY,2831839.000000,8862.000000,2840701.000000,0.000000,8862.000000,1.000000,46,-1.000000,""
3238,w0,615,2840863.000000,4,21600.000000,1,COMPLETED_SUCCESSFULLY,2840863.000000,615.000000,2841478.000000,0.000000,615.000000,1.000000,1-4,-1.000000,""
3240,w0,162,2841373.000000,4,14400.000000,1,COMPLETED_SUCCESSFULLY,2841373.000000,162.000000,2841535.000000,0.000000,162.000000,1.000000,9-12,-1.000000,""
3239,w0,607,2841027.000000,4,21600.000000,1,COMPLETED_SUCCESSFULLY,2841027.000000,607.000000,2841634.000000,0.000000,607.000000,1.000000,5-8,-1.000000,""
3230,w0,25513,2830457.000000,4,28800.000000,1,COMPLETED_SUCCESSFULLY,2830457.000000,25513.000000,2855970.000000,0.000000,25513.000000,1.000000,48 53-55,-1.000000,""
3211,w0,33915,2825234.000000,1,43200.000000,1,COMPLETED_SUCCESSFULLY,2825234.000000,33915.000000,2859149.000000,0.000000,33915.000000,1.000000,45,-1.000000,""
3209,w0,38158,2825087.000000,1,43200.000000,1,COMPLETED_SUCCESSFULLY,2825087.000000,38158.000000,2863245.000000,0.000000,38158.000000,1.000000,0,-1.000000,""
3210,w0,39781,2825183.000000,1,43200.000000,1,COMPLETED_SUCCESSFULLY,2825183.000000,39781.000000,2864964.000000,0.000000,39781.000000,1.000000,44,-1.000000,""
3241,w0,39,2977061.000000,1,1200.000000,1,COMPLETED_SUCCESSFULLY,2977061.000000,39.000000,2977100.000000,0.000000,39.000000,1.000000,0,-1.000000,""
3242,w0,38,2978501.000000,1,1200.000000,1,COMPLETED_SUCCESSFULLY,2978501.000000,38.000000,2978539.000000,0.000000,38.000000,1.000000,0,-1.000000,""
3243,w0,37,2980009.000000,1,1200.000000,1,COMPLETED_SUCCESSFULLY,2980009.000000,37.000000,2980046.000000,0.000000,37.000000,1.000000,0,-1.000000,""
3244,w0,38,2980198.000000,1,1200.000000,1,COMPLETED_SUCCESSFULLY,2980198.000000,38.000000,2980236.000000,0.000000,38.000000,1.000000,0,-1.000000,""
3245,w0,144,2991292.000000,1,600.000000,1,COMPLETED_SUCCESSFULLY,2991292.000000,144.000000,2991436.000000,0.000000,144.000000,1.000000,0,-1.000000,""
3246,w0,52,2991652.000000,16,25200.000000,1,COMPLETED_SUCCESSFULLY,2991652.000000,52.000000,2991704.000000,0.000000,52.000000,1.000000,0-15,-1.000000,""
3250,w0,204,3003865.000000,64,600.000000,1,COMPLETED_SUCCESSFULLY,3003865.000000,204.000000,3004069.000000,0.000000,204.000000,1.000000,13-76,-1.000000,""
3251,w0,209,3003870.000000,64,600.000000,1,COMPLETED_SUCCESSFULLY,3003870.000000,209.000000,3004079.000000,0.000000,209.000000,1.000000,77-140,-1.000000,""
3252,w0,305,3003892.000000,32,600.000000,1,COMPLETED_SUCCESSFULLY,3004069.000000,305.000000,3004374.000000,177.000000,482.000000,1.580328,13-44,-1.000000,""
3253,w0,307,3003900.000000,32,600.000000,1,COMPLETED_SUCCESSFULLY,3004069.000000,307.000000,3004376.000000,169.000000,476.000000,1.550489,45-76,-1.000000,""
3255,w0,477,3006009.000000,1,1800.000000,1,COMPLETED_SUCCESSFULLY,3006009.000000,477.000000,3006486.000000,0.000000,477.000000,1.000000,13,-1.000000,""
3256,w0,58,3006996.000000,2,120.000000,1,COMPLETED_SUCCESSFULLY,3006996.000000,58.000000,3007054.000000,0.000000,58.000000,1.000000,13-14,-1.000000,""
3258,w0,56,3007266.000000,2,120.000000,1,COMPLETED_SUCCESSFULLY,3007266.000000,56.000000,3007322.000000,0.000000,56.000000,1.000000,14-15,-1.000000,""
3257,w0,509,3007134.000000,1,1800.000000,1,COMPLETED_SUCCESSFULLY,3007134.000000,509.000000,3007643.000000,0.000000,509.000000,1.000000,13,-1.000000,""
3263,w0,386,3008169.000000,8,7140.000000,1,COMPLETED_SUCCESSFULLY,3008169.000000,386.000000,3008555.000000,0.000000,386.000000,1.000000,21-28,-1.000000,""
3264,w0,549,3008347.000000,8,7140.000000,1,COMPLETED_SUCCESSFULLY,3008347.000000,549.000000,3008896.000000,0.000000,549.000000,1.000000,29-36,-1.000000,""
3268,w0,50,3011158.000000,4,64800.000000,1,COMPLETED_SUCCESSFULLY,3011158.000000,50.000000,3011208.000000,0.000000,50.000000,1.000000,25-28,-1.000000,""
3270,w0,131,3013662.000000,5,7200.000000,1,COMPLETED_SUCCESSFULLY,3013662.000000,131.000000,3013793.000000,0.000000,131.000000,1.000000,28-32,-1.000000,""
3271,w0,27,3014233.000000,1,600.000000,1,COMPLETED_SUCCESSFULLY,3014233.000000,27.000000,3014260.000000,0.000000,27.000000,1.000000,28,-1.000000,""
3272,w0,116,3014337.000000,8,600.000000,1,COMPLETED_SUCCESSFULLY,3014337.000000,116.000000,3014453.000000,0.000000,116.000000,1.000000,28-35,-1.000000,""
3261,w0,7261,3007564.000000,2,64800.000000,1,COMPLETED_SUCCESSFULLY,3007564.000000,7261.000000,3014825.000000,0.000000,7261.000000,1.000000,18-19,-1.000000,""
3269,w0,3229,3011912.000000,3,14400.000000,1,COMPLETED_SUCCESSFULLY,3011912.000000,3229.000000,3015141.000000,0.000000,3229.000000,1.000000,25-27,-1.000000,""
3254,w0,11389,3004226.000000,36,14400.000000,1,COMPLETED_SUCCESSFULLY,3004226.000000,11389.000000,3015615.000000,0.000000,11389.000000,1.000000,77-112,-1.000000,""
3273,w0,37,3017244.000000,1,7200.000000,1,COMPLETED_SUCCESSFULLY,3017244.000000,37.000000,3017281.000000,0.000000,37.000000,1.000000,18,-1.000000,""
3274,w0,29,3017265.000000,1,7200.000000,1,COMPLETED_SUCCESSFULLY,3017265.000000,29.000000,3017294.000000,0.000000,29.000000,1.000000,19,-1.000000,""
3275,w0,1628,3018741.000000,4,1800.000000,1,COMPLETED_SUCCESSFULLY,3018741.000000,1628.000000,3020369.000000,0.000000,1628.000000,1.000000,18-19 25-26,-1.000000,""
3276,w0,1528,3018896.000000,8,7200.000000,1,COMPLETED_SUCCESSFULLY,3018896.000000,1528.000000,3020424.000000,0.000000,1528.000000,1.000000,27-34,-1.000000,""
3279,w0,47,3020814.000000,8,1800.000000,1,COMPLETED_SUCCESSFULLY,3020814.000000,47.000000,3020861.000000,0.000000,47.000000,1.000000,31-34 36 39-41,-1.000000,""
3278,w0,841,3020755.000000,8,1140.000000,1,COMPLETED_SUCCESSFULLY,3020755.000000,841.000000,3021596.000000,0.000000,841.000000,1.000000,18-19 25-30,-1.000000,""
3280,w0,49,3022733.000000,4,64800.000000,1,COMPLETED_SUCCESSFULLY,3022733.000000,49.000000,3022782.000000,0.000000,49.000000,1.000000,18-19 25-26,-1.000000,""
3281,w0,49,3022761.000000,4,64800.000000,1,COMPLETED_SUCCESSFULLY,3022761.000000,49.000000,3022810.000000,0.000000,49.000000,1.000000,27-30,-1.000000,""
3277,w0,2532,3020309.000000,1,5400.000000,1,COMPLETED_SUCCESSFULLY,3020309.000000,2532.000000,3022841.000000,0.000000,2532.000000,1.000000,35,-1.000000,""
3282,w0,49,3022811.000000,4,64800.000000,1,COMPLETED_SUCCESSFULLY,3022811.000000,49.000000,3022860.000000,0.000000,49.000000,1.000000,18-19 25-26,-1.000000,""
3266,w0,14203,3008677.000000,2,64800.000000,1,COMPLETED_SUCCESSFULLY,3008677.000000,14203.000000,3022880.000000,0.000000,14203.000000,1.000000,21-22,-1.000000,""
3283,w0,49,3022847.000000,4,64800.000000,1,COMPLETED_SUCCESSFULLY,3022847.000000,49.000000,3022896.000000,0.000000,49.000000,1.000000,27-30,-1.000000,""
3284,w0,27,3022885.000000,4,64800.000000,1,COMPLETED_SUCCESSFULLY,3022885.000000,27.000000,3022912.000000,0.000000,27.000000,1.000000,18-19 21-22,-1.000000,""
3285,w0,43,3023203.000000,1,5400.000000,1,COMPLETED_SUCCESSFULLY,3023203.000000,43.000000,3023246.000000,0.000000,43.000000,1.000000,18,-1.000000,""
3286,w0,36,3023663.000000,1,5400.000000,1,COMPLETED_SUCCESSFULLY,3023663.000000,36.000000,3023699.000000,0.000000,36.000000,1.000000,18,-1.000000,""
3287,w0,40,3023926.000000,1,5400.000000,1,COMPLETED_SUCCESSFULLY,3023926.000000,40.000000,3023966.000000,0.000000,40.000000,1.000000,18,-1.000000,""
3259,w0,16862,3007420.000000,2,64800.000000,1,COMPLETED_SUCCESSFULLY,3007420.000000,16862.000000,3024282.000000,0.000000,16862.000000,1.000000,14-15,-1.000000,""
3299,w0,28,3027175.000000,1,64800.000000,1,COMPLETED_SUCCESSFULLY,3027175.000000,28.000000,3027203.000000,0.000000,28.000000,1.000000,65,-1.000000,""
3300,w0,27,3027182.000000,1,64800.000000,1,COMPLETED_SUCCESSFULLY,3027182.000000,27.000000,3027209.000000,0.000000,27.000000,1.000000,66,-1.000000,""
3301,w0,27,3027205.000000,1,64800.000000,1,COMPLETED_SUCCESSFULLY,3027205.000000,27.000000,3027232.000000,0.000000,27.000000,1.000000,65,-1.000000,""
3303,w0,47,3027215.000000,4,64800.000000,1,COMPLETED_SUCCESSFULLY,3027215.000000,47.000000,3027262.000000,0.000000,47.000000,1.000000,66 68-70,-1.000000,""
3304,w0,48,3027218.000000,8,64800.000000,1,COMPLETED_SUCCESSFULLY,3027218.000000,48.000000,3027266.000000,0.000000,48.000000,1.000000,71-78,-1.000000,""
3298,w0,1650,3025803.000000,4,64800.000000,1,COMPLETED_SUCCESSFULLY,3025803.000000,1650.000000,3027453.000000,0.000000,1650.000000,1.000000,61-64,-1.000000,""
3302,w0,407,3027207.000000,1,64800.000000,1,COMPLETED_SUCCESSFULLY,3027207.000000,407.000000,3027614.000000,0.000000,407.000000,1.000000,67,-1.000000,""
3306,w0,42,3027787.000000,1,7200.000000,1,COMPLETED_SUCCESSFULLY,3027787.000000,42.000000,3027829.000000,0.000000,42.000000,1.000000,61,-1.000000,""
3305,w0,794,3027221.000000,8,64800.000000,1,COMPLETED_SUCCESSFULLY,3027221.000000,794.000000,3028015.000000,0.000000,794.000000,1.000000,79-86,-1.000000,""
3308,w0,64,3027975.000000,1,7200.000000,1,COMPLETED_SUCCESSFULLY,3027975.000000,64.000000,3028039.000000,0.000000,64.000000,1.000000,65,-1.000000,""
3309,w0,72,3028133.000000,8,64800.000000,1,COMPLETED_SUCCESSFULLY,3028133.000000,72.000000,3028205.000000,0.000000,72.000000,1.000000,65-72,-1.000000,""
3307,w0,684,3027840.000000,4,7200.000000,1,COMPLETED_SUCCESSFULLY,3027840.000000,684.000000,3028524.000000,0.000000,684.000000,1.000000,61-64,-1.000000,""
3310,w0,690,3028560.000000,1,7200.000000,1,COMPLETED_SUCCESSFULLY,3028560.000000,690.000000,3029250.000000,0.000000,690.000000,1.000000,61,-1.000000,""
3311,w0,406,3029301.000000,1,7200.000000,1,COMPLETED_SUCCESSFULLY,3029301.000000,406.000000,3029707.000000,0.000000,406.000000,1.000000,61,-1.000000,""
3312,w0,28,3031037.000000,1,600.000000,1,COMPLETED_SUCCESSFULLY,3031037.000000,28.000000,3031065.000000,0.000000,28.000000,1.000000,61,-1.000000,""
3313,w0,27,3031131.000000,1,600.000000,1,COMPLETED_SUCCESSFULLY,3031131.000000,27.000000,3031158.000000,0.000000,27.000000,1.000000,61,-1.000000,""
3314,w0,50,3031176.000000,2,64800.000000,1,COMPLETED_SUCCESSFULLY,3031176.000000,50.000000,3031226.000000,0.000000,50.000000,1.000000,61-62,-1.000000,""
3317,w0,28,3031290.000000,1,20.000000,0,COMPLETED_WALLTIME_REACHED,3031290.000000,20.000000,3031310.000000,0.000000,20.000000,1.000000,62,-1.000000,""
3318,w0,27,3031515.000000,1,20.000000,0,COMPLETED_WALLTIME_REACHED,3031515.000000,20.000000,3031535.000000,0.000000,20.000000,1.000000,62,-1.000000,""
3316,w0,398,3031251.000000,1,600.000000,1,COMPLETED_SUCCESSFULLY,3031251.000000,398.000000,3031649.000000,0.000000,398.000000,1.000000,61,-1.000000,""
3324,w0,28,3031739.000000,1,600.000000,1,COMPLETED_SUCCESSFULLY,3031739.000000,28.000000,3031767.000000,0.000000,28.000000,1.000000,81,-1.000000,""
3328,w0,27,3031885.000000,1,600.000000,1,COMPLETED_SUCCESSFULLY,3031885.000000,27.000000,3031912.000000,0.000000,27.000000,1.000000,93,-1.000000,""
3325,w0,130,3031787.000000,2,14400.000000,1,COMPLETED_SUCCESSFULLY,3031787.000000,130.000000,3031917.000000,0.000000,130.000000,1.000000,81-82,-1.000000,""
3331,w0,43,3032090.000000,1,600.000000,1,COMPLETED_SUCCESSFULLY,3032090.000000,43.000000,3032133.000000,0.000000,43.000000,1.000000,103,-1.000000,""
3333,w0,57,3032280.000000,1,900.000000,1,COMPLETED_SUCCESSFULLY,3032280.000000,57.000000,3032337.000000,0.000000,57.000000,1.000000,103,-1.000000,""
3335,w0,74,3032493.000000,1,600.000000,1,COMPLETED_SUCCESSFULLY,3032493.000000,74.000000,3032567.000000,0.000000,74.000000,1.000000,119,-1.000000,""
3319,w0,1013,3031586.000000,2,64800.000000,1,COMPLETED_SUCCESSFULLY,3031586.000000,1013.000000,3032599.000000,0.000000,1013.000000,1.000000,62 73,-1.000000,""
3326,w0,937,3031861.000000,2,64800.000000,1,COMPLETED_SUCCESSFULLY,3031861.000000,937.000000,3032798.000000,0.000000,937.000000,1.000000,83-84,-1.000000,""
3336,w0,352,3032615.000000,2,600.000000,1,COMPLETED_SUCCESSFULLY,3032615.000000,352.000000,3032967.000000,0.000000,352.000000,1.000000,62 73,-1.000000,""
3334,w0,1463,3032452.000000,8,64800.000000,1,COMPLETED_SUCCESSFULLY,3032452.000000,1463.000000,3033915.000000,0.000000,1463.000000,1.000000,103 112-118,-1.000000,""
3342,w0,228,3033946.000000,32,1200.000000,1,COMPLETED_SUCCESSFULLY,3033946.000000,228.000000,3034174.000000,0.000000,228.000000,1.000000,103 112-118 123-146,-1.000000,""
3343,w0,330,3034348.000000,8,3600.000000,1,COMPLETED_SUCCESSFULLY,3034348.000000,330.000000,3034678.000000,0.000000,330.000000,1.000000,103 112-118,-1.000000,""
3344,w0,472,3034378.000000,8,3600.000000,1,COMPLETED_SUCCESSFULLY,3034378.000000,472.000000,3034850.000000,0.000000,472.000000,1.000000,123-130,-1.000000,""
3352,w0,47,3035650.000000,8,1800.000000,1,COMPLETED_SUCCESSFULLY,3035650.000000,47.000000,3035697.000000,0.000000,47.000000,1.000000,124-131,-1.000000,""
3323,w0,4036,3031726.000000,2,64800.000000,1,COMPLETED_SUCCESSFULLY,3031726.000000,4036.000000,3035762.000000,0.000000,4036.000000,1.000000,79-80,-1.000000,""
3345,w0,1116,3034760.000000,2,64800.000000,1,COMPLETED_SUCCESSFULLY,3034760.000000,1116.000000,3035876.000000,0.000000,1116.000000,1.000000,103 112,-1.000000,""
3353,w0,47,3035906.000000,8,1800.000000,1,COMPLETED_SUCCESSFULLY,3035906.000000,47.000000,3035953.000000,0.000000,47.000000,1.000000,79-80 103 112 124-127,-1.000000,""
3320,w0,4401,3031637.000000,2,64800.000000,1,COMPLETED_SUCCESSFULLY,3031637.000000,4401.000000,3036038.000000,0.000000,4401.000000,1.000000,74-75,-1.000000,""
3348,w0,688,3035353.000000,1,7200.000000,1,COMPLETED_SUCCESSFULLY,3035353.000000,688.000000,3036041.000000,0.000000,688.000000,1.000000,113,-1.000000,""
3354,w0,47,3036054.000000,8,1800.000000,1,COMPLETED_SUCCESSFULLY,3036054.000000,47.000000,3036101.000000,0.000000,47.000000,1.000000,74-75 79-80 103 112-113 124,-1.000000,""
3357,w0,157,3036603.000000,2,7200.000000,1,COMPLETED_SUCCESSFULLY,3036603.000000,157.000000,3036760.000000,0.000000,157.000000,1.000000,125-126,-1.000000,""
3359,w0,360,3036646.000000,4,1200.000000,1,COMPLETED_SUCCESSFULLY,3036646.000000,360.000000,3037006.000000,0.000000,360.000000,1.000000,131-134,-1.000000,""
3362,w0,67,3037443.000000,8,7200.000000,1,COMPLETED_SUCCESSFULLY,3037443.000000,67.000000,3037510.000000,0.000000,67.000000,1.000000,138-145,-1.000000,""
3361,w0,448,3037116.000000,7,1500.000000,1,COMPLETED_SUCCESSFULLY,3037116.000000,448.000000,3037564.000000,0.000000,448.000000,1.000000,131-137,-1.000000,""
3363,w0,47,3037677.000000,8,1800.000000,1,COMPLETED_SUCCESSFULLY,3037677.000000,47.000000,3037724.000000,0.000000,47.000000,1.000000,131-138,-1.000000,""
3364,w0,76,3037698.000000,32,3600.000000,1,COMPLETED_SUCCESSFULLY,3037698.000000,76.000000,3037774.000000,0.000000,76.000000,1.000000,139-170,-1.000000,""
3355,w0,1591,3036509.000000,4,64800.000000,1,COMPLETED_SUCCESSFULLY,3036509.000000,1591.000000,3038100.000000,0.000000,1591.000000,1.000000,74-75 79-80,-1.000000,""
3369,w0,27,3038118.000000,1,64800.000000,1,COMPLETED_SUCCESSFULLY,3038118.000000,27.000000,3038145.000000,0.000000,27.000000,1.000000,75,-1.000000,""
3262,w0,30429,3007747.000000,2,64800.000000,1,COMPLETED_SUCCESSFULLY,3007747.000000,30429.000000,3038176.000000,0.000000,30429.000000,1.000000,13 20,-1.000000,""
3371,w0,48,3038130.000000,4,64800.000000,1,COMPLETED_SUCCESSFULLY,3038130.000000,48.000000,3038178.000000,0.000000,48.000000,1.000000,80 153-155,-1.000000,""
3365,w0,532,3037725.000000,10,1800.000000,1,COMPLETED_SUCCESSFULLY,3037774.000000,532.000000,3038306.000000,49.000000,581.000000,1.092105,131-140,-1.000000,""
3366,w0,576,3037795.000000,8,1800.000000,1,COMPLETED_SUCCESSFULLY,3037795.000000,576.000000,3038371.000000,0.000000,576.000000,1.000000,141-148,-1.000000,""
3370,w0,374,3038125.000000,1,7200.000000,1,COMPLETED_SUCCESSFULLY,3038125.000000,374.000000,3038499.000000,0.000000,374.000000,1.000000,79,-1.000000,""
3321,w0,6842,3031668.000000,2,64800.000000,1,COMPLETED_SUCCESSFULLY,3031668.000000,6842.000000,3038510.000000,0.000000,6842.000000,1.000000,61 76,-1.000000,""
3322,w0,7183,3031696.000000,2,64800.000000,1,COMPLETED_SUCCESSFULLY,3031696.000000,7183.000000,3038879.000000,0.000000,7183.000000,1.000000,77-78,-1.000000,""
3376,w0,114,3038895.000000,2,7200.000000,1,COMPLETED_SUCCESSFULLY,3038895.000000,114.000000,3039009.000000,0.000000,114.000000,1.000000,77-78,-1.000000,""
3373,w0,626,3038418.000000,13,1800.000000,1,COMPLETED_SUCCESSFULLY,3038418.000000,626.000000,3039044.000000,0.000000,626.000000,1.000000,13 20 75 80 131-139,-1.000000,""
3329,w0,7213,3031891.000000,4,64800.000000,1,COMPLETED_SUCCESSFULLY,3031891.000000,7213.000000,3039104.000000,0.000000,7213.000000,1.000000,94-97,-1.000000,""
3378,w0,77,3039287.000000,8,7200.000000,1,COMPLETED_SUCCESSFULLY,3039287.000000,77.000000,3039364.000000,0.000000,77.000000,1.000000,13 20 75 77-78 80 94-95,-1.000000,""
3367,w0,1523,3037897.000000,4,1800.000000,1,COMPLETED_SUCCESSFULLY,3037897.000000,1523.000000,3039420.000000,0.000000,1523.000000,1.000000,149-152,-1.000000,""
3379,w0,542,3039350.000000,10,1800.000000,1,COMPLETED_SUCCESSFULLY,3039350.000000,542.000000,3039892.000000,0.000000,542.000000,1.000000,96-97 131-138,-1.000000,""
3356,w0,3534,3036562.000000,4,64800.000000,1,COMPLETED_SUCCESSFULLY,3036562.000000,3534.000000,3040096.000000,0.000000,3534.000000,1.000000,103 112-113 124,-1.000000,""
3340,w0,7206,3032960.000000,2,64800.000000,1,COMPLETED_SUCCESSFULLY,3032960.000000,7206.000000,3040166.000000,0.000000,7206.000000,1.000000,121-122,-1.000000,""
3341,w0,6943,3033582.000000,2,64800.000000,1,COMPLETED_SUCCESSFULLY,3033582.000000,6943.000000,3040525.000000,0.000000,6943.000000,1.000000,62 73,-1.000000,""
3380,w0,717,3039990.000000,16,2400.000000,1,COMPLETED_SUCCESSFULLY,3039990.000000,717.000000,3040707.000000,0.000000,717.000000,1.000000,13 20 75 77-78 80 94-97 131-136,-1.000000,""
3381,w0,75,3040013.000000,32,7200.000000,1,COMPLETED_SUCCESSFULLY,3040707.000000,75.000000,3040782.000000,694.000000,769.000000,10.253333,13 20 62 73 75 77-78 80 94-97 103 112-113 121-122 124 131-139 149-153,-1.000000,""
3383,w0,555,3041458.000000,32,600.000000,1,COMPLETED_SUCCESSFULLY,3041458.000000,555.000000,3042013.000000,0.000000,555.000000,1.000000,62 73 75 77-78 80 94-97 103 112-113 121-122 124 131-139 149-155,-1.000000,""
3350,w0,6817,3035381.000000,2,64800.000000,1,COMPLETED_SUCCESSFULLY,3035381.000000,6817.000000,3042198.000000,0.000000,6817.000000,1.000000,116-117,-1.000000,""
3349,w0,6936,3035378.000000,2,64800.000000,1,COMPLETED_SUCCESSFULLY,3035378.000000,6936.000000,3042314.000000,0.000000,6936.000000,1.000000,114-115,-1.000000,""
3384,w0,328,3041467.000000,32,600.000000,1,COMPLETED_SUCCESSFULLY,3042013.000000,328.000000,3042341.000000,546.000000,874.000000,2.664634,62 73 75 77-78 80 94-97 103 112-113 121-122 124 131-139 149-155,-1.000000,""
3338,w0,9589,3032950.000000,2,64800.000000,1,COMPLETED_SUCCESSFULLY,3032950.000000,9589.000000,3042539.000000,0.000000,9589.000000,1.000000,83-84,-1.000000,""
3385,w0,1090,3041474.000000,8,1800.000000,1,COMPLETED_SUCCESSFULLY,3041474.000000,1090.000000,3042564.000000,0.000000,1090.000000,1.000000,158-165,-1.000000,""
3249,w0,39301,3003301.000000,1,43200.000000,1,COMPLETED_SUCCESSFULLY,3003301.000000,39301.000000,3042602.000000,0.000000,39301.000000,1.000000,12,-1.000000,""
3247,w0,44295,2998893.000000,6,64800.000000,1,COMPLETED_SUCCESSFULLY,2998893.000000,44295.000000,3043188.000000,0.000000,44295.000000,1.000000,0-5,-1.000000,""
3390,w0,152,3043653.000000,16,28800.000000,1,COMPLETED_SUCCESSFULLY,3043653.000000,152.000000,3043805.000000,0.000000,152.000000,1.000000,0-5 84 94-97 103 112-115,-1.000000,""
3391,w0,47,3043769.000000,4,28800.000000,1,COMPLETED_SUCCESSFULLY,3043769.000000,47.000000,3043816.000000,0.000000,47.000000,1.000000,116-117 121-122,-1.000000,""
3389,w0,1182,3043122.000000,8,1800.000000,1,COMPLETED_SUCCESSFULLY,3043122.000000,1182.000000,3044304.000000,0.000000,1182.000000,1.000000,12 62 73 75 77-78 80 83,-1.000000,""
3358,w0,8136,3036629.000000,4,64800.000000,1,COMPLETED_SUCCESSFULLY,3036629.000000,8136.000000,3044765.000000,0.000000,8136.000000,1.000000,127-130,-1.000000,""
3399,w0,79,3044688.000000,15,7200.000000,1,COMPLETED_SUCCESSFULLY,3044688.000000,79.000000,3044767.000000,0.000000,79.000000,1.000000,12 62 73 75 77-78 80 83 114-117 121-122 124,-1.000000,""
3400,w0,30,3044973.000000,1,110.000000,1,COMPLETED_SUCCESSFULLY,3044973.000000,30.000000,3045003.000000,0.000000,30.000000,1.000000,12,-1.000000,""
3351,w0,10040,3035384.000000,2,64800.000000,1,COMPLETED_SUCCESSFULLY,3035384.000000,10040.000000,3045424.000000,0.000000,10040.000000,1.000000,118 123,-1.000000,""
3339,w0,13411,3032955.000000,2,64800.000000,1,COMPLETED_SUCCESSFULLY,3032955.000000,13411.000000,3046366.000000,0.000000,13411.000000,1.000000,119-120,-1.000000,""
3360,w0,9713,3037022.000000,2,64800.000000,1,COMPLETED_SUCCESSFULLY,3037022.000000,9713.000000,3046735.000000,0.000000,9713.000000,1.000000,125-126,-1.000000,""
3293,w0,21916,3025587.000000,4,64800.000000,1,COMPLETED_SUCCESSFULLY,3025587.000000,21916.000000,3047503.000000,0.000000,21916.000000,1.000000,41-44,-1.000000,""
3404,w0,71,3048111.000000,1,650.000000,1,COMPLETED_SUCCESSFULLY,3048111.000000,71.000000,3048182.000000,0.000000,71.000000,1.000000,78,-1.000000,""
3377,w0,9727,3038956.000000,2,64800.000000,1,COMPLETED_SUCCESSFULLY,3038956.000000,9727.000000,3048683.000000,0.000000,9727.000000,1.000000,147-148,-1.000000,""
3412,w0,535,3048465.000000,8,7200.000000,1,COMPLETED_SUCCESSFULLY,3048465.000000,535.000000,3049000.000000,0.000000,535.000000,1.000000,118-125,-1.000000,""
3372,w0,12050,3038144.000000,2,64800.000000,1,COMPLETED_SUCCESSFULLY,3038144.000000,12050.000000,3050194.000000,0.000000,12050.000000,1.000000,156-157,-1.000000,""
3398,w0,6779,3043859.000000,8,7200.000000,1,COMPLETED_SUCCESSFULLY,3043859.000000,6779.000000,3050638.000000,0.000000,6779.000000,1.000000,84 94-97 103 112-113,-1.000000,""
3418,w0,33,3050678.000000,1,23400.000000,1,COMPLETED_SUCCESSFULLY,3050678.000000,33.000000,3050711.000000,0.000000,33.000000,1.000000,84,-1.000000,""
3416,w0,445,3050289.000000,32,600.000000,1,COMPLETED_SUCCESSFULLY,3050289.000000,445.000000,3050734.000000,0.000000,445.000000,1.000000,121-139 147-159,-1.000000,""
3417,w0,323,3050294.000000,32,600.000000,1,COMPLETED_SUCCESSFULLY,3050734.000000,323.000000,3051057.000000,440.000000,763.000000,2.362229,84 94-97 103 112-113 121-139 147-151,-1.000000,""
3368,w0,13262,3038116.000000,1,64800.000000,1,COMPLETED_SUCCESSFULLY,3038116.000000,13262.000000,3051378.000000,0.000000,13262.000000,1.000000,74,-1.000000,""
3421,w0,65,3052022.000000,16,600.000000,1,COMPLETED_SUCCESSFULLY,3052022.000000,65.000000,3052087.000000,0.000000,65.000000,1.000000,128-139 147-150,-1.000000,""
3420,w0,80,3052017.000000,16,600.000000,1,COMPLETED_SUCCESSFULLY,3052017.000000,80.000000,3052097.000000,0.000000,80.000000,1.000000,74 84 94-97 103 112-113 121-127,-1.000000,""
3422,w0,70,3052027.000000,8,600.000000,1,COMPLETED_SUCCESSFULLY,3052027.000000,70.000000,3052097.000000,0.000000,70.000000,1.000000,151-158,-1.000000,""
3423,w0,68,3052035.000000,8,600.000000,1,COMPLETED_SUCCESSFULLY,3052035.000000,68.000000,3052103.000000,0.000000,68.000000,1.000000,159-165 170,-1.000000,""
3424,w0,403,3052065.000000,8,7200.000000,1,COMPLETED_SUCCESSFULLY,3052087.000000,403.000000,3052490.000000,22.000000,425.000000,1.054591,128-135,-1.000000,""
3248,w0,54046,2998927.000000,6,64800.000000,1,COMPLETED_SUCCESSFULLY,2998927.000000,54046.000000,3052973.000000,0.000000,54046.000000,1.000000,6-11,-1.000000,""
3403,w0,5862,3047878.000000,4,14400.000000,1,COMPLETED_SUCCESSFULLY,3047878.000000,5862.000000,3053740.000000,0.000000,5862.000000,1.000000,62 73 75 77,-1.000000,""
3402,w0,7860,3047871.000000,3,14400.000000,1,COMPLETED_SUCCESSFULLY,3047871.000000,7860.000000,3055731.000000,0.000000,7860.000000,1.000000,42-44,-1.000000,""
3427,w0,53,3055698.000000,13,1200.000000,1,COMPLETED_SUCCESSFULLY,3055698.000000,53.000000,3055751.000000,0.000000,53.000000,1.000000,74-75 77 84 94-97 103 112-113 121-122,-1.000000,""
3426,w0,531,3055665.000000,8,7200.000000,1,COMPLETED_SUCCESSFULLY,3055665.000000,531.000000,3056196.000000,0.000000,531.000000,1.000000,6-11 62 73,-1.000000,""
3413,w0,6789,3049416.000000,1,37800.000000,1,COMPLETED_SUCCESSFULLY,3049416.000000,6789.000000,3056205.000000,0.000000,6789.000000,1.000000,118,-1.000000,""
3428,w0,53,3057125.000000,10,600.000000,1,COMPLETED_SUCCESSFULLY,3057125.000000,53.000000,3057178.000000,0.000000,53.000000,1.000000,6-11 42-44 62,-1.000000,""
3296,w0,31778,3025714.000000,4,64800.000000,1,COMPLETED_SUCCESSFULLY,3025714.000000,31778.000000,3057492.000000,0.000000,31778.000000,1.000000,53-56,-1.000000,""
3429,w0,584,3057465.000000,8,7200.000000,1,COMPLETED_SUCCESSFULLY,3057465.000000,584.000000,3058049.000000,0.000000,584.000000,1.000000,6-11 42-43,-1.000000,""
3337,w0,198,3032677.000000,64,3600.000000,1,COMPLETED_SUCCESSFULLY,3058049.000000,198.000000,3058247.000000,25372.000000,25570.000000,129.141414,6-11 42-44 53-56 62 73-75 77 84 94-97 103 112-113 118 121-139 147-164,-1.000000,""
3415,w0,8954,3049480.000000,1,10800.000000,1,COMPLETED_SUCCESSFULLY,3049480.000000,8954.000000,3058434.000000,0.000000,8954.000000,1.000000,120,-1.000000,""
3346,w0,318,3035088.000000,64,600.000000,1,COMPLETED_SUCCESSFULLY,3058247.000000,318.000000,3058565.000000,23159.000000,23477.000000,73.827044,6-11 42-44 53-56 62 73-75 77 84 94-97 103 112-113 118 121-139 147-164,-1.000000,""
3347,w0,194,3035093.000000,64,600.000000,1,COMPLETED_SUCCESSFULLY,3058565.000000,194.000000,3058759.000000,23472.000000,23666.000000,121.989691,6-11 42-44 53-56 62 73-75 77 84 94-97 103 112-113 118 120-139 147-163,-1.000000,""
3382,w0,17730,3041074.000000,2,64800.000000,1,COMPLETED_SUCCESSFULLY,3041074.000000,17730.000000,3058804.000000,0.000000,17730.000000,1.000000,13 20,-1.000000,""
3419,w0,200,3051014.000000,64,3600.000000,1,COMPLETED_SUCCESSFULLY,3058759.000000,200.000000,3058959.000000,7745.000000,7945.000000,39.725000,6-11 42-44 53-56 62 73-75 77 84 94-97 103 112-113 118 120-139 147-163,-1.000000,""
3430,w0,47,3059073.000000,2,3780.000000,1,COMPLETED_SUCCESSFULLY,3059073.000000,47.000000,3059120.000000,0.000000,47.000000,1.000000,162-163,-1.000000,""
3260,w0,51770,3007514.000000,2,64800.000000,1,COMPLETED_SUCCESSFULLY,3007514.000000,51770.000000,3059284.000000,0.000000,51770.000000,1.000000,16-17,-1.000000,""
3315,w0,28490,3031201.000000,10,28800.000000,1,COMPLETED_SUCCESSFULLY,3031201.000000,28490.000000,3059691.000000,0.000000,28490.000000,1.000000,63-72,-1.000000,""
3425,w0,1021,3053047.000000,64,1800.000000,1,COMPLETED_SUCCESSFULLY,3058959.000000,1021.000000,3059980.000000,5912.000000,6933.000000,6.790402,6-11 13 20 42-44 53-56 62 73-75 77 84 94-97 103 112-113 118 120-139 147-161,-1.000000,""
3401,w0,13591,3047863.000000,2,14400.000000,1,COMPLETED_SUCCESSFULLY,3047863.000000,13591.000000,3061454.000000,0.000000,13591.000000,1.000000,12 41,-1.000000,""
3432,w0,52,3061511.000000,7,480.000000,1,COMPLETED_SUCCESSFULLY,3061511.000000,52.000000,3061563.000000,0.000000,52.000000,1.000000,12-13 16-17 20 41-42,-1.000000,""
3265,w0,53309,3008538.000000,2,64800.000000,1,COMPLETED_SUCCESSFULLY,3008538.000000,53309.000000,3061847.000000,0.000000,53309.000000,1.000000,37-38,-1.000000,""
3433,w0,53,3061933.000000,4,480.000000,1,COMPLETED_SUCCESSFULLY,3061933.000000,53.000000,3061986.000000,0.000000,53.000000,1.000000,12-13 16-17,-1.000000,""
3434,w0,52,3062086.000000,2,480.000000,1,COMPLETED_SUCCESSFULLY,3062086.000000,52.000000,3062138.000000,0.000000,52.000000,1.000000,12-13,-1.000000,""
3435,w0,31,3062212.000000,1,300.000000,1,COMPLETED_SUCCESSFULLY,3062212.000000,31.000000,3062243.000000,0.000000,31.000000,1.000000,12,-1.000000,""
3436,w0,29,3062352.000000,1,300.000000,1,COMPLETED_SUCCESSFULLY,3062352.000000,29.000000,3062381.000000,0.000000,29.000000,1.000000,12,-1.000000,""
3437,w0,27,3062517.000000,1,240.000000,1,COMPLETED_SUCCESSFULLY,3062517.000000,27.000000,3062544.000000,0.000000,27.000000,1.000000,12,-1.000000,""
3438,w0,68,3062736.000000,13,1200.000000,1,COMPLETED_SUCCESSFULLY,3062736.000000,68.000000,3062804.000000,0.000000,68.000000,1.000000,12-13 16-17 20 37-38 41-44 53-54,-1.000000,""
3291,w0,38289,3024667.000000,4,64800.000000,1,COMPLETED_SUCCESSFULLY,3024667.000000,38289.000000,3062956.000000,0.000000,38289.000000,1.000000,31-34,-1.000000,""
3439,w0,69,3064444.000000,16,1200.000000,1,COMPLETED_SUCCESSFULLY,3064444.000000,69.000000,3064513.000000,0.000000,69.000000,1.000000,12-13 16-17 20 31-34 37-38 41-44 53,-1.000000,""
3332,w0,32994,3032114.000000,8,64800.000000,1,COMPLETED_SUCCESSFULLY,3032114.000000,32994.000000,3065108.000000,0.000000,32994.000000,1.000000,104-111,-1.000000,""
3440,w0,591,3065006.000000,2,14400.000000,1,COMPLETED_SUCCESSFULLY,3065006.000000,591.000000,3065597.000000,0.000000,591.000000,1.000000,12-13,-1.000000,""
3267,w0,57345,3008723.000000,2,64800.000000,1,COMPLETED_SUCCESSFULLY,3008723.000000,57345.000000,3066068.000000,0.000000,57345.000000,1.000000,23-24,-1.000000,""
3330,w0,36307,3032025.000000,8,64800.000000,1,COMPLETED_SUCCESSFULLY,3032025.000000,36307.000000,3068332.000000,0.000000,36307.000000,1.000000,81-82 93 98-102,-1.000000,""
3327,w0,36514,3031874.000000,8,64800.000000,1,COMPLETED_SUCCESSFULLY,3031874.000000,36514.000000,3068388.000000,0.000000,36514.000000,1.000000,85-92,-1.000000,""
3441,w0,169,3068536.000000,1,600.000000,1,COMPLETED_SUCCESSFULLY,3068536.000000,169.000000,3068705.000000,0.000000,169.000000,1.000000,12,-1.000000,""
3442,w0,167,3069292.000000,1,600.000000,1,COMPLETED_SUCCESSFULLY,3069292.000000,167.000000,3069459.000000,0.000000,167.000000,1.000000,12,-1.000000,""
3443,w0,65,3070598.000000,16,25200.000000,1,COMPLETED_SUCCESSFULLY,3070598.000000,65.000000,3070663.000000,0.000000,65.000000,1.000000,12-13 16-17 20 23-24 31-34 37-38 41-43,-1.000000,""
3297,w0,49558,3025760.000000,4,64800.000000,1,COMPLETED_SUCCESSFULLY,3025760.000000,49558.000000,3075318.000000,0.000000,49558.000000,1.000000,57-60,-1.000000,""
3388,w0,40324,3041674.000000,2,64800.000000,1,COMPLETED_SUCCESSFULLY,3041674.000000,40324.000000,3081998.000000,0.000000,40324.000000,1.000000,168-169,-1.000000,""
3414,w0,36567,3049439.000000,1,37800.000000,1,COMPLETED_SUCCESSFULLY,3049439.000000,36567.000000,3086006.000000,0.000000,36567.000000,1.000000,119,-1.000000,""
3288,w0,61681,3024583.000000,4,64800.000000,1,COMPLETED_SUCCESSFULLY,3024583.000000,61681.000000,3086264.000000,0.000000,61681.000000,1.000000,14-15 18-19,-1.000000,""
3289,w0,61688,3024605.000000,4,64800.000000,1,COMPLETED_SUCCESSFULLY,3024605.000000,61688.000000,3086293.000000,0.000000,61688.000000,1.000000,21-22 25-26,-1.000000,""
3290,w0,61703,3024618.000000,4,64800.000000,1,COMPLETED_SUCCESSFULLY,3024618.000000,61703.000000,3086321.000000,0.000000,61703.000000,1.000000,27-30,-1.000000,""
3292,w0,61690,3024686.000000,4,64800.000000,1,COMPLETED_SUCCESSFULLY,3024686.000000,61690.000000,3086376.000000,0.000000,61690.000000,1.000000,35-36 39-40,-1.000000,""
3386,w0,295,3041475.000000,128,600.000000,1,COMPLETED_SUCCESSFULLY,3086376.000000,295.000000,3086671.000000,44901.000000,45196.000000,153.206780,14-15 18-44 53-60 62-75 77 81-82 84-113 118-139 147-165 168-170,-1.000000,""
3411,w0,38830,3048281.000000,1,43200.000000,1,COMPLETED_SUCCESSFULLY,3048281.000000,38830.000000,3087111.000000,0.000000,38830.000000,1.000000,78,-1.000000,""
3294,w0,61548,3025617.000000,4,64800.000000,1,COMPLETED_SUCCESSFULLY,3025617.000000,61548.000000,3087165.000000,0.000000,61548.000000,1.000000,45-48,-1.000000,""
3295,w0,61611,3025661.000000,4,64800.000000,1,COMPLETED_SUCCESSFULLY,3025661.000000,61611.000000,3087272.000000,0.000000,61611.000000,1.000000,49-52,-1.000000,""
3374,w0,360,3038490.000000,129,1800.000000,1,COMPLETED_SUCCESSFULLY,3087111.000000,360.000000,3087471.000000,48621.000000,48981.000000,136.058333,14-15 18-44 53-60 62-75 77-78 81-82 84-113 118-139 147-165 168-170,-1.000000,""
3387,w0,46385,3041618.000000,2,64800.000000,1,COMPLETED_SUCCESSFULLY,3041618.000000,46385.000000,3088003.000000,0.000000,46385.000000,1.000000,166-167,-1.000000,""
3392,w0,47006,3043850.000000,1,50400.000000,1,COMPLETED_SUCCESSFULLY,3043850.000000,47006.000000,3090856.000000,0.000000,47006.000000,1.000000,0,-1.000000,""
3396,w0,47202,3043850.000000,1,50400.000000,1,COMPLETED_SUCCESSFULLY,3043850.000000,47202.000000,3091052.000000,0.000000,47202.000000,1.000000,4,-1.000000,""
3449,w0,49,3091232.000000,2,3780.000000,1,COMPLETED_SUCCESSFULLY,3091232.000000,49.000000,3091281.000000,0.000000,49.000000,1.000000,0 4,-1.000000,""
3394,w0,47479,3043850.000000,1,50400.000000,1,COMPLETED_SUCCESSFULLY,3043850.000000,47479.000000,3091329.000000,0.000000,47479.000000,1.000000,2,-1.000000,""
3450,w0,435,3091306.000000,1,900.000000,1,COMPLETED_SUCCESSFULLY,3091306.000000,435.000000,3091741.000000,0.000000,435.000000,1.000000,0,-1.000000,""
3393,w0,47948,3043850.000000,1,50400.000000,1,COMPLETED_SUCCESSFULLY,3043850.000000,47948.000000,3091798.000000,0.000000,47948.000000,1.000000,1,-1.000000,""
3451,w0,447,3091568.000000,64,600.000000,1,COMPLETED_SUCCESSFULLY,3091568.000000,447.000000,3092015.000000,0.000000,447.000000,1.000000,2 4 32-60 62-75 77-78 81-82 84-98,-1.000000,""
3397,w0,48349,3043850.000000,1,50400.000000,1,COMPLETED_SUCCESSFULLY,3043850.000000,48349.000000,3092199.000000,0.000000,48349.000000,1.000000,5,-1.000000,""
3395,w0,48444,3043850.000000,1,50400.000000,1,COMPLETED_SUCCESSFULLY,3043850.000000,48444.000000,3092294.000000,0.000000,48444.000000,1.000000,3,-1.000000,""
3454,w0,370,3091946.000000,1,900.000000,1,COMPLETED_SUCCESSFULLY,3091946.000000,370.000000,3092316.000000,0.000000,370.000000,1.000000,101,-1.000000,""
3452,w0,331,3091575.000000,64,600.000000,1,COMPLETED_SUCCESSFULLY,3092015.000000,331.000000,3092346.000000,440.000000,771.000000,2.329305,2 4 32-60 62-75 77-78 81-82 84-98,-1.000000,""
3458,w0,426,3092304.000000,32,600.000000,1,COMPLETED_SUCCESSFULLY,3092346.000000,426.000000,3092772.000000,42.000000,468.000000,1.098592,2 4 32-60 62,-1.000000,""
3457,w0,575,3092300.000000,32,600.000000,1,COMPLETED_SUCCESSFULLY,3092300.000000,575.000000,3092875.000000,0.000000,575.000000,1.000000,3 5 107-113 118-139 147,-1.000000,""
3410,w0,47309,3048161.000000,1,50400.000000,1,COMPLETED_SUCCESSFULLY,3048161.000000,47309.000000,3095470.000000,0.000000,47309.000000,1.000000,117,-1.000000,""
3408,w0,47412,3048161.000000,1,50400.000000,1,COMPLETED_SUCCESSFULLY,3048161.000000,47412.000000,3095573.000000,0.000000,47412.000000,1.000000,115,-1.000000,""
3405,w0,47789,3048161.000000,1,50400.000000,1,COMPLETED_SUCCESSFULLY,3048161.000000,47789.000000,3095950.000000,0.000000,47789.000000,1.000000,80,-1.000000,""
3407,w0,47921,3048161.000000,1,50400.000000,1,COMPLETED_SUCCESSFULLY,3048161.000000,47921.000000,3096082.000000,0.000000,47921.000000,1.000000,114,-1.000000,""
3409,w0,47966,3048161.000000,1,50400.000000,1,COMPLETED_SUCCESSFULLY,3048161.000000,47966.000000,3096127.000000,0.000000,47966.000000,1.000000,116,-1.000000,""
3406,w0,48095,3048161.000000,1,50400.000000,1,COMPLETED_SUCCESSFULLY,3048161.000000,48095.000000,3096256.000000,0.000000,48095.000000,1.000000,83,-1.000000,""
3463,w0,2156,3095849.000000,1,23400.000000,1,COMPLETED_SUCCESSFULLY,3095849.000000,2156.000000,3098005.000000,0.000000,2156.000000,1.000000,4,-1.000000,""
3462,w0,2385,3095776.000000,1,23400.000000,1,COMPLETED_SUCCESSFULLY,3095776.000000,2385.000000,3098161.000000,0.000000,2385.000000,1.000000,3,-1.000000,""
3469,w0,378,3098414.000000,1,600.000000,1,COMPLETED_SUCCESSFULLY,3098414.000000,378.000000,3098792.000000,0.000000,378.000000,1.000000,3,-1.000000,""
3470,w0,57,3099205.000000,1,600.000000,1,COMPLETED_SUCCESSFULLY,3099205.000000,57.000000,3099262.000000,0.000000,57.000000,1.000000,3,-1.000000,""
3471,w0,73,3099354.000000,1,600.000000,1,COMPLETED_SUCCESSFULLY,3099354.000000,73.000000,3099427.000000,0.000000,73.000000,1.000000,3,-1.000000,""
3473,w0,311,3100041.000000,2,600.000000,1,COMPLETED_SUCCESSFULLY,3100041.000000,311.000000,3100352.000000,0.000000,311.000000,1.000000,53-54,-1.000000,""
3475,w0,72,3100649.000000,1,600.000000,1,COMPLETED_SUCCESSFULLY,3100649.000000,72.000000,3100721.000000,0.000000,72.000000,1.000000,53,-1.000000,""
3375,w0,62282,3038672.000000,10,64800.000000,1,COMPLETED_SUCCESSFULLY,3038672.000000,62282.000000,3100954.000000,0.000000,62282.000000,1.000000,61 76 79 140-146,-1.000000,""
3466,w0,3874,3097448.000000,4,14400.000000,1,COMPLETED_SUCCESSFULLY,3097448.000000,3874.000000,3101322.000000,0.000000,3874.000000,1.000000,36-39,-1.000000,""
3474,w0,1237,3100352.000000,1,1250.000000,1,COMPLETED_SUCCESSFULLY,3100352.000000,1237.000000,3101589.000000,0.000000,1237.000000,1.000000,55,-1.000000,""
3467,w0,4357,3097549.000000,6,14400.000000,1,COMPLETED_SUCCESSFULLY,3097549.000000,4357.000000,3101906.000000,0.000000,4357.000000,1.000000,40-45,-1.000000,""
3476,w0,229,3102087.000000,2,600.000000,1,COMPLETED_SUCCESSFULLY,3102087.000000,229.000000,3102316.000000,0.000000,229.000000,1.000000,36-37,-1.000000,""
3465,w0,5141,3097439.000000,3,14400.000000,1,COMPLETED_SUCCESSFULLY,3097439.000000,5141.000000,3102580.000000,0.000000,5141.000000,1.000000,33-35,-1.000000,""
3477,w0,73,3102939.000000,1,600.000000,1,COMPLETED_SUCCESSFULLY,3102939.000000,73.000000,3103012.000000,0.000000,73.000000,1.000000,33,-1.000000,""
3464,w0,7428,3097429.000000,2,14400.000000,1,COMPLETED_SUCCESSFULLY,3097429.000000,7428.000000,3104857.000000,0.000000,7428.000000,1.000000,5 32,-1.000000,""
3479,w0,314,3104719.000000,32,600.000000,1,COMPLETED_SUCCESSFULLY,3104719.000000,314.000000,3105033.000000,0.000000,314.000000,1.000000,80-98 101 107-118,-1.000000,""
3478,w0,434,3104687.000000,32,600.000000,1,COMPLETED_SUCCESSFULLY,3104687.000000,434.000000,3105121.000000,0.000000,434.000000,1.000000,33-45 53-62 71-79,-1.000000,""
3481,w0,728,3105259.000000,1,23400.000000,1,COMPLETED_SUCCESSFULLY,3105259.000000,728.000000,3105987.000000,0.000000,728.000000,1.000000,5,-1.000000,""
3482,w0,61,3106804.000000,16,1200.000000,1,COMPLETED_SUCCESSFULLY,3106804.000000,61.000000,3106865.000000,0.000000,61.000000,1.000000,5 32-45 53,-1.000000,""
3472,w0,7064,3099824.000000,8,7200.000000,1,COMPLETED_SUCCESSFULLY,3099824.000000,7064.000000,3106888.000000,0.000000,7064.000000,1.000000,3-4 47-52,-1.000000,""
3483,w0,371,3107219.000000,1,600.000000,1,COMPLETED_SUCCESSFULLY,3107219.000000,371.000000,3107590.000000,0.000000,371.000000,1.000000,3,-1.000000,""
3484,w0,73,3107705.000000,1,600.000000,1,COMPLETED_SUCCESSFULLY,3107705.000000,73.000000,3107778.000000,0.000000,73.000000,1.000000,3,-1.000000,""
3485,w0,754,3109343.000000,8,3600.000000,1,COMPLETED_SUCCESSFULLY,3109343.000000,754.000000,3110097.000000,0.000000,754.000000,1.000000,3-5 32-36,-1.000000,""
3487,w0,29,3111594.000000,1,600.000000,1,COMPLETED_SUCCESSFULLY,3111594.000000,29.000000,3111623.000000,0.000000,29.000000,1.000000,37,-1.000000,""
3486,w0,49,3111589.000000,8,28800.000000,1,COMPLETED_SUCCESSFULLY,3111589.000000,49.000000,3111638.000000,0.000000,49.000000,1.000000,3-5 32-36,-1.000000,""
3468,w0,14482,3097580.000000,1,28800.000000,1,COMPLETED_SUCCESSFULLY,3097580.000000,14482.000000,3112062.000000,0.000000,14482.000000,1.000000,46,-1.000000,""
3488,w0,141,3111990.000000,1,900.000000,1,COMPLETED_SUCCESSFULLY,3111990.000000,141.000000,3112131.000000,0.000000,141.000000,1.000000,3,-1.000000,""
3490,w0,47,3112316.000000,4,18360.000000,1,COMPLETED_SUCCESSFULLY,3112316.000000,47.000000,3112363.000000,0.000000,47.000000,1.000000,4-5 32-33,-1.000000,""
3461,w0,17038,3095671.000000,1,23400.000000,1,COMPLETED_SUCCESSFULLY,3095671.000000,17038.000000,3112709.000000,0.000000,17038.000000,1.000000,2,-1.000000,""
3492,w0,105,3113120.000000,32,2400.000000,1,COMPLETED_SUCCESSFULLY,3113120.000000,105.000000,3113225.000000,0.000000,105.000000,1.000000,2 5 32-61,-1.000000,""
3491,w0,1265,3112593.000000,1,1800.000000,1,COMPLETED_SUCCESSFULLY,3112593.000000,1265.000000,3113858.000000,0.000000,1265.000000,1.000000,4,-1.000000,""
3494,w0,603,3113436.000000,32,2400.000000,1,COMPLETED_SUCCESSFULLY,3113436.000000,603.000000,3114039.000000,0.000000,603.000000,1.000000,5 32-62,-1.000000,""
3496,w0,56,3114379.000000,1,1200.000000,1,COMPLETED_SUCCESSFULLY,3114379.000000,56.000000,3114435.000000,0.000000,56.000000,1.000000,45,-1.000000,""
3493,w0,1233,3113404.000000,1,1250.000000,1,COMPLETED_SUCCESSFULLY,3113404.000000,1233.000000,3114637.000000,0.000000,1233.000000,1.000000,2,-1.000000,""
3431,w0,54373,3060327.000000,6,64800.000000,1,COMPLETED_SUCCESSFULLY,3060327.000000,54373.000000,3114700.000000,0.000000,54373.000000,1.000000,6-11,-1.000000,""
3497,w0,127,3115283.000000,2,1200.000000,1,COMPLETED_SUCCESSFULLY,3115283.000000,127.000000,3115410.000000,0.000000,127.000000,1.000000,2 6,-1.000000,""
3498,w0,31,3115461.000000,1,1800.000000,1,COMPLETED_SUCCESSFULLY,3115461.000000,31.000000,3115492.000000,0.000000,31.000000,1.000000,2,-1.000000,""
3500,w0,65,3115701.000000,16,25200.000000,1,COMPLETED_SUCCESSFULLY,3115701.000000,65.000000,3115766.000000,0.000000,65.000000,1.000000,6-11 45-54,-1.000000,""
3499,w0,220,3115661.000000,1,900.000000,1,COMPLETED_SUCCESSFULLY,3115661.000000,220.000000,3115881.000000,0.000000,220.000000,1.000000,2,-1.000000,""
3502,w0,204,3116044.000000,1,600.000000,1,COMPLETED_SUCCESSFULLY,3116044.000000,204.000000,3116248.000000,0.000000,204.000000,1.000000,50,-1.000000,""
3505,w0,62,3117047.000000,4,11160.000000,1,COMPLETED_SUCCESSFULLY,3117047.000000,62.000000,3117109.000000,0.000000,62.000000,1.000000,61-62 71-72,-1.000000,""
3503,w0,1030,3116436.000000,1,1800.000000,1,COMPLETED_SUCCESSFULLY,3116436.000000,1030.000000,3117466.000000,0.000000,1030.000000,1.000000,50,-1.000000,""
3508,w0,28,3117469.000000,1,23400.000000,1,COMPLETED_SUCCESSFULLY,3117469.000000,28.000000,3117497.000000,0.000000,28.000000,1.000000,50,-1.000000,""
3455,w0,25491,3092015.000000,4,64800.000000,1,COMPLETED_SUCCESSFULLY,3092015.000000,25491.000000,3117506.000000,0.000000,25491.000000,1.000000,102-105,-1.000000,""
3506,w0,681,3117141.000000,43,900.000000,1,COMPLETED_SUCCESSFULLY,3117141.000000,681.000000,3117822.000000,0.000000,681.000000,1.000000,61-62 71-98 101 107-118,-1.000000,""
3510,w0,216,3117646.000000,2,1200.000000,1,COMPLETED_SUCCESSFULLY,3117646.000000,216.000000,3117862.000000,0.000000,216.000000,1.000000,102-103,-1.000000,""
3507,w0,793,3117465.000000,8,3600.000000,1,COMPLETED_SUCCESSFULLY,3117465.000000,793.000000,3118258.000000,0.000000,793.000000,1.000000,119-126,-1.000000,""
3444,w0,34280,3084160.000000,1,43200.000000,1,COMPLETED_SUCCESSFULLY,3084160.000000,34280.000000,3118440.000000,0.000000,34280.000000,1.000000,12,-1.000000,""
3512,w0,209,3118803.000000,1,600.000000,1,COMPLETED_SUCCESSFULLY,3118803.000000,209.000000,3119012.000000,0.000000,209.000000,1.000000,12,-1.000000,""
3495,w0,5878,3114219.000000,15,7200.000000,1,COMPLETED_SUCCESSFULLY,3114219.000000,5878.000000,3120097.000000,0.000000,5878.000000,1.000000,4-5 32-44,-1.000000,""
3501,w0,4414,3115952.000000,12,10800.000000,1,COMPLETED_SUCCESSFULLY,3115952.000000,4414.000000,3120366.000000,0.000000,4414.000000,1.000000,2 6-11 45-49,-1.000000,""
3446,w0,36057,3084329.000000,1,43200.000000,1,COMPLETED_SUCCESSFULLY,3084329.000000,36057.000000,3120386.000000,0.000000,36057.000000,1.000000,16,-1.000000,""
3514,w0,1154,3119529.000000,32,2400.000000,1,COMPLETED_SUCCESSFULLY,3119529.000000,1154.000000,3120683.000000,0.000000,1154.000000,1.000000,139-170,-1.000000,""
3515,w0,325,3119954.000000,32,600.000000,1,COMPLETED_SUCCESSFULLY,3120683.000000,325.000000,3121008.000000,729.000000,1054.000000,3.243077,2 4-11 16 32-49 139-142,-1.000000,""
3513,w0,2044,3119407.000000,64,7200.000000,1,COMPLETED_SUCCESSFULLY,3119407.000000,2044.000000,3121451.000000,0.000000,2044.000000,1.000000,12 73-98 101-105 107-138,-1.000000,""
3517,w0,312,3121575.000000,64,600.000000,1,COMPLETED_SUCCESSFULLY,3121575.000000,312.000000,3121887.000000,0.000000,312.000000,1.000000,2 4-12 16 32-49 73-98 101-105 107-110,-1.000000,""
3518,w0,218,3121916.000000,32,7200.000000,1,COMPLETED_SUCCESSFULLY,3121916.000000,218.000000,3122134.000000,0.000000,218.000000,1.000000,2 4-12 16 32-49 73-75,-1.000000,""
3519,w0,57,3122180.000000,10,3000.000000,1,COMPLETED_SUCCESSFULLY,3122180.000000,57.000000,3122237.000000,0.000000,57.000000,1.000000,2 4-12,-1.000000,""
3527,w0,61,3122480.000000,10,3000.000000,1,COMPLETED_SUCCESSFULLY,3122480.000000,61.000000,3122541.000000,0.000000,61.000000,1.000000,44-49 73-76,-1.000000,""
3526,w0,423,3122476.000000,3,2400.000000,1,COMPLETED_SUCCESSFULLY,3122476.000000,423.000000,3122899.000000,0.000000,423.000000,1.000000,41-43,-1.000000,""
3445,w0,38713,3084230.000000,1,43200.000000,1,COMPLETED_SUCCESSFULLY,3084230.000000,38713.000000,3122943.000000,0.000000,38713.000000,1.000000,13,-1.000000,""
3520,w0,994,3122180.000000,1,1800.000000,1,COMPLETED_SUCCESSFULLY,3122180.000000,994.000000,3123174.000000,0.000000,994.000000,1.000000,16,-1.000000,""
3525,w0,782,3122447.000000,2,2400.000000,1,COMPLETED_SUCCESSFULLY,3122447.000000,782.000000,3123229.000000,0.000000,782.000000,1.000000,39-40,-1.000000,""
3524,w0,1037,3122407.000000,1,2400.000000,1,COMPLETED_SUCCESSFULLY,3122407.000000,1037.000000,3123444.000000,0.000000,1037.000000,1.000000,38,-1.000000,""
3509,w0,6280,3117588.000000,1,23400.000000,1,COMPLETED_SUCCESSFULLY,3117588.000000,6280.000000,3123868.000000,0.000000,6280.000000,1.000000,50,-1.000000,""
3529,w0,622,3123965.000000,4,2400.000000,1,COMPLETED_SUCCESSFULLY,3123965.000000,622.000000,3124587.000000,0.000000,622.000000,1.000000,13 16 38-39,-1.000000,""
3522,w0,2888,3122336.000000,4,64800.000000,1,COMPLETED_SUCCESSFULLY,3122336.000000,2888.000000,3125224.000000,0.000000,2888.000000,1.000000,11-12 32-33,-1.000000,""
3448,w0,35374,3089911.000000,16,63000.000000,1,COMPLETED_SUCCESSFULLY,3089911.000000,35374.000000,3125285.000000,0.000000,35374.000000,1.000000,14-15 18-31,-1.000000,""
3528,w0,292,3123900.000000,128,600.000000,1,COMPLETED_SUCCESSFULLY,3125285.000000,292.000000,3125577.000000,1385.000000,1677.000000,5.743151,11-16 18-33 38-50 73-98 101-105 107-142 145-170,-1.000000,""
3530,w0,607,3125332.000000,5,900.000000,1,COMPLETED_SUCCESSFULLY,3125577.000000,607.000000,3126184.000000,245.000000,852.000000,1.403624,11-15,-1.000000,""
3532,w0,328,3126013.000000,6,900.000000,1,COMPLETED_SUCCESSFULLY,3126013.000000,328.000000,3126341.000000,0.000000,328.000000,1.000000,25-30,-1.000000,""
3533,w0,56,3126340.000000,2,600.000000,1,COMPLETED_SUCCESSFULLY,3126340.000000,56.000000,3126396.000000,0.000000,56.000000,1.000000,11-12,-1.000000,""
3447,w0,42209,3084373.000000,1,43200.000000,1,COMPLETED_SUCCESSFULLY,3084373.000000,42209.000000,3126582.000000,0.000000,42209.000000,1.000000,17,-1.000000,""
3489,w0,14652,3112237.000000,1,28800.000000,1,COMPLETED_SUCCESSFULLY,3112237.000000,14652.000000,3126889.000000,0.000000,14652.000000,1.000000,3,-1.000000,""
3511,w0,8893,3118108.000000,4,21960.000000,1,COMPLETED_SUCCESSFULLY,3118108.000000,8893.000000,3127001.000000,0.000000,8893.000000,1.000000,61-62 71-72,-1.000000,""
3531,w0,1832,3125515.000000,8,3600.000000,1,COMPLETED_SUCCESSFULLY,3125577.000000,1832.000000,3127409.000000,62.000000,1894.000000,1.033843,16 18-24,-1.000000,""
3521,w0,5315,3122265.000000,8,7200.000000,1,COMPLETED_SUCCESSFULLY,3122265.000000,5315.000000,3127580.000000,0.000000,5315.000000,1.000000,2 4-10,-1.000000,""
3480,w0,525,3105045.000000,129,1800.000000,1,COMPLETED_SUCCESSFULLY,3127409.000000,525.000000,3127934.000000,22364.000000,22889.000000,43.598095,3 12-33 38-50 61-62 71-98 101-105 107-142 145-166,-1.000000,""
3534,w0,1224,3126825.000000,1,1250.000000,1,COMPLETED_SUCCESSFULLY,3126825.000000,1224.000000,3128049.000000,0.000000,1224.000000,1.000000,11,-1.000000,""
3516,w0,7429,3120756.000000,2,18300.000000,1,COMPLETED_SUCCESSFULLY,3120756.000000,7429.000000,3128185.000000,0.000000,7429.000000,1.000000,143-144,-1.000000,""
3523,w0,6290,3122340.000000,4,64800.000000,1,COMPLETED_SUCCESSFULLY,3122340.000000,6290.000000,3128630.000000,0.000000,6290.000000,1.000000,34-37,-1.000000,""
3536,w0,47,3129345.000000,4,7200.000000,1,COMPLETED_SUCCESSFULLY,3129345.000000,47.000000,3129392.000000,0.000000,47.000000,1.000000,3-6,-1.000000,""
3539,w0,63,3129975.000000,4,7200.000000,1,COMPLETED_SUCCESSFULLY,3129975.000000,63.000000,3130038.000000,0.000000,63.000000,1.000000,6-9,-1.000000,""
3538,w0,91,3129972.000000,2,120.000000,1,COMPLETED_SUCCESSFULLY,3129972.000000,91.000000,3130063.000000,0.000000,91.000000,1.000000,4-5,-1.000000,""
3537,w0,376,3129755.000000,1,14400.000000,1,COMPLETED_SUCCESSFULLY,3129755.000000,376.000000,3130131.000000,0.000000,376.000000,1.000000,3,-1.000000,""
3541,w0,62,3130760.000000,4,7200.000000,1,COMPLETED_SUCCESSFULLY,3130760.000000,62.000000,3130822.000000,0.000000,62.000000,1.000000,35-38,-1.000000,""
3456,w0,38795,3092068.000000,1,43200.000000,1,COMPLETED_SUCCESSFULLY,3092068.000000,38795.000000,3130863.000000,0.000000,38795.000000,1.000000,106,-1.000000,""
3542,w0,81,3130998.000000,2,120.000000,1,COMPLETED_SUCCESSFULLY,3130998.000000,81.000000,3131079.000000,0.000000,81.000000,1.000000,35-36,-1.000000,""
3540,w0,443,3130645.000000,32,600.000000,1,COMPLETED_SUCCESSFULLY,3130645.000000,443.000000,3131088.000000,0.000000,443.000000,1.000000,3-34,-1.000000,""
3543,w0,58,3131678.000000,1,1250.000000,1,COMPLETED_SUCCESSFULLY,3131678.000000,58.000000,3131736.000000,0.000000,58.000000,1.000000,3,-1.000000,""
3545,w0,256,3134617.000000,32,2400.000000,1,COMPLETED_SUCCESSFULLY,3134617.000000,256.000000,3134873.000000,0.000000,256.000000,1.000000,18-49,-1.000000,""
3544,w0,1601,3133285.000000,15,3600.000000,1,COMPLETED_SUCCESSFULLY,3133285.000000,1601.000000,3134886.000000,0.000000,1601.000000,1.000000,3-17,-1.000000,""
3546,w0,81,3135314.000000,2,21900.000000,1,COMPLETED_SUCCESSFULLY,3135314.000000,81.000000,3135395.000000,0.000000,81.000000,1.000000,3-4,-1.000000,""
3548,w0,643,3135952.000000,120,3600.000000,1,COMPLETED_SUCCESSFULLY,3135952.000000,643.000000,3136595.000000,0.000000,643.000000,1.000000,15-50 61-62 71-98 101-154,-1.000000,""
3553,w0,75,3137079.000000,2,21900.000000,1,COMPLETED_SUCCESSFULLY,3137079.000000,75.000000,3137154.000000,0.000000,75.000000,1.000000,19-20,-1.000000,""
3554,w0,59,3137274.000000,2,21900.000000,1,COMPLETED_SUCCESSFULLY,3137274.000000,59.000000,3137333.000000,0.000000,59.000000,1.000000,19-20,-1.000000,""
3547,w0,4333,3135484.000000,12,10800.000000,1,COMPLETED_SUCCESSFULLY,3135484.000000,4333.000000,3139817.000000,0.000000,4333.000000,1.000000,3-14,-1.000000,""
3559,w0,436,3139618.000000,2,600.000000,1,COMPLETED_SUCCESSFULLY,3139618.000000,436.000000,3140054.000000,0.000000,436.000000,1.000000,37-38,-1.000000,""
3555,w0,2601,3138520.000000,1,23400.000000,1,COMPLETED_SUCCESSFULLY,3138520.000000,2601.000000,3141121.000000,0.000000,2601.000000,1.000000,19,-1.000000,""
3563,w0,436,3142949.000000,12,7200.000000,1,COMPLETED_SUCCESSFULLY,3142949.000000,436.000000,3143385.000000,0.000000,436.000000,1.000000,5-14 19 37,-1.000000,""
3565,w0,124,3143294.000000,16,1200.000000,1,COMPLETED_SUCCESSFULLY,3143294.000000,124.000000,3143418.000000,0.000000,124.000000,1.000000,61-62 71-84,-1.000000,""
3564,w0,179,3143245.000000,12,1200.000000,1,COMPLETED_SUCCESSFULLY,3143245.000000,179.000000,3143424.000000,0.000000,179.000000,1.000000,38 40-50,-1.000000,""
3557,w0,4982,3138637.000000,1,23400.000000,1,COMPLETED_SUCCESSFULLY,3138637.000000,4982.000000,3143619.000000,0.000000,4982.000000,1.000000,28,-1.000000,""
3566,w0,567,3144202.000000,16,1200.000000,1,COMPLETED_SUCCESSFULLY,3144202.000000,567.000000,3144769.000000,0.000000,567.000000,1.000000,5-14 19 28 37-38 40-41,-1.000000,""
3567,w0,1211,3144252.000000,12,1200.000000,0,COMPLETED_WALLTIME_REACHED,3144252.000000,1200.000000,3145452.000000,0.000000,1200.000000,1.000000,42-50 61-62 71,-1.000000,""
3568,w0,1333,3144386.000000,12,7200.000000,1,COMPLETED_SUCCESSFULLY,3144386.000000,1333.000000,3145719.000000,0.000000,1333.000000,1.000000,72-83,-1.000000,""
3570,w0,662,3149249.000000,43,900.000000,1,COMPLETED_SUCCESSFULLY,3149249.000000,662.000000,3149911.000000,0.000000,662.000000,1.000000,13-14 19 28 37-38 40-50 61-62 71-94,-1.000000,""
3558,w0,12619,3139431.000000,8,64800.000000,1,COMPLETED_SUCCESSFULLY,3139431.000000,12619.000000,3152050.000000,0.000000,12619.000000,1.000000,29-36,-1.000000,""
3562,w0,14497,3140087.000000,1,28800.000000,1,COMPLETED_SUCCESSFULLY,3140087.000000,14497.000000,3154584.000000,0.000000,14497.000000,1.000000,4,-1.000000,""
3561,w0,14529,3140079.000000,1,28800.000000,1,COMPLETED_SUCCESSFULLY,3140079.000000,14529.000000,3154608.000000,0.000000,14529.000000,1.000000,3,-1.000000,""
3459,w0,62779,3092376.000000,4,64800.000000,1,COMPLETED_SUCCESSFULLY,3092376.000000,62779.000000,3155155.000000,0.000000,62779.000000,1.000000,63-66,-1.000000,""
3453,w0,63961,3091811.000000,4,64800.000000,1,COMPLETED_SUCCESSFULLY,3091811.000000,63961.000000,3155772.000000,0.000000,63961.000000,1.000000,0-1 99-100,-1.000000,""
3460,w0,63521,3092632.000000,4,64800.000000,1,COMPLETED_SUCCESSFULLY,3092632.000000,63521.000000,3156153.000000,0.000000,63521.000000,1.000000,67-70,-1.000000,""
3560,w0,17105,3139640.000000,1,23400.000000,1,COMPLETED_SUCCESSFULLY,3139640.000000,17105.000000,3156745.000000,0.000000,17105.000000,1.000000,39,-1.000000,""
3535,w0,38478,3127909.000000,1,43200.000000,1,COMPLETED_SUCCESSFULLY,3127909.000000,38478.000000,3166387.000000,0.000000,38478.000000,1.000000,2,-1.000000,""
3614,w0,1139,3169991.000000,1,1800.000000,1,COMPLETED_SUCCESSFULLY,3169991.000000,1139.000000,3171130.000000,0.000000,1139.000000,1.000000,0,-1.000000,""
3552,w0,34408,3136899.000000,1,43200.000000,1,COMPLETED_SUCCESSFULLY,3136899.000000,34408.000000,3171307.000000,0.000000,34408.000000,1.000000,18,-1.000000,""
3615,w0,316,3172379.000000,64,600.000000,1,COMPLETED_SUCCESSFULLY,3172379.000000,316.000000,3172695.000000,0.000000,316.000000,1.000000,0-4 18 29-36 39 63-70 95-135,-1.000000,""
3550,w0,36000,3136817.000000,1,43200.000000,1,COMPLETED_SUCCESSFULLY,3136817.000000,36000.000000,3172817.000000,0.000000,36000.000000,1.000000,16,-1.000000,""
3616,w0,209,3172386.000000,64,600.000000,1,COMPLETED_SUCCESSFULLY,3172695.000000,209.000000,3172904.000000,309.000000,518.000000,2.478469,0-4 18 29-36 39 63-70 95-135,-1.000000,""
3549,w0,37346,3136751.000000,1,43200.000000,1,COMPLETED_SUCCESSFULLY,3136751.000000,37346.000000,3174097.000000,0.000000,37346.000000,1.000000,15,-1.000000,""
3551,w0,38475,3136859.000000,1,43200.000000,1,COMPLETED_SUCCESSFULLY,3136859.000000,38475.000000,3175334.000000,0.000000,38475.000000,1.000000,17,-1.000000,""
3617,w0,213,3176654.000000,64,600.000000,1,COMPLETED_SUCCESSFULLY,3176654.000000,213.000000,3176867.000000,0.000000,213.000000,1.000000,0-4 15-18 29-36 39 63-70 95-132,-1.000000,""
3618,w0,226,3176659.000000,64,600.000000,1,COMPLETED_SUCCESSFULLY,3176867.000000,226.000000,3177093.000000,208.000000,434.000000,1.920354,0-4 15-18 29-36 39 63-70 95-132,-1.000000,""
3619,w0,66,3178157.000000,8,600.000000,1,COMPLETED_SUCCESSFULLY,3178157.000000,66.000000,3178223.000000,0.000000,66.000000,1.000000,0-4 15-17,-1.000000,""
3620,w0,67,3178164.000000,8,600.000000,1,COMPLETED_SUCCESSFULLY,3178164.000000,67.000000,3178231.000000,0.000000,67.000000,1.000000,18 29-35,-1.000000,""
3621,w0,66,3178170.000000,8,600.000000,1,COMPLETED_SUCCESSFULLY,3178170.000000,66.000000,3178236.000000,0.000000,66.000000,1.000000,36 39 63-68,-1.000000,""
3622,w0,67,3178178.000000,8,600.000000,1,COMPLETED_SUCCESSFULLY,3178178.000000,67.000000,3178245.000000,0.000000,67.000000,1.000000,69-70 95-100,-1.000000,""
3623,w0,68,3178184.000000,8,600.000000,1,COMPLETED_SUCCESSFULLY,3178184.000000,68.000000,3178252.000000,0.000000,68.000000,1.000000,101-108,-1.000000,""
3624,w0,67,3178195.000000,8,600.000000,1,COMPLETED_SUCCESSFULLY,3178195.000000,67.000000,3178262.000000,0.000000,67.000000,1.000000,109-116,-1.000000,""
3625,w0,71,3178216.000000,8,600.000000,1,COMPLETED_SUCCESSFULLY,3178216.000000,71.000000,3178287.000000,0.000000,71.000000,1.000000,117-124,-1.000000,""
3626,w0,68,3178295.000000,8,600.000000,1,COMPLETED_SUCCESSFULLY,3178295.000000,68.000000,3178363.000000,0.000000,68.000000,1.000000,0-4 15-17,-1.000000,""
3627,w0,82,3178329.000000,8,600.000000,1,COMPLETED_SUCCESSFULLY,3178329.000000,82.000000,3178411.000000,0.000000,82.000000,1.000000,18 29-35,-1.000000,""
3630,w0,67,3178395.000000,8,600.000000,1,COMPLETED_SUCCESSFULLY,3178395.000000,67.000000,3178462.000000,0.000000,67.000000,1.000000,4 15-17 63-66,-1.000000,""
3628,w0,156,3178336.000000,2,600.000000,1,COMPLETED_SUCCESSFULLY,3178336.000000,156.000000,3178492.000000,0.000000,156.000000,1.000000,36 39,-1.000000,""
3631,w0,83,3178462.000000,8,600.000000,1,COMPLETED_SUCCESSFULLY,3178462.000000,83.000000,3178545.000000,0.000000,83.000000,1.000000,18 29-35,-1.000000,""
3632,w0,67,3178482.000000,8,600.000000,1,COMPLETED_SUCCESSFULLY,3178482.000000,67.000000,3178549.000000,0.000000,67.000000,1.000000,4 15-17 63-66,-1.000000,""
3633,w0,67,3178500.000000,8,600.000000,1,COMPLETED_SUCCESSFULLY,3178500.000000,67.000000,3178567.000000,0.000000,67.000000,1.000000,36 39 67-70 95-96,-1.000000,""
3634,w0,65,3178524.000000,8,600.000000,1,COMPLETED_SUCCESSFULLY,3178524.000000,65.000000,3178589.000000,0.000000,65.000000,1.000000,97-104,-1.000000,""
3635,w0,90,3178606.000000,8,600.000000,1,COMPLETED_SUCCESSFULLY,3178606.000000,90.000000,3178696.000000,0.000000,90.000000,1.000000,4 15-18 29-31,-1.000000,""
3636,w0,72,3178629.000000,8,600.000000,1,COMPLETED_SUCCESSFULLY,3178629.000000,72.000000,3178701.000000,0.000000,72.000000,1.000000,32-36 39 63-64,-1.000000,""
3637,w0,68,3178787.000000,8,600.000000,1,COMPLETED_SUCCESSFULLY,3178787.000000,68.000000,3178855.000000,0.000000,68.000000,1.000000,4 15-18 29-31,-1.000000,""
3638,w0,67,3179208.000000,8,600.000000,1,COMPLETED_SUCCESSFULLY,3179208.000000,67.000000,3179275.000000,0.000000,67.000000,1.000000,4 15-18 29-31,-1.000000,""
3640,w0,71,3179224.000000,8,600.000000,1,COMPLETED_SUCCESSFULLY,3179224.000000,71.000000,3179295.000000,0.000000,71.000000,1.000000,65-70 95-96,-1.000000,""
3639,w0,90,3179219.000000,8,600.000000,1,COMPLETED_SUCCESSFULLY,3179219.000000,90.000000,3179309.000000,0.000000,90.000000,1.000000,32-36 39 63-64,-1.000000,""
3504,w0,62404,3116965.000000,10,64800.000000,1,COMPLETED_SUCCESSFULLY,3116965.000000,62404.000000,3179369.000000,0.000000,62404.000000,1.000000,51-60,-1.000000,""
3642,w0,71,3179725.000000,8,600.000000,1,COMPLETED_SUCCESSFULLY,3179725.000000,71.000000,3179796.000000,0.000000,71.000000,1.000000,32-36 39 51-52,-1.000000,""
3641,w0,89,3179721.000000,8,600.000000,1,COMPLETED_SUCCESSFULLY,3179721.000000,89.000000,3179810.000000,0.000000,89.000000,1.000000,4 15-18 29-31,-1.000000,""
3643,w0,67,3179750.000000,8,600.000000,1,COMPLETED_SUCCESSFULLY,3179750.000000,67.000000,3179817.000000,0.000000,67.000000,1.000000,53-60,-1.000000,""
3645,w0,70,3179951.000000,1,600.000000,1,COMPLETED_SUCCESSFULLY,3179951.000000,70.000000,3180021.000000,0.000000,70.000000,1.000000,15,-1.000000,""
3646,w0,70,3179957.000000,1,600.000000,1,COMPLETED_SUCCESSFULLY,3179957.000000,70.000000,3180027.000000,0.000000,70.000000,1.000000,16,-1.000000,""
3647,w0,70,3179964.000000,1,600.000000,1,COMPLETED_SUCCESSFULLY,3179964.000000,70.000000,3180034.000000,0.000000,70.000000,1.000000,17,-1.000000,""
3644,w0,90,3179945.000000,1,600.000000,1,COMPLETED_SUCCESSFULLY,3179945.000000,90.000000,3180035.000000,0.000000,90.000000,1.000000,4,-1.000000,""
3648,w0,69,3179999.000000,1,600.000000,1,COMPLETED_SUCCESSFULLY,3179999.000000,69.000000,3180068.000000,0.000000,69.000000,1.000000,18,-1.000000,""
3650,w0,70,3180015.000000,1,600.000000,1,COMPLETED_SUCCESSFULLY,3180015.000000,70.000000,3180085.000000,0.000000,70.000000,1.000000,30,-1.000000,""
3651,w0,70,3180024.000000,1,600.000000,1,COMPLETED_SUCCESSFULLY,3180024.000000,70.000000,3180094.000000,0.000000,70.000000,1.000000,15,-1.000000,""
3649,w0,94,3180006.000000,1,600.000000,1,COMPLETED_SUCCESSFULLY,3180006.000000,94.000000,3180100.000000,0.000000,94.000000,1.000000,29,-1.000000,""
3652,w0,69,3180032.000000,1,600.000000,1,COMPLETED_SUCCESSFULLY,3180032.000000,69.000000,3180101.000000,0.000000,69.000000,1.000000,16,-1.000000,""
3653,w0,70,3180042.000000,1,600.000000,1,COMPLETED_SUCCESSFULLY,3180042.000000,70.000000,3180112.000000,0.000000,70.000000,1.000000,4,-1.000000,""
3654,w0,71,3180049.000000,1,600.000000,1,COMPLETED_SUCCESSFULLY,3180049.000000,71.000000,3180120.000000,0.000000,71.000000,1.000000,17,-1.000000,""
3655,w0,70,3180058.000000,1,600.000000,1,COMPLETED_SUCCESSFULLY,3180058.000000,70.000000,3180128.000000,0.000000,70.000000,1.000000,31,-1.000000,""
3656,w0,92,3180303.000000,1,600.000000,1,COMPLETED_SUCCESSFULLY,3180303.000000,92.000000,3180395.000000,0.000000,92.000000,1.000000,4,-1.000000,""
3657,w0,1228,3180842.000000,1,1250.000000,1,COMPLETED_SUCCESSFULLY,3180842.000000,1228.000000,3182070.000000,0.000000,1228.000000,1.000000,4,-1.000000,""
3572,w0,31520,3151205.000000,1,38700.000000,1,COMPLETED_SUCCESSFULLY,3151205.000000,31520.000000,3182725.000000,0.000000,31520.000000,1.000000,14,-1.000000,""
3574,w0,31519,3151206.000000,1,38700.000000,1,COMPLETED_SUCCESSFULLY,3151206.000000,31519.000000,3182725.000000,0.000000,31519.000000,1.000000,28,-1.000000,""
3576,w0,31524,3151208.000000,1,38700.000000,1,COMPLETED_SUCCESSFULLY,3151208.000000,31524.000000,3182732.000000,0.000000,31524.000000,1.000000,38,-1.000000,""
3577,w0,31524,3151209.000000,1,38700.000000,1,COMPLETED_SUCCESSFULLY,3151209.000000,31524.000000,3182733.000000,0.000000,31524.000000,1.000000,40,-1.000000,""
3578,w0,31524,3151209.000000,1,38700.000000,1,COMPLETED_SUCCESSFULLY,3151209.000000,31524.000000,3182733.000000,0.000000,31524.000000,1.000000,41,-1.000000,""
3579,w0,31523,3151210.000000,1,38700.000000,1,COMPLETED_SUCCESSFULLY,3151210.000000,31523.000000,3182733.000000,0.000000,31523.000000,1.000000,42,-1.000000,""
3571,w0,31535,3151199.000000,1,38700.000000,1,COMPLETED_SUCCESSFULLY,3151199.000000,31535.000000,3182734.000000,0.000000,31535.000000,1.000000,13,-1.000000,""
3573,w0,31531,3151206.000000,1,38700.000000,1,COMPLETED_SUCCESSFULLY,3151206.000000,31531.000000,3182737.000000,0.000000,31531.000000,1.000000,19,-1.000000,""
3575,w0,31530,3151207.000000,1,38700.000000,1,COMPLETED_SUCCESSFULLY,3151207.000000,31530.000000,3182737.000000,0.000000,31530.000000,1.000000,37,-1.000000,""
3581,w0,31526,3151211.000000,1,38700.000000,1,COMPLETED_SUCCESSFULLY,3151211.000000,31526.000000,3182737.000000,0.000000,31526.000000,1.000000,44,-1.000000,""
3580,w0,31527,3151211.000000,1,38700.000000,1,COMPLETED_SUCCESSFULLY,3151211.000000,31527.000000,3182738.000000,0.000000,31527.000000,1.000000,43,-1.000000,""
3582,w0,31532,3151212.000000,1,38700.000000,1,COMPLETED_SUCCESSFULLY,3151212.000000,31532.000000,3182744.000000,0.000000,31532.000000,1.000000,45,-1.000000,""
3592,w0,31525,3151219.000000,1,38700.000000,1,COMPLETED_SUCCESSFULLY,3151219.000000,31525.000000,3182744.000000,0.000000,31525.000000,1.000000,73,-1.000000,""
3598,w0,31521,3151223.000000,1,38700.000000,1,COMPLETED_SUCCESSFULLY,3151223.000000,31521.000000,3182744.000000,0.000000,31521.000000,1.000000,79,-1.000000,""
3599,w0,31520,3151224.000000,1,38700.000000,1,COMPLETED_SUCCESSFULLY,3151224.000000,31520.000000,3182744.000000,0.000000,31520.000000,1.000000,80,-1.000000,""
3588,w0,31529,3151216.000000,1,38700.000000,1,COMPLETED_SUCCESSFULLY,3151216.000000,31529.000000,3182745.000000,0.000000,31529.000000,1.000000,61,-1.000000,""
3593,w0,31525,3151220.000000,1,38700.000000,1,COMPLETED_SUCCESSFULLY,3151220.000000,31525.000000,3182745.000000,0.000000,31525.000000,1.000000,74,-1.000000,""
3585,w0,31532,3151214.000000,1,38700.000000,1,COMPLETED_SUCCESSFULLY,3151214.000000,31532.000000,3182746.000000,0.000000,31532.000000,1.000000,48,-1.000000,""
3591,w0,31528,3151218.000000,1,38700.000000,1,COMPLETED_SUCCESSFULLY,3151218.000000,31528.000000,3182746.000000,0.000000,31528.000000,1.000000,72,-1.000000,""
3601,w0,31521,3151225.000000,1,38700.000000,1,COMPLETED_SUCCESSFULLY,3151225.000000,31521.000000,3182746.000000,0.000000,31521.000000,1.000000,82,-1.000000,""
3603,w0,31519,3151227.000000,1,38700.000000,1,COMPLETED_SUCCESSFULLY,3151227.000000,31519.000000,3182746.000000,0.000000,31519.000000,1.000000,84,-1.000000,""
3583,w0,31534,3151213.000000,1,38700.000000,1,COMPLETED_SUCCESSFULLY,3151213.000000,31534.000000,3182747.000000,0.000000,31534.000000,1.000000,46,-1.000000,""
3584,w0,31534,3151213.000000,1,38700.000000,1,COMPLETED_SUCCESSFULLY,3151213.000000,31534.000000,3182747.000000,0.000000,31534.000000,1.000000,47,-1.000000,""
3586,w0,31532,3151215.000000,1,38700.000000,1,COMPLETED_SUCCESSFULLY,3151215.000000,31532.000000,3182747.000000,0.000000,31532.000000,1.000000,49,-1.000000,""
3590,w0,31529,3151218.000000,1,38700.000000,1,COMPLETED_SUCCESSFULLY,3151218.000000,31529.000000,3182747.000000,0.000000,31529.000000,1.000000,71,-1.000000,""
3600,w0,31522,3151225.000000,1,38700.000000,1,COMPLETED_SUCCESSFULLY,3151225.000000,31522.000000,3182747.000000,0.000000,31522.000000,1.000000,81,-1.000000,""
3587,w0,31533,3151215.000000,1,38700.000000,1,COMPLETED_SUCCESSFULLY,3151215.000000,31533.000000,3182748.000000,0.000000,31533.000000,1.000000,50,-1.000000,""
3589,w0,31531,3151217.000000,1,38700.000000,1,COMPLETED_SUCCESSFULLY,3151217.000000,31531.000000,3182748.000000,0.000000,31531.000000,1.000000,62,-1.000000,""
3604,w0,31521,3151227.000000,1,38700.000000,1,COMPLETED_SUCCESSFULLY,3151227.000000,31521.000000,3182748.000000,0.000000,31521.000000,1.000000,85,-1.000000,""
3602,w0,31526,3151226.000000,1,38700.000000,1,COMPLETED_SUCCESSFULLY,3151226.000000,31526.000000,3182752.000000,0.000000,31526.000000,1.000000,83,-1.000000,""
3594,w0,31533,3151221.000000,1,38700.000000,1,COMPLETED_SUCCESSFULLY,3151221.000000,31533.000000,3182754.000000,0.000000,31533.000000,1.000000,75,-1.000000,""
3595,w0,31535,3151221.000000,1,38700.000000,1,COMPLETED_SUCCESSFULLY,3151221.000000,31535.000000,3182756.000000,0.000000,31535.000000,1.000000,76,-1.000000,""
3612,w0,31523,3151233.000000,1,38700.000000,1,COMPLETED_SUCCESSFULLY,3151233.000000,31523.000000,3182756.000000,0.000000,31523.000000,1.000000,93,-1.000000,""
3607,w0,31528,3151229.000000,1,38700.000000,1,COMPLETED_SUCCESSFULLY,3151229.000000,31528.000000,3182757.000000,0.000000,31528.000000,1.000000,88,-1.000000,""
3608,w0,31527,3151230.000000,1,38700.000000,1,COMPLETED_SUCCESSFULLY,3151230.000000,31527.000000,3182757.000000,0.000000,31527.000000,1.000000,89,-1.000000,""
3596,w0,31536,3151222.000000,1,38700.000000,1,COMPLETED_SUCCESSFULLY,3151222.000000,31536.000000,3182758.000000,0.000000,31536.000000,1.000000,77,-1.000000,""
3597,w0,31535,3151223.000000,1,38700.000000,1,COMPLETED_SUCCESSFULLY,3151223.000000,31535.000000,3182758.000000,0.000000,31535.000000,1.000000,78,-1.000000,""
3609,w0,31527,3151231.000000,1,38700.000000,1,COMPLETED_SUCCESSFULLY,3151231.000000,31527.000000,3182758.000000,0.000000,31527.000000,1.000000,90,-1.000000,""
3610,w0,31527,3151231.000000,1,38700.000000,1,COMPLETED_SUCCESSFULLY,3151231.000000,31527.000000,3182758.000000,0.000000,31527.000000,1.000000,91,-1.000000,""
3611,w0,31526,3151232.000000,1,38700.000000,1,COMPLETED_SUCCESSFULLY,3151232.000000,31526.000000,3182758.000000,0.000000,31526.000000,1.000000,92,-1.000000,""
3606,w0,31530,3151229.000000,1,38700.000000,1,COMPLETED_SUCCESSFULLY,3151229.000000,31530.000000,3182759.000000,0.000000,31530.000000,1.000000,87,-1.000000,""
3605,w0,31533,3151228.000000,1,38700.000000,1,COMPLETED_SUCCESSFULLY,3151228.000000,31533.000000,3182761.000000,0.000000,31533.000000,1.000000,86,-1.000000,""
3613,w0,31529,3151233.000000,1,38700.000000,1,COMPLETED_SUCCESSFULLY,3151233.000000,31529.000000,3182762.000000,0.000000,31529.000000,1.000000,94,-1.000000,""
3658,w0,1234,3181980.000000,1,1250.000000,1,COMPLETED_SUCCESSFULLY,3181980.000000,1234.000000,3183214.000000,0.000000,1234.000000,1.000000,15,-1.000000,""
3659,w0,1225,3183201.000000,1,1250.000000,1,COMPLETED_SUCCESSFULLY,3183201.000000,1225.000000,3184426.000000,0.000000,1225.000000,1.000000,4,-1.000000,""
3660,w0,96,3184944.000000,8,600.000000,1,COMPLETED_SUCCESSFULLY,3184944.000000,96.000000,3185040.000000,0.000000,96.000000,1.000000,4 13-19,-1.000000,""
3661,w0,30,3186004.000000,1,1800.000000,1,COMPLETED_SUCCESSFULLY,3186004.000000,30.000000,3186034.000000,0.000000,30.000000,1.000000,4,-1.000000,""
3662,w0,131,3187655.000000,1,1800.000000,1,COMPLETED_SUCCESSFULLY,3187655.000000,131.000000,3187786.000000,0.000000,131.000000,1.000000,4,-1.000000,""
3664,w0,87,3188605.000000,2,1200.000000,1,COMPLETED_SUCCESSFULLY,3188605.000000,87.000000,3188692.000000,0.000000,87.000000,1.000000,28-29,-1.000000,""
3666,w0,208,3189079.000000,70,3600.000000,1,COMPLETED_SUCCESSFULLY,3189079.000000,208.000000,3189287.000000,0.000000,208.000000,1.000000,36-105,-1.000000,""
3665,w0,760,3188838.000000,8,3600.000000,1,COMPLETED_SUCCESSFULLY,3188838.000000,760.000000,3189598.000000,0.000000,760.000000,1.000000,28-35,-1.000000,""
3667,w0,274,3190702.000000,16,7200.000000,1,COMPLETED_SUCCESSFULLY,3190702.000000,274.000000,3190976.000000,0.000000,274.000000,1.000000,28-43,-1.000000,""
3668,w0,49,3191036.000000,8,64800.000000,1,COMPLETED_SUCCESSFULLY,3191036.000000,49.000000,3191085.000000,0.000000,49.000000,1.000000,28-35,-1.000000,""
3663,w0,3857,3188490.000000,8,28800.000000,1,COMPLETED_SUCCESSFULLY,3188490.000000,3857.000000,3192347.000000,0.000000,3857.000000,1.000000,4 13-19,-1.000000,""
3669,w0,32,3192859.000000,1,7200.000000,1,COMPLETED_SUCCESSFULLY,3192859.000000,32.000000,3192891.000000,0.000000,32.000000,1.000000,4,-1.000000,""
3670,w0,32,3193320.000000,1,7200.000000,1,COMPLETED_SUCCESSFULLY,3193320.000000,32.000000,3193352.000000,0.000000,32.000000,1.000000,4,-1.000000,""
3671,w0,27,3193382.000000,1,7200.000000,1,COMPLETED_SUCCESSFULLY,3193382.000000,27.000000,3193409.000000,0.000000,27.000000,1.000000,4,-1.000000,""
3672,w0,32,3193672.000000,1,7200.000000,1,COMPLETED_SUCCESSFULLY,3193672.000000,32.000000,3193704.000000,0.000000,32.000000,1.000000,4,-1.000000,""
3673,w0,22,3194854.000000,1,7200.000000,1,COMPLETED_SUCCESSFULLY,3194854.000000,22.000000,3194876.000000,0.000000,22.000000,1.000000,4,-1.000000,""
3674,w0,51,3194882.000000,1,7200.000000,1,COMPLETED_SUCCESSFULLY,3194882.000000,51.000000,3194933.000000,0.000000,51.000000,1.000000,4,-1.000000,""
3675,w0,64,3195663.000000,36,28800.000000,1,COMPLETED_SUCCESSFULLY,3195663.000000,64.000000,3195727.000000,0.000000,64.000000,1.000000,4 13-19 28-55,-1.000000,""
3676,w0,64,3196079.000000,4,3600.000000,1,COMPLETED_SUCCESSFULLY,3196079.000000,64.000000,3196143.000000,0.000000,64.000000,1.000000,4 13-15,-1.000000,""
3677,w0,42,3196181.000000,4,14400.000000,1,COMPLETED_SUCCESSFULLY,3196181.000000,42.000000,3196223.000000,0.000000,42.000000,1.000000,4 13-15,-1.000000,""
3678,w0,31,3196623.000000,1,7200.000000,1,COMPLETED_SUCCESSFULLY,3196623.000000,31.000000,3196654.000000,0.000000,31.000000,1.000000,4,-1.000000,""
3681,w0,57,3197061.000000,4,600.000000,1,COMPLETED_SUCCESSFULLY,3197061.000000,57.000000,3197118.000000,0.000000,57.000000,1.000000,88-91,-1.000000,""
3682,w0,26,3197483.000000,1,120.000000,1,COMPLETED_SUCCESSFULLY,3197483.000000,26.000000,3197509.000000,0.000000,26.000000,1.000000,88,-1.000000,""
3679,w0,849,3196869.000000,4,3600.000000,1,COMPLETED_SUCCESSFULLY,3196869.000000,849.000000,3197718.000000,0.000000,849.000000,1.000000,4 13-15,-1.000000,""
3683,w0,27,3197875.000000,1,120.000000,1,COMPLETED_SUCCESSFULLY,3197875.000000,27.000000,3197902.000000,0.000000,27.000000,1.000000,4,-1.000000,""
3684,w0,32,3198134.000000,1,7200.000000,1,COMPLETED_SUCCESSFULLY,3198134.000000,32.000000,3198166.000000,0.000000,32.000000,1.000000,4,-1.000000,""
3688,w0,48,3198212.000000,2,60.000000,1,COMPLETED_SUCCESSFULLY,3198212.000000,48.000000,3198260.000000,0.000000,48.000000,1.000000,90-91,-1.000000,""
3689,w0,96,3199043.000000,2,60.000000,0,COMPLETED_WALLTIME_REACHED,3199043.000000,60.000000,3199103.000000,0.000000,60.000000,1.000000,90-91,-1.000000,""
3687,w0,1750,3198166.000000,2,64800.000000,1,COMPLETED_SUCCESSFULLY,3198166.000000,1750.000000,3199916.000000,0.000000,1750.000000,1.000000,4 89,-1.000000,""
3697,w0,31,3200096.000000,1,7200.000000,1,COMPLETED_SUCCESSFULLY,3200096.000000,31.000000,3200127.000000,0.000000,31.000000,1.000000,4,-1.000000,""
3686,w0,2031,3198158.000000,2,64800.000000,1,COMPLETED_SUCCESSFULLY,3198158.000000,2031.000000,3200189.000000,0.000000,2031.000000,1.000000,15 88,-1.000000,""
3556,w0,61959,3138626.000000,8,64800.000000,1,COMPLETED_SUCCESSFULLY,3138626.000000,61959.000000,3200585.000000,0.000000,61959.000000,1.000000,20-27,-1.000000,""
3685,w0,2476,3198144.000000,2,64800.000000,1,COMPLETED_SUCCESSFULLY,3198144.000000,2476.000000,3200620.000000,0.000000,2476.000000,1.000000,13-14,-1.000000,""
3699,w0,55,3200850.000000,2,1200.000000,1,COMPLETED_SUCCESSFULLY,3200850.000000,55.000000,3200905.000000,0.000000,55.000000,1.000000,169-170,-1.000000,""
3698,w0,162,3200793.000000,4,600.000000,1,COMPLETED_SUCCESSFULLY,3200793.000000,162.000000,3200955.000000,0.000000,162.000000,1.000000,13-14 167-168,-1.000000,""
3702,w0,63,3200958.000000,4,1800.000000,1,COMPLETED_SUCCESSFULLY,3200958.000000,63.000000,3201021.000000,0.000000,63.000000,1.000000,13-14 167-168,-1.000000,""
3703,w0,70,3200966.000000,2,1800.000000,1,COMPLETED_SUCCESSFULLY,3200966.000000,70.000000,3201036.000000,0.000000,70.000000,1.000000,169-170,-1.000000,""
3704,w0,80,3200974.000000,1,1800.000000,1,COMPLETED_SUCCESSFULLY,3201021.000000,80.000000,3201101.000000,47.000000,127.000000,1.587500,13,-1.000000,""
3706,w0,161,3201391.000000,4,600.000000,1,COMPLETED_SUCCESSFULLY,3201391.000000,161.000000,3201552.000000,0.000000,161.000000,1.000000,13-14 167-168,-1.000000,""
3707,w0,162,3201395.000000,4,600.000000,1,COMPLETED_SUCCESSFULLY,3201552.000000,162.000000,3201714.000000,157.000000,319.000000,1.969136,13-14 167-168,-1.000000,""
3708,w0,162,3201400.000000,4,600.000000,1,COMPLETED_SUCCESSFULLY,3201714.000000,162.000000,3201876.000000,314.000000,476.000000,2.938272,13-14 167-168,-1.000000,""
3710,w0,117,3203936.000000,4,600.000000,1,COMPLETED_SUCCESSFULLY,3203936.000000,117.000000,3204053.000000,0.000000,117.000000,1.000000,13-14 167-168,-1.000000,""
3711,w0,48,3203962.000000,4,7200.000000,1,COMPLETED_SUCCESSFULLY,3204053.000000,48.000000,3204101.000000,91.000000,139.000000,2.895833,13-14 167-168,-1.000000,""
3694,w0,3552,3199948.000000,15,3600.000000,1,COMPLETED_SUCCESSFULLY,3200585.000000,3552.000000,3204137.000000,637.000000,4189.000000,1.179336,4 15 20-27 88-89 164-166,-1.000000,""
3695,w0,1582,3200027.000000,16,25200.000000,1,COMPLETED_SUCCESSFULLY,3204137.000000,1582.000000,3205719.000000,4110.000000,5692.000000,3.597977,4 13-15 20-27 88-89 164-165,-1.000000,""
3700,w0,72,3200931.000000,16,1800.000000,1,COMPLETED_SUCCESSFULLY,3205719.000000,72.000000,3205791.000000,4788.000000,4860.000000,67.500000,4 13-15 20-27 88-89 164-165,-1.000000,""
3701,w0,78,3200945.000000,8,1800.000000,1,COMPLETED_SUCCESSFULLY,3205791.000000,78.000000,3205869.000000,4846.000000,4924.000000,63.128205,4 13-15 20-23,-1.000000,""
3569,w0,58297,3148603.000000,8,64800.000000,1,COMPLETED_SUCCESSFULLY,3148603.000000,58297.000000,3206900.000000,0.000000,58297.000000,1.000000,5-12,-1.000000,""
3725,w0,1251,3209209.000000,4,3600.000000,1,COMPLETED_SUCCESSFULLY,3209209.000000,1251.000000,3210460.000000,0.000000,1251.000000,1.000000,166-169,-1.000000,""
3726,w0,106,3209227.000000,4,3600.000000,1,COMPLETED_SUCCESSFULLY,3210460.000000,106.000000,3210566.000000,1233.000000,1339.000000,12.632075,166-169,-1.000000,""
3730,w0,27,3212685.000000,1,300.000000,1,COMPLETED_SUCCESSFULLY,3212685.000000,27.000000,3212712.000000,0.000000,27.000000,1.000000,168,-1.000000,""
3731,w0,27,3212699.000000,1,300.000000,1,COMPLETED_SUCCESSFULLY,3212699.000000,27.000000,3212726.000000,0.000000,27.000000,1.000000,169,-1.000000,""
3732,w0,36,3212797.000000,1,7200.000000,1,COMPLETED_SUCCESSFULLY,3212797.000000,36.000000,3212833.000000,0.000000,36.000000,1.000000,168,-1.000000,""
3690,w0,13774,3199264.000000,37,14100.000000,1,COMPLETED_SUCCESSFULLY,3199264.000000,13774.000000,3213038.000000,0.000000,13774.000000,1.000000,90-126,-1.000000,""
3705,w0,6193,3201076.000000,16,10800.000000,1,COMPLETED_SUCCESSFULLY,3206900.000000,6193.000000,3213093.000000,5824.000000,12017.000000,1.940417,4-15 20-23,-1.000000,""
3691,w0,13685,3199445.000000,37,14100.000000,1,COMPLETED_SUCCESSFULLY,3199445.000000,13685.000000,3213130.000000,0.000000,13685.000000,1.000000,127-163,-1.000000,""
3733,w0,77,3213069.000000,1,7200.000000,1,COMPLETED_SUCCESSFULLY,3213069.000000,77.000000,3213146.000000,0.000000,77.000000,1.000000,168,-1.000000,""
3715,w0,214,3207046.000000,16,1200.000000,1,COMPLETED_SUCCESSFULLY,3213093.000000,214.000000,3213307.000000,6047.000000,6261.000000,29.257009,4-15 20-23,-1.000000,""
3709,w0,7621,3201490.000000,8,28800.000000,1,COMPLETED_SUCCESSFULLY,3205791.000000,7621.000000,3213412.000000,4301.000000,11922.000000,1.564362,24-27 88-89 164-165,-1.000000,""
3728,w0,361,3210308.000000,8,1800.000000,1,COMPLETED_SUCCESSFULLY,3213412.000000,361.000000,3213773.000000,3104.000000,3465.000000,9.598338,20-27,-1.000000,""
3729,w0,2173,3211948.000000,2,64800.000000,1,COMPLETED_SUCCESSFULLY,3211948.000000,2173.000000,3214121.000000,0.000000,2173.000000,1.000000,166-167,-1.000000,""
3734,w0,51,3214157.000000,8,900.000000,1,COMPLETED_SUCCESSFULLY,3214157.000000,51.000000,3214208.000000,0.000000,51.000000,1.000000,20-27,-1.000000,""
3735,w0,42,3214438.000000,8,900.000000,1,COMPLETED_SUCCESSFULLY,3214438.000000,42.000000,3214480.000000,0.000000,42.000000,1.000000,20-27,-1.000000,""
3736,w0,27,3214579.000000,1,300.000000,1,COMPLETED_SUCCESSFULLY,3214579.000000,27.000000,3214606.000000,0.000000,27.000000,1.000000,20,-1.000000,""
3737,w0,42,3214685.000000,8,900.000000,1,COMPLETED_SUCCESSFULLY,3214685.000000,42.000000,3214727.000000,0.000000,42.000000,1.000000,20-27,-1.000000,""
3738,w0,27,3214784.000000,1,300.000000,1,COMPLETED_SUCCESSFULLY,3214784.000000,27.000000,3214811.000000,0.000000,27.000000,1.000000,20,-1.000000,""
3740,w0,744,3215080.000000,8,900.000000,1,COMPLETED_SUCCESSFULLY,3215080.000000,744.000000,3215824.000000,0.000000,744.000000,1.000000,88-89 164-169,-1.000000,""
3741,w0,118,3215351.000000,8,900.000000,1,COMPLETED_SUCCESSFULLY,3215824.000000,118.000000,3215942.000000,473.000000,591.000000,5.008475,88-89 164-169,-1.000000,""
3742,w0,201,3216182.000000,1,600.000000,1,COMPLETED_SUCCESSFULLY,3216182.000000,201.000000,3216383.000000,0.000000,201.000000,1.000000,88,-1.000000,""
3743,w0,46,3216432.000000,1,480.000000,1,COMPLETED_SUCCESSFULLY,3216432.000000,46.000000,3216478.000000,0.000000,46.000000,1.000000,88,-1.000000,""
3745,w0,30,3216770.000000,1,480.000000,1,COMPLETED_SUCCESSFULLY,3216770.000000,30.000000,3216800.000000,0.000000,30.000000,1.000000,170,-1.000000,""
3744,w0,764,3216696.000000,8,900.000000,1,COMPLETED_SUCCESSFULLY,3216696.000000,764.000000,3217460.000000,0.000000,764.000000,1.000000,88-89 164-169,-1.000000,""
3739,w0,3542,3214845.000000,8,14400.000000,1,COMPLETED_SUCCESSFULLY,3214845.000000,3542.000000,3218387.000000,0.000000,3542.000000,1.000000,20-27,-1.000000,""
3747,w0,426,3217757.000000,8,900.000000,1,COMPLETED_SUCCESSFULLY,3218387.000000,426.000000,3218813.000000,630.000000,1056.000000,2.478873,20-27,-1.000000,""
3748,w0,62,3219563.000000,8,10800.000000,1,COMPLETED_SUCCESSFULLY,3219563.000000,62.000000,3219625.000000,0.000000,62.000000,1.000000,20-27,-1.000000,""
3749,w0,48,3219595.000000,8,10800.000000,1,COMPLETED_SUCCESSFULLY,3219625.000000,48.000000,3219673.000000,30.000000,78.000000,1.625000,20-27,-1.000000,""
3750,w0,63,3219609.000000,8,10800.000000,1,COMPLETED_SUCCESSFULLY,3219673.000000,63.000000,3219736.000000,64.000000,127.000000,2.015873,20-27,-1.000000,""
3751,w0,48,3220520.000000,4,1200.000000,1,COMPLETED_SUCCESSFULLY,3220520.000000,48.000000,3220568.000000,0.000000,48.000000,1.000000,20-23,-1.000000,""
3752,w0,117,3220571.000000,2,1200.000000,1,COMPLETED_SUCCESSFULLY,3220571.000000,117.000000,3220688.000000,0.000000,117.000000,1.000000,20-21,-1.000000,""
3753,w0,47,3221200.000000,4,1200.000000,1,COMPLETED_SUCCESSFULLY,3221200.000000,47.000000,3221247.000000,0.000000,47.000000,1.000000,20-23,-1.000000,""
3754,w0,48,3221692.000000,4,1200.000000,1,COMPLETED_SUCCESSFULLY,3221692.000000,48.000000,3221740.000000,0.000000,48.000000,1.000000,20-23,-1.000000,""
3756,w0,47,3222073.000000,4,1200.000000,1,COMPLETED_SUCCESSFULLY,3222073.000000,47.000000,3222120.000000,0.000000,47.000000,1.000000,20-23,-1.000000,""
3629,w0,44319,3178383.000000,4,64800.000000,1,COMPLETED_SUCCESSFULLY,3178383.000000,44319.000000,3222702.000000,0.000000,44319.000000,1.000000,0-3,-1.000000,""
3758,w0,84,3225487.000000,4,64800.000000,1,COMPLETED_SUCCESSFULLY,3225487.000000,84.000000,3225571.000000,0.000000,84.000000,1.000000,20-23,-1.000000,""
3759,w0,83,3225521.000000,4,64800.000000,1,COMPLETED_SUCCESSFULLY,3225521.000000,83.000000,3225604.000000,0.000000,83.000000,1.000000,24-27,-1.000000,""
3760,w0,81,3225546.000000,4,64800.000000,1,COMPLETED_SUCCESSFULLY,3225571.000000,81.000000,3225652.000000,25.000000,106.000000,1.308642,20-23,-1.000000,""
3692,w0,13884,3199736.000000,37,14100.000000,1,COMPLETED_SUCCESSFULLY,3213038.000000,13884.000000,3226922.000000,13302.000000,27186.000000,1.958081,90-126,-1.000000,""
3762,w0,61,3227002.000000,4,14400.000000,1,COMPLETED_SUCCESSFULLY,3227002.000000,61.000000,3227063.000000,0.000000,61.000000,1.000000,123-126,-1.000000,""
3761,w0,1201,3225999.000000,4,7200.000000,1,COMPLETED_SUCCESSFULLY,3225999.000000,1201.000000,3227200.000000,0.000000,1201.000000,1.000000,20-23,-1.000000,""
3693,w0,14101,3199914.000000,37,14100.000000,0,COMPLETED_WALLTIME_REACHED,3213130.000000,14100.000000,3227230.000000,13216.000000,27316.000000,1.937305,127-163,-1.000000,""
3763,w0,128,3227106.000000,2,7200.000000,1,COMPLETED_SUCCESSFULLY,3227106.000000,128.000000,3227234.000000,0.000000,128.000000,1.000000,123-124,-1.000000,""
3746,w0,12226,3217614.000000,8,14400.000000,1,COMPLETED_SUCCESSFULLY,3217614.000000,12226.000000,3229840.000000,0.000000,12226.000000,1.000000,88-89 164-169,-1.000000,""
3764,w0,206,3229937.000000,4,1800.000000,1,COMPLETED_SUCCESSFULLY,3229937.000000,206.000000,3230143.000000,0.000000,206.000000,1.000000,88-89 123-124,-1.000000,""
3765,w0,241,3230277.000000,4,1200.000000,1,COMPLETED_SUCCESSFULLY,3230277.000000,241.000000,3230518.000000,0.000000,241.000000,1.000000,88-89 123-124,-1.000000,""
3766,w0,101,3230602.000000,4,1200.000000,1,COMPLETED_SUCCESSFULLY,3230602.000000,101.000000,3230703.000000,0.000000,101.000000,1.000000,88-89 123-124,-1.000000,""
3767,w0,189,3231358.000000,4,1800.000000,1,COMPLETED_SUCCESSFULLY,3231358.000000,189.000000,3231547.000000,0.000000,189.000000,1.000000,88-89 123-124,-1.000000,""
3768,w0,213,3231435.000000,4,1800.000000,1,COMPLETED_SUCCESSFULLY,3231435.000000,213.000000,3231648.000000,0.000000,213.000000,1.000000,158-161,-1.000000,""
3769,w0,78,3231808.000000,4,1800.000000,1,COMPLETED_SUCCESSFULLY,3231808.000000,78.000000,3231886.000000,0.000000,78.000000,1.000000,88-89 123-124,-1.000000,""
3770,w0,83,3231832.000000,4,1800.000000,1,COMPLETED_SUCCESSFULLY,3231832.000000,83.000000,3231915.000000,0.000000,83.000000,1.000000,158-161,-1.000000,""
3716,w0,19100,3207337.000000,12,50400.000000,1,COMPLETED_SUCCESSFULLY,3213307.000000,19100.000000,3232407.000000,5970.000000,25070.000000,1.312565,4-15,-1.000000,""
3772,w0,154,3232311.000000,4,1800.000000,1,COMPLETED_SUCCESSFULLY,3232311.000000,154.000000,3232465.000000,0.000000,154.000000,1.000000,158-161,-1.000000,""
3771,w0,675,3232143.000000,4,14400.000000,1,COMPLETED_SUCCESSFULLY,3232143.000000,675.000000,3232818.000000,0.000000,675.000000,1.000000,88-89 123-124,-1.000000,""
3774,w0,81,3232979.000000,4,600.000000,1,COMPLETED_SUCCESSFULLY,3232979.000000,81.000000,3233060.000000,0.000000,81.000000,1.000000,88-89 123-124,-1.000000,""
3775,w0,82,3232984.000000,4,600.000000,1,COMPLETED_SUCCESSFULLY,3232984.000000,82.000000,3233066.000000,0.000000,82.000000,1.000000,162-165,-1.000000,""
3757,w0,7976,3225446.000000,4,64800.000000,1,COMPLETED_SUCCESSFULLY,3225446.000000,7976.000000,3233422.000000,0.000000,7976.000000,1.000000,0-3,-1.000000,""
3777,w0,79,3233386.000000,4,600.000000,1,COMPLETED_SUCCESSFULLY,3233386.000000,79.000000,3233465.000000,0.000000,79.000000,1.000000,162-165,-1.000000,""
3778,w0,113,3233558.000000,4,1800.000000,1,COMPLETED_SUCCESSFULLY,3233558.000000,113.000000,3233671.000000,0.000000,113.000000,1.000000,0-3,-1.000000,""
3776,w0,632,3233217.000000,4,14400.000000,1,COMPLETED_SUCCESSFULLY,3233217.000000,632.000000,3233849.000000,0.000000,632.000000,1.000000,88-89 123-124,-1.000000,""
3779,w0,60,3235937.000000,4,600.000000,1,COMPLETED_SUCCESSFULLY,3235937.000000,60.000000,3235997.000000,0.000000,60.000000,1.000000,0-3,-1.000000,""
3780,w0,64,3235957.000000,4,600.000000,1,COMPLETED_SUCCESSFULLY,3235957.000000,64.000000,3236021.000000,0.000000,64.000000,1.000000,88-89 123-124,-1.000000,""
3781,w0,104,3236472.000000,4,1800.000000,1,COMPLETED_SUCCESSFULLY,3236472.000000,104.000000,3236576.000000,0.000000,104.000000,1.000000,0-3,-1.000000,""
3782,w0,29,3238491.000000,1,480.000000,1,COMPLETED_SUCCESSFULLY,3238491.000000,29.000000,3238520.000000,0.000000,29.000000,1.000000,0,-1.000000,""
3783,w0,49,3238798.000000,2,240.000000,1,COMPLETED_SUCCESSFULLY,3238798.000000,49.000000,3238847.000000,0.000000,49.000000,1.000000,0-1,-1.000000,""
3784,w0,51,3239081.000000,2,240.000000,1,COMPLETED_SUCCESSFULLY,3239081.000000,51.000000,3239132.000000,0.000000,51.000000,1.000000,0-1,-1.000000,""
3773,w0,6657,3232722.000000,16,10500.000000,1,COMPLETED_SUCCESSFULLY,3232722.000000,6657.000000,3239379.000000,0.000000,6657.000000,1.000000,4-15 158-161,-1.000000,""
3785,w0,29,3239526.000000,1,300.000000,1,COMPLETED_SUCCESSFULLY,3239526.000000,29.000000,3239555.000000,0.000000,29.000000,1.000000,0,-1.000000,""
3786,w0,49,3240541.000000,2,240.000000,1,COMPLETED_SUCCESSFULLY,3240541.000000,49.000000,3240590.000000,0.000000,49.000000,1.000000,0-1,-1.000000,""
3696,w0,13730,3200065.000000,37,14100.000000,1,COMPLETED_SUCCESSFULLY,3226922.000000,13730.000000,3240652.000000,26857.000000,40587.000000,2.956082,24-27 90-122,-1.000000,""
3713,w0,78,3206812.000000,37,14100.000000,1,COMPLETED_SUCCESSFULLY,3240652.000000,78.000000,3240730.000000,33840.000000,33918.000000,434.846154,0-15 24-27 88-104,-1.000000,""
3787,w0,47,3240751.000000,2,240.000000,1,COMPLETED_SUCCESSFULLY,3240751.000000,47.000000,3240798.000000,0.000000,47.000000,1.000000,105-106,-1.000000,""
3712,w0,13617,3206647.000000,37,14100.000000,1,COMPLETED_SUCCESSFULLY,3227230.000000,13617.000000,3240847.000000,20583.000000,34200.000000,2.511566,20-23 125-157,-1.000000,""
3788,w0,82,3241089.000000,2,240.000000,1,COMPLETED_SUCCESSFULLY,3241089.000000,82.000000,3241171.000000,0.000000,82.000000,1.000000,138-139,-1.000000,""
3789,w0,92,3241649.000000,2,240.000000,1,COMPLETED_SUCCESSFULLY,3241649.000000,92.000000,3241741.000000,0.000000,92.000000,1.000000,138-139,-1.000000,""
3790,w0,71,3241962.000000,1,180.000000,1,COMPLETED_SUCCESSFULLY,3241962.000000,71.000000,3242033.000000,0.000000,71.000000,1.000000,138,-1.000000,""
3680,w0,46946,3196933.000000,64,57600.000000,1,COMPLETED_SUCCESSFULLY,3196933.000000,46946.000000,3243879.000000,0.000000,46946.000000,1.000000,16-19 28-87,-1.000000,""
3714,w0,13598,3206963.000000,37,14100.000000,1,COMPLETED_SUCCESSFULLY,3240730.000000,13598.000000,3254328.000000,33767.000000,47365.000000,3.483233,0-15 24-27 88-104,-1.000000,""
3717,w0,13806,3207447.000000,37,14100.000000,1,COMPLETED_SUCCESSFULLY,3240847.000000,13806.000000,3254653.000000,33400.000000,47206.000000,3.419238,20-23 105-137,-1.000000,""
3719,w0,13607,3208009.000000,37,14100.000000,1,COMPLETED_SUCCESSFULLY,3243879.000000,13607.000000,3257486.000000,35870.000000,49477.000000,3.636143,61-87 138-147,-1.000000,""
3718,w0,14058,3207582.000000,37,14100.000000,1,COMPLETED_SUCCESSFULLY,3243879.000000,14058.000000,3257937.000000,36297.000000,50355.000000,3.581946,16-19 28-60,-1.000000,""
3796,w0,21,3266485.000000,1,14400.000000,1,COMPLETED_SUCCESSFULLY,3266485.000000,21.000000,3266506.000000,0.000000,21.000000,1.000000,151,-1.000000,""
3721,w0,13677,3208499.000000,37,14100.000000,1,COMPLETED_SUCCESSFULLY,3254653.000000,13677.000000,3268330.000000,46154.000000,59831.000000,4.374570,20-23 105-137,-1.000000,""
3720,w0,14125,3208302.000000,37,14100.000000,0,COMPLETED_WALLTIME_REACHED,3254328.000000,14100.000000,3268428.000000,46026.000000,60126.000000,4.264255,0-15 24-27 88-104,-1.000000,""
3797,w0,60,3269273.000000,2,600.000000,1,COMPLETED_SUCCESSFULLY,3269273.000000,60.000000,3269333.000000,0.000000,60.000000,1.000000,151-152,-1.000000,""
3798,w0,55,3269279.000000,2,600.000000,1,COMPLETED_SUCCESSFULLY,3269279.000000,55.000000,3269334.000000,0.000000,55.000000,1.000000,153-154,-1.000000,""
3800,w0,57,3269997.000000,2,600.000000,1,COMPLETED_SUCCESSFULLY,3269997.000000,57.000000,3270054.000000,0.000000,57.000000,1.000000,152-153,-1.000000,""
3801,w0,55,3270004.000000,2,600.000000,1,COMPLETED_SUCCESSFULLY,3270004.000000,55.000000,3270059.000000,0.000000,55.000000,1.000000,154-155,-1.000000,""
3722,w0,13647,3208760.000000,37,14100.000000,1,COMPLETED_SUCCESSFULLY,3257486.000000,13647.000000,3271133.000000,48726.000000,62373.000000,4.570455,61-87 138-147,-1.000000,""
3723,w0,13526,3208904.000000,37,14100.000000,1,COMPLETED_SUCCESSFULLY,3257937.000000,13526.000000,3271463.000000,49033.000000,62559.000000,4.625092,16-19 28-60,-1.000000,""
3791,w0,681,3246764.000000,43,900.000000,1,COMPLETED_SUCCESSFULLY,3271133.000000,681.000000,3271814.000000,24369.000000,25050.000000,36.784141,61-87 138-147 156-161,-1.000000,""
3802,w0,974,3270893.000000,4,3540.000000,1,COMPLETED_SUCCESSFULLY,3270893.000000,974.000000,3271867.000000,0.000000,974.000000,1.000000,152-155,-1.000000,""
3755,w0,312,3221726.000000,64,600.000000,1,COMPLETED_SUCCESSFULLY,3271814.000000,312.000000,3272126.000000,50088.000000,50400.000000,161.538462,16-19 28-87,-1.000000,""
3799,w0,4524,3269926.000000,1,14400.000000,1,COMPLETED_SUCCESSFULLY,3269926.000000,4524.000000,3274450.000000,0.000000,4524.000000,1.000000,151,-1.000000,""
3804,w0,309,3275756.000000,32,600.000000,1,COMPLETED_SUCCESSFULLY,3275756.000000,309.000000,3276065.000000,0.000000,309.000000,1.000000,28-59,-1.000000,""
3803,w0,2040,3274076.000000,4,64800.000000,1,COMPLETED_SUCCESSFULLY,3274076.000000,2040.000000,3276116.000000,0.000000,2040.000000,1.000000,16-19,-1.000000,""
3805,w0,427,3275773.000000,32,600.000000,1,COMPLETED_SUCCESSFULLY,3275773.000000,427.000000,3276200.000000,0.000000,427.000000,1.000000,60-87 138-141,-1.000000,""
3806,w0,443,3275778.000000,32,600.000000,1,COMPLETED_SUCCESSFULLY,3276065.000000,443.000000,3276508.000000,287.000000,730.000000,1.647856,28-59,-1.000000,""
3808,w0,235,3276542.000000,1,14400.000000,1,COMPLETED_SUCCESSFULLY,3276542.000000,235.000000,3276777.000000,0.000000,235.000000,1.000000,28,-1.000000,""
3810,w0,336,3276575.000000,1,600.000000,1,COMPLETED_SUCCESSFULLY,3276575.000000,336.000000,3276911.000000,0.000000,336.000000,1.000000,37,-1.000000,""
3812,w0,203,3276772.000000,64,1800.000000,1,COMPLETED_SUCCESSFULLY,3276772.000000,203.000000,3276975.000000,0.000000,203.000000,1.000000,46-87 138-147 151-162,-1.000000,""
3815,w0,28,3277045.000000,1,600.000000,1,COMPLETED_SUCCESSFULLY,3277045.000000,28.000000,3277073.000000,0.000000,28.000000,1.000000,162,-1.000000,""
3816,w0,27,3277141.000000,1,600.000000,1,COMPLETED_SUCCESSFULLY,3277141.000000,27.000000,3277168.000000,0.000000,27.000000,1.000000,162,-1.000000,""
3813,w0,320,3276778.000000,64,1800.000000,1,COMPLETED_SUCCESSFULLY,3276975.000000,320.000000,3277295.000000,197.000000,517.000000,1.615625,37 46-87 138-147 151-161,-1.000000,""
3807,w0,1411,3276222.000000,4,28800.000000,1,COMPLETED_SUCCESSFULLY,3276222.000000,1411.000000,3277633.000000,0.000000,1411.000000,1.000000,16-19,-1.000000,""
3818,w0,177,3279400.000000,64,600.000000,1,COMPLETED_SUCCESSFULLY,3279400.000000,177.000000,3279577.000000,0.000000,177.000000,1.000000,49-87 138-147 151-162 166-168,-1.000000,""
3819,w0,192,3279404.000000,64,600.000000,1,COMPLETED_SUCCESSFULLY,3279577.000000,192.000000,3279769.000000,173.000000,365.000000,1.901042,49-87 138-147 151-162 166-168,-1.000000,""
3817,w0,921,3279220.000000,8,900.000000,0,COMPLETED_WALLTIME_REACHED,3279220.000000,900.000000,3280120.000000,0.000000,900.000000,1.000000,16-19 37 46-48,-1.000000,""
3811,w0,3751,3276722.000000,8,7140.000000,1,COMPLETED_SUCCESSFULLY,3276722.000000,3751.000000,3280473.000000,0.000000,3751.000000,1.000000,38-45,-1.000000,""
3814,w0,3649,3276844.000000,4,7140.000000,1,COMPLETED_SUCCESSFULLY,3276844.000000,3649.000000,3280493.000000,0.000000,3649.000000,1.000000,28 163-165,-1.000000,""
3809,w0,4654,3276551.000000,8,7140.000000,1,COMPLETED_SUCCESSFULLY,3276551.000000,4654.000000,3281205.000000,0.000000,4654.000000,1.000000,29-36,-1.000000,""
3724,w0,13475,3209103.000000,37,14100.000000,1,COMPLETED_SUCCESSFULLY,3268330.000000,13475.000000,3281805.000000,59227.000000,72702.000000,5.395325,20-23 105-137,-1.000000,""
3795,w0,285,3261390.000000,128,600.000000,1,COMPLETED_SUCCESSFULLY,3281805.000000,285.000000,3282090.000000,20415.000000,20700.000000,72.631579,16-23 28-87 105-147 151-167,-1.000000,""
3727,w0,13715,3209251.000000,37,14100.000000,1,COMPLETED_SUCCESSFULLY,3268428.000000,13715.000000,3282143.000000,59177.000000,72892.000000,5.314765,0-15 24-27 88-104,-1.000000,""
3822,w0,91,3286722.000000,12,600.000000,1,COMPLETED_SUCCESSFULLY,3286722.000000,91.000000,3286813.000000,0.000000,91.000000,1.000000,10-21,-1.000000,""
3823,w0,285,3288412.000000,8,900.000000,1,COMPLETED_SUCCESSFULLY,3288412.000000,285.000000,3288697.000000,0.000000,285.000000,1.000000,10-17,-1.000000,""
3828,w0,3484,3289232.000000,8,14400.000000,1,COMPLETED_SUCCESSFULLY,3289232.000000,3484.000000,3292716.000000,0.000000,3484.000000,1.000000,14-17 22-25,-1.000000,""
3829,w0,107,3293501.000000,4,3540.000000,1,COMPLETED_SUCCESSFULLY,3293501.000000,107.000000,3293608.000000,0.000000,107.000000,1.000000,14-17,-1.000000,""
3794,w0,35884,3258157.000000,1,43200.000000,1,COMPLETED_SUCCESSFULLY,3258157.000000,35884.000000,3294041.000000,0.000000,35884.000000,1.000000,150,-1.000000,""
3831,w0,278,3294735.000000,8,3600.000000,1,COMPLETED_SUCCESSFULLY,3294735.000000,278.000000,3295013.000000,0.000000,278.000000,1.000000,16-17 22-27,-1.000000,""
3832,w0,93,3295217.000000,12,600.000000,1,COMPLETED_SUCCESSFULLY,3295217.000000,93.000000,3295310.000000,0.000000,93.000000,1.000000,16-17 22-31,-1.000000,""
3833,w0,229,3296057.000000,6,3600.000000,1,COMPLETED_SUCCESSFULLY,3296057.000000,229.000000,3296286.000000,0.000000,229.000000,1.000000,16-17 22-25,-1.000000,""
3793,w0,38595,3258094.000000,1,43200.000000,1,COMPLETED_SUCCESSFULLY,3258094.000000,38595.000000,3296689.000000,0.000000,38595.000000,1.000000,149,-1.000000,""
3834,w0,59,3296768.000000,2,600.000000,1,COMPLETED_SUCCESSFULLY,3296768.000000,59.000000,3296827.000000,0.000000,59.000000,1.000000,16-17,-1.000000,""
3835,w0,59,3296795.000000,2,600.000000,1,COMPLETED_SUCCESSFULLY,3296795.000000,59.000000,3296854.000000,0.000000,59.000000,1.000000,22-23,-1.000000,""
3792,w0,38944,3257937.000000,1,43200.000000,1,COMPLETED_SUCCESSFULLY,3257937.000000,38944.000000,3296881.000000,0.000000,38944.000000,1.000000,148,-1.000000,""
3827,w0,8184,3288876.000000,2,64800.000000,1,COMPLETED_SUCCESSFULLY,3288876.000000,8184.000000,3297060.000000,0.000000,8184.000000,1.000000,12-13,-1.000000,""
3836,w0,64,3298464.000000,64,36000.000000,1,COMPLETED_SUCCESSFULLY,3298464.000000,64.000000,3298528.000000,0.000000,64.000000,1.000000,12-13 16-17 22-81,-1.000000,""
3838,w0,98,3299172.000000,3,1740.000000,1,COMPLETED_SUCCESSFULLY,3299172.000000,98.000000,3299270.000000,0.000000,98.000000,1.000000,24-26,-1.000000,""
3820,w0,14884,3285082.000000,8,64800.000000,1,COMPLETED_SUCCESSFULLY,3285082.000000,14884.000000,3299966.000000,0.000000,14884.000000,1.000000,0-7,-1.000000,""
3837,w0,1910,3298811.000000,6,3600.000000,1,COMPLETED_SUCCESSFULLY,3298811.000000,1910.000000,3300721.000000,0.000000,1910.000000,1.000000,12-13 16-17 22-23,-1.000000,""
3839,w0,2942,3299489.000000,3,7140.000000,1,COMPLETED_SUCCESSFULLY,3299489.000000,2942.000000,3302431.000000,0.000000,2942.000000,1.000000,24-26,-1.000000,""
3826,w0,16327,3288827.000000,2,64800.000000,1,COMPLETED_SUCCESSFULLY,3288827.000000,16327.000000,3305154.000000,0.000000,16327.000000,1.000000,10-11,-1.000000,""
3841,w0,38,3307971.000000,1,600.000000,1,COMPLETED_SUCCESSFULLY,3307971.000000,38.000000,3308009.000000,0.000000,38.000000,1.000000,10,-1.000000,""
3842,w0,37,3307985.000000,1,600.000000,1,COMPLETED_SUCCESSFULLY,3307985.000000,37.000000,3308022.000000,0.000000,37.000000,1.000000,11,-1.000000,""
3840,w0,130,3307938.000000,8,7140.000000,1,COMPLETED_SUCCESSFULLY,3307938.000000,130.000000,3308068.000000,0.000000,130.000000,1.000000,0-7,-1.000000,""
3845,w0,44,3308318.000000,1,600.000000,1,COMPLETED_SUCCESSFULLY,3308318.000000,44.000000,3308362.000000,0.000000,44.000000,1.000000,80,-1.000000,""
3844,w0,737,3308078.000000,64,36000.000000,1,COMPLETED_SUCCESSFULLY,3308078.000000,737.000000,3308815.000000,0.000000,737.000000,1.000000,10-13 16-17 22-79,-1.000000,""
3846,w0,107,3311696.000000,64,36000.000000,1,COMPLETED_SUCCESSFULLY,3311696.000000,107.000000,3311803.000000,0.000000,107.000000,1.000000,10-13 16-17 22-79,-1.000000,""
3847,w0,90,3312292.000000,12,600.000000,1,COMPLETED_SUCCESSFULLY,3312292.000000,90.000000,3312382.000000,0.000000,90.000000,1.000000,10-13 16-17 22-27,-1.000000,""
3843,w0,4551,3308078.000000,8,7140.000000,1,COMPLETED_SUCCESSFULLY,3308078.000000,4551.000000,3312629.000000,0.000000,4551.000000,1.000000,0-7,-1.000000,""
3830,w0,19392,3294458.000000,2,64800.000000,1,COMPLETED_SUCCESSFULLY,3294458.000000,19392.000000,3313850.000000,0.000000,19392.000000,1.000000,14-15,-1.000000,""
3848,w0,2008,3312714.000000,8,5400.000000,1,COMPLETED_SUCCESSFULLY,3312714.000000,2008.000000,3314722.000000,0.000000,2008.000000,1.000000,0-7,-1.000000,""
3849,w0,1572,3313390.000000,8,2400.000000,1,COMPLETED_SUCCESSFULLY,3313390.000000,1572.000000,3314962.000000,0.000000,1572.000000,1.000000,10-13 16-17 22-23,-1.000000,""
3852,w0,42,3315021.000000,8,2400.000000,1,COMPLETED_SUCCESSFULLY,3315021.000000,42.000000,3315063.000000,0.000000,42.000000,1.000000,0-7,-1.000000,""
3853,w0,42,3315025.000000,8,2400.000000,1,COMPLETED_SUCCESSFULLY,3315025.000000,42.000000,3315067.000000,0.000000,42.000000,1.000000,10-17,-1.000000,""
3854,w0,42,3315028.000000,8,2400.000000,1,COMPLETED_SUCCESSFULLY,3315028.000000,42.000000,3315070.000000,0.000000,42.000000,1.000000,22-23 40-45,-1.000000,""
3850,w0,1869,3313433.000000,8,2400.000000,1,COMPLETED_SUCCESSFULLY,3313433.000000,1869.000000,3315302.000000,0.000000,1869.000000,1.000000,24-31,-1.000000,""
3851,w0,1842,3313479.000000,8,2400.000000,1,COMPLETED_SUCCESSFULLY,3313479.000000,1842.000000,3315321.000000,0.000000,1842.000000,1.000000,32-39,-1.000000,""
3825,w0,32135,3288598.000000,2,64800.000000,1,COMPLETED_SUCCESSFULLY,3288598.000000,32135.000000,3320733.000000,0.000000,32135.000000,1.000000,20-21,-1.000000,""
3856,w0,48,3327985.000000,8,10800.000000,1,COMPLETED_SUCCESSFULLY,3327985.000000,48.000000,3328033.000000,0.000000,48.000000,1.000000,1-7 10,-1.000000,""
3858,w0,48,3327989.000000,8,10800.000000,1,COMPLETED_SUCCESSFULLY,3327989.000000,48.000000,3328037.000000,0.000000,48.000000,1.000000,21-28,-1.000000,""
3857,w0,53,3327987.000000,8,10800.000000,1,COMPLETED_SUCCESSFULLY,3327987.000000,53.000000,3328040.000000,0.000000,53.000000,1.000000,11-17 20,-1.000000,""
3821,w0,48396,3286511.000000,2,64800.000000,1,COMPLETED_SUCCESSFULLY,3286511.000000,48396.000000,3334907.000000,0.000000,48396.000000,1.000000,8-9,-1.000000,""
3855,w0,14649,3327203.000000,1,28800.000000,1,COMPLETED_SUCCESSFULLY,3327203.000000,14649.000000,3341852.000000,0.000000,14649.000000,1.000000,0,-1.000000,""
3859,w0,4269,3338264.000000,8,7200.000000,1,COMPLETED_SUCCESSFULLY,3338264.000000,4269.000000,3342533.000000,0.000000,4269.000000,1.000000,1-8,-1.000000,""
3860,w0,58,3343664.000000,8,7200.000000,1,COMPLETED_SUCCESSFULLY,3343664.000000,58.000000,3343722.000000,0.000000,58.000000,1.000000,0-7,-1.000000,""
3863,w0,681,3344757.000000,1,5400.000000,1,COMPLETED_SUCCESSFULLY,3344757.000000,681.000000,3345438.000000,0.000000,681.000000,1.000000,2,-1.000000,""
3861,w0,1483,3344746.000000,1,7200.000000,1,COMPLETED_SUCCESSFULLY,3344746.000000,1483.000000,3346229.000000,0.000000,1483.000000,1.000000,0,-1.000000,""
3862,w0,1835,3344754.000000,1,5400.000000,1,COMPLETED_SUCCESSFULLY,3344754.000000,1835.000000,3346589.000000,0.000000,1835.000000,1.000000,1,-1.000000,""
3824,w0,59862,3288470.000000,2,64800.000000,1,COMPLETED_SUCCESSFULLY,3288470.000000,59862.000000,3348332.000000,0.000000,59862.000000,1.000000,18-19,-1.000000,""
3867,w0,58,3349065.000000,8,7200.000000,1,COMPLETED_SUCCESSFULLY,3349065.000000,58.000000,3349123.000000,0.000000,58.000000,1.000000,3-10,-1.000000,""
3868,w0,56,3349352.000000,8,2400.000000,1,COMPLETED_SUCCESSFULLY,3349352.000000,56.000000,3349408.000000,0.000000,56.000000,1.000000,3-10,-1.000000,""
3866,w0,1808,3348277.000000,1,5400.000000,1,COMPLETED_SUCCESSFULLY,3348277.000000,1808.000000,3350085.000000,0.000000,1808.000000,1.000000,2,-1.000000,""
3872,w0,57,3350865.000000,8,7200.000000,1,COMPLETED_SUCCESSFULLY,3350865.000000,57.000000,3350922.000000,0.000000,57.000000,1.000000,2 27-33,-1.000000,""
3873,w0,22,3351086.000000,1,7200.000000,1,COMPLETED_SUCCESSFULLY,3351086.000000,22.000000,3351108.000000,0.000000,22.000000,1.000000,2,-1.000000,""
3869,w0,1352,3349791.000000,8,2400.000000,1,COMPLETED_SUCCESSFULLY,3349791.000000,1352.000000,3351143.000000,0.000000,1352.000000,1.000000,3-10,-1.000000,""
3871,w0,1340,3350033.000000,8,2400.000000,1,COMPLETED_SUCCESSFULLY,3350033.000000,1340.000000,3351373.000000,0.000000,1340.000000,1.000000,19-26,-1.000000,""
3870,w0,1569,3350030.000000,8,2400.000000,1,COMPLETED_SUCCESSFULLY,3350030.000000,1569.000000,3351599.000000,0.000000,1569.000000,1.000000,11-18,-1.000000,""
3874,w0,74,3352619.000000,1,600.000000,1,COMPLETED_SUCCESSFULLY,3352619.000000,74.000000,3352693.000000,0.000000,74.000000,1.000000,2,-1.000000,""
3875,w0,43,3352665.000000,8,7200.000000,1,COMPLETED_SUCCESSFULLY,3352665.000000,43.000000,3352708.000000,0.000000,43.000000,1.000000,3-10,-1.000000,""
3878,w0,1167,3356196.000000,1,3540.000000,1,COMPLETED_SUCCESSFULLY,3356196.000000,1167.000000,3357363.000000,0.000000,1167.000000,1.000000,18,-1.000000,""
3877,w0,1472,3356105.000000,8,3540.000000,1,COMPLETED_SUCCESSFULLY,3356105.000000,1472.000000,3357577.000000,0.000000,1472.000000,1.000000,10-17,-1.000000,""
3880,w0,42,3357865.000000,1,34200.000000,1,COMPLETED_SUCCESSFULLY,3357865.000000,42.000000,3357907.000000,0.000000,42.000000,1.000000,10,-1.000000,""
3881,w0,249,3357905.000000,1,7200.000000,1,COMPLETED_SUCCESSFULLY,3357905.000000,249.000000,3358154.000000,0.000000,249.000000,1.000000,11,-1.000000,""
3879,w0,1836,3356474.000000,1,3540.000000,1,COMPLETED_SUCCESSFULLY,3356474.000000,1836.000000,3358310.000000,0.000000,1836.000000,1.000000,19,-1.000000,""
3876,w0,2317,3356092.000000,8,3540.000000,1,COMPLETED_SUCCESSFULLY,3356092.000000,2317.000000,3358409.000000,0.000000,2317.000000,1.000000,2-9,-1.000000,""
3883,w0,42,3362893.000000,8,600.000000,1,COMPLETED_SUCCESSFULLY,3362893.000000,42.000000,3362935.000000,0.000000,42.000000,1.000000,66-73,-1.000000,""
3882,w0,103,3362841.000000,64,36000.000000,1,COMPLETED_SUCCESSFULLY,3362841.000000,103.000000,3362944.000000,0.000000,103.000000,1.000000,2-65,-1.000000,""
3884,w0,29,3366681.000000,1,180.000000,1,COMPLETED_SUCCESSFULLY,3366681.000000,29.000000,3366710.000000,0.000000,29.000000,1.000000,2,-1.000000,""
3885,w0,43,3367065.000000,8,7200.000000,1,COMPLETED_SUCCESSFULLY,3367065.000000,43.000000,3367108.000000,0.000000,43.000000,1.000000,2-9,-1.000000,""
3887,w0,43,3368865.000000,8,7200.000000,1,COMPLETED_SUCCESSFULLY,3368865.000000,43.000000,3368908.000000,0.000000,43.000000,1.000000,3-10,-1.000000,""
3888,w0,43,3370213.000000,8,7200.000000,1,COMPLETED_SUCCESSFULLY,3370213.000000,43.000000,3370256.000000,0.000000,43.000000,1.000000,3-10,-1.000000,""
3889,w0,45,3370666.000000,8,7200.000000,1,COMPLETED_SUCCESSFULLY,3370666.000000,45.000000,3370711.000000,0.000000,45.000000,1.000000,3-10,-1.000000,""
3890,w0,6563,3371165.000000,36,28800.000000,1,COMPLETED_SUCCESSFULLY,3371165.000000,6563.000000,3377728.000000,0.000000,6563.000000,1.000000,3-38,-1.000000,""
3891,w0,44,3379665.000000,8,7200.000000,1,COMPLETED_SUCCESSFULLY,3379665.000000,44.000000,3379709.000000,0.000000,44.000000,1.000000,3-10,-1.000000,""
3892,w0,43,3381465.000000,8,7200.000000,1,COMPLETED_SUCCESSFULLY,3381465.000000,43.000000,3381508.000000,0.000000,43.000000,1.000000,3-10,-1.000000,""
3893,w0,43,3385065.000000,8,7200.000000,1,COMPLETED_SUCCESSFULLY,3385065.000000,43.000000,3385108.000000,0.000000,43.000000,1.000000,3-10,-1.000000,""
3865,w0,38656,3347805.000000,1,43200.000000,1,COMPLETED_SUCCESSFULLY,3347805.000000,38656.000000,3386461.000000,0.000000,38656.000000,1.000000,1,-1.000000,""
3894,w0,43,3386865.000000,8,7200.000000,1,COMPLETED_SUCCESSFULLY,3386865.000000,43.000000,3386908.000000,0.000000,43.000000,1.000000,1 3-9,-1.000000,""
3864,w0,39999,3347672.000000,1,43200.000000,1,COMPLETED_SUCCESSFULLY,3347672.000000,39999.000000,3387671.000000,0.000000,39999.000000,1.000000,0,-1.000000,""
3895,w0,42,3388665.000000,8,7200.000000,1,COMPLETED_SUCCESSFULLY,3388665.000000,42.000000,3388707.000000,0.000000,42.000000,1.000000,0-1 3-8,-1.000000,""
3896,w0,43,3390465.000000,8,7200.000000,1,COMPLETED_SUCCESSFULLY,3390465.000000,43.000000,3390508.000000,0.000000,43.000000,1.000000,0-1 3-8,-1.000000,""
3897,w0,43,3392265.000000,8,7200.000000,1,COMPLETED_SUCCESSFULLY,3392265.000000,43.000000,3392308.000000,0.000000,43.000000,1.000000,0-1 3-8,-1.000000,""
3898,w0,43,3394065.000000,8,7200.000000,1,COMPLETED_SUCCESSFULLY,3394065.000000,43.000000,3394108.000000,0.000000,43.000000,1.000000,0-1 3-8,-1.000000,""
3899,w0,42,3395865.000000,8,7200.000000,1,COMPLETED_SUCCESSFULLY,3395865.000000,42.000000,3395907.000000,0.000000,42.000000,1.000000,0-1 3-8,-1.000000,""
3886,w0,29653,3367662.000000,1,43200.000000,1,COMPLETED_SUCCESSFULLY,3367662.000000,29653.000000,3397315.000000,0.000000,29653.000000,1.000000,2,-1.000000,""
3900,w0,59,3397377.000000,8,7200.000000,1,COMPLETED_SUCCESSFULLY,3397377.000000,59.000000,3397436.000000,0.000000,59.000000,1.000000,0-7,-1.000000,""
3902,w0,55,3397666.000000,8,7200.000000,1,COMPLETED_SUCCESSFULLY,3397666.000000,55.000000,3397721.000000,0.000000,55.000000,1.000000,8-15,-1.000000,""
3903,w0,53,3397763.000000,8,7200.000000,1,COMPLETED_SUCCESSFULLY,3397763.000000,53.000000,3397816.000000,0.000000,53.000000,1.000000,8-15,-1.000000,""
3904,w0,311,3398116.000000,64,600.000000,1,COMPLETED_SUCCESSFULLY,3398116.000000,311.000000,3398427.000000,0.000000,311.000000,1.000000,8-71,-1.000000,""
3901,w0,1071,3397534.000000,8,2400.000000,1,COMPLETED_SUCCESSFULLY,3397534.000000,1071.000000,3398605.000000,0.000000,1071.000000,1.000000,0-7,-1.000000,""
3905,w0,308,3398717.000000,32,600.000000,1,COMPLETED_SUCCESSFULLY,3398717.000000,308.000000,3399025.000000,0.000000,308.000000,1.000000,0-31,-1.000000,""
3906,w0,324,3398721.000000,32,600.000000,1,COMPLETED_SUCCESSFULLY,3398721.000000,324.000000,3399045.000000,0.000000,324.000000,1.000000,32-63,-1.000000,""
3907,w0,319,3398726.000000,32,600.000000,1,COMPLETED_SUCCESSFULLY,3398726.000000,319.000000,3399045.000000,0.000000,319.000000,1.000000,64-95,-1.000000,""
3909,w0,109,3400011.000000,64,3600.000000,1,COMPLETED_SUCCESSFULLY,3400011.000000,109.000000,3400120.000000,0.000000,109.000000,1.000000,3-66,-1.000000,""
3910,w0,63,3400901.000000,4,1800.000000,1,COMPLETED_SUCCESSFULLY,3400901.000000,63.000000,3400964.000000,0.000000,63.000000,1.000000,3-6,-1.000000,""
3911,w0,66,3400959.000000,4,1800.000000,1,COMPLETED_SUCCESSFULLY,3400959.000000,66.000000,3401025.000000,0.000000,66.000000,1.000000,7-10,-1.000000,""
3914,w0,1469,3401479.000000,4,3540.000000,1,COMPLETED_SUCCESSFULLY,3401479.000000,1469.000000,3402948.000000,0.000000,1469.000000,1.000000,11-14,-1.000000,""
3912,w0,1865,3401386.000000,4,3540.000000,1,COMPLETED_SUCCESSFULLY,3401386.000000,1865.000000,3403251.000000,0.000000,1865.000000,1.000000,3-6,-1.000000,""
3916,w0,1071,3402543.000000,4,1740.000000,1,COMPLETED_SUCCESSFULLY,3402543.000000,1071.000000,3403614.000000,0.000000,1071.000000,1.000000,19-22,-1.000000,""
3915,w0,2477,3401524.000000,4,3540.000000,1,COMPLETED_SUCCESSFULLY,3401524.000000,2477.000000,3404001.000000,0.000000,2477.000000,1.000000,15-18,-1.000000,""
3917,w0,1604,3402819.000000,4,1740.000000,1,COMPLETED_SUCCESSFULLY,3402819.000000,1604.000000,3404423.000000,0.000000,1604.000000,1.000000,23-26,-1.000000,""
3913,w0,3052,3401424.000000,4,3540.000000,1,COMPLETED_SUCCESSFULLY,3401424.000000,3052.000000,3404476.000000,0.000000,3052.000000,1.000000,7-10,-1.000000,""
3918,w0,1333,3403185.000000,1,3600.000000,1,COMPLETED_SUCCESSFULLY,3403185.000000,1333.000000,3404518.000000,0.000000,1333.000000,1.000000,11,-1.000000,""
3919,w0,251,3404703.000000,1,34200.000000,1,COMPLETED_SUCCESSFULLY,3404703.000000,251.000000,3404954.000000,0.000000,251.000000,1.000000,3,-1.000000,""
3920,w0,30,3405798.000000,1,180.000000,1,COMPLETED_SUCCESSFULLY,3405798.000000,30.000000,3405828.000000,0.000000,30.000000,1.000000,3,-1.000000,""
3922,w0,128,3406473.000000,64,3600.000000,1,COMPLETED_SUCCESSFULLY,3406473.000000,128.000000,3406601.000000,0.000000,128.000000,1.000000,40-103,-1.000000,""
3923,w0,29,3406689.000000,1,180.000000,1,COMPLETED_SUCCESSFULLY,3406689.000000,29.000000,3406718.000000,0.000000,29.000000,1.000000,40,-1.000000,""
3924,w0,274,3406925.000000,1,30600.000000,1,COMPLETED_SUCCESSFULLY,3406925.000000,274.000000,3407199.000000,0.000000,274.000000,1.000000,40,-1.000000,""
3926,w0,117,3408523.000000,64,3600.000000,1,COMPLETED_SUCCESSFULLY,3408523.000000,117.000000,3408640.000000,0.000000,117.000000,1.000000,41-104,-1.000000,""
3927,w0,125,3408539.000000,64,3600.000000,1,COMPLETED_SUCCESSFULLY,3408539.000000,125.000000,3408664.000000,0.000000,125.000000,1.000000,105-168,-1.000000,""
3928,w0,120,3408544.000000,64,3600.000000,1,COMPLETED_SUCCESSFULLY,3408640.000000,120.000000,3408760.000000,96.000000,216.000000,1.800000,41-104,-1.000000,""
3925,w0,2765,3407256.000000,1,30600.000000,1,COMPLETED_SUCCESSFULLY,3407256.000000,2765.000000,3410021.000000,0.000000,2765.000000,1.000000,40,-1.000000,""
3929,w0,464,3410177.000000,1,5400.000000,1,COMPLETED_SUCCESSFULLY,3410177.000000,464.000000,3410641.000000,0.000000,464.000000,1.000000,40,-1.000000,""
3931,w0,77,3411475.000000,1,64200.000000,1,COMPLETED_SUCCESSFULLY,3411475.000000,77.000000,3411552.000000,0.000000,77.000000,1.000000,40,-1.000000,""
3921,w0,13604,3406451.000000,37,14100.000000,1,COMPLETED_SUCCESSFULLY,3406451.000000,13604.000000,3420055.000000,0.000000,13604.000000,1.000000,3-39,-1.000000,""
3930,w0,9967,3410231.000000,1,28800.000000,1,COMPLETED_SUCCESSFULLY,3410231.000000,9967.000000,3420198.000000,0.000000,9967.000000,1.000000,41,-1.000000,""
3932,w0,310,3427617.000000,64,600.000000,1,COMPLETED_SUCCESSFULLY,3427617.000000,310.000000,3427927.000000,0.000000,310.000000,1.000000,3-66,-1.000000,""
3933,w0,207,3427922.000000,64,600.000000,1,COMPLETED_SUCCESSFULLY,3427922.000000,207.000000,3428129.000000,0.000000,207.000000,1.000000,67-130,-1.000000,""
3937,w0,38,3430977.000000,1,5400.000000,1,COMPLETED_SUCCESSFULLY,3430977.000000,38.000000,3431015.000000,0.000000,38.000000,1.000000,6,-1.000000,""
3940,w0,3873,3431134.000000,1,5400.000000,1,COMPLETED_SUCCESSFULLY,3431134.000000,3873.000000,3435007.000000,0.000000,3873.000000,1.000000,8,-1.000000,""
3941,w0,312,3438804.000000,64,600.000000,1,COMPLETED_SUCCESSFULLY,3438804.000000,312.000000,3439116.000000,0.000000,312.000000,1.000000,8-71,-1.000000,""
3942,w0,284,3439447.000000,128,600.000000,1,COMPLETED_SUCCESSFULLY,3439447.000000,284.000000,3439731.000000,0.000000,284.000000,1.000000,8-135,-1.000000,""
3944,w0,184,3442283.000000,4,1200.000000,1,COMPLETED_SUCCESSFULLY,3442283.000000,184.000000,3442467.000000,0.000000,184.000000,1.000000,12-15,-1.000000,""
3946,w0,196,3442314.000000,64,600.000000,1,COMPLETED_SUCCESSFULLY,3442314.000000,196.000000,3442510.000000,0.000000,196.000000,1.000000,80-143,-1.000000,""
3945,w0,310,3442309.000000,64,600.000000,1,COMPLETED_SUCCESSFULLY,3442309.000000,310.000000,3442619.000000,0.000000,310.000000,1.000000,16-79,-1.000000,""
3949,w0,27,3444755.000000,1,19800.000000,1,COMPLETED_SUCCESSFULLY,3444755.000000,27.000000,3444782.000000,0.000000,27.000000,1.000000,14,-1.000000,""
3950,w0,27,3444787.000000,1,19800.000000,1,COMPLETED_SUCCESSFULLY,3444787.000000,27.000000,3444814.000000,0.000000,27.000000,1.000000,14,-1.000000,""
3951,w0,28,3444817.000000,1,19800.000000,1,COMPLETED_SUCCESSFULLY,3444817.000000,28.000000,3444845.000000,0.000000,28.000000,1.000000,14,-1.000000,""
3948,w0,305,3444707.000000,1,3600.000000,1,COMPLETED_SUCCESSFULLY,3444707.000000,305.000000,3445012.000000,0.000000,305.000000,1.000000,13,-1.000000,""
3908,w0,45666,3400003.000000,3,64800.000000,1,COMPLETED_SUCCESSFULLY,3400003.000000,45666.000000,3445669.000000,0.000000,45666.000000,1.000000,0-2,-1.000000,""
3955,w0,193,3447530.000000,4,14400.000000,1,COMPLETED_SUCCESSFULLY,3447530.000000,193.000000,3447723.000000,0.000000,193.000000,1.000000,0-2 13,-1.000000,""
3956,w0,48,3451564.000000,8,10800.000000,1,COMPLETED_SUCCESSFULLY,3451564.000000,48.000000,3451612.000000,0.000000,48.000000,1.000000,0-2 13-14 18-20,-1.000000,""
3947,w0,9609,3444234.000000,1,19800.000000,1,COMPLETED_SUCCESSFULLY,3444234.000000,9609.000000,3453843.000000,0.000000,9609.000000,1.000000,12,-1.000000,""
3957,w0,47,3455209.000000,2,300.000000,1,COMPLETED_SUCCESSFULLY,3455209.000000,47.000000,3455256.000000,0.000000,47.000000,1.000000,0-1,-1.000000,""
3943,w0,21349,3439807.000000,4,64800.000000,1,COMPLETED_SUCCESSFULLY,3439807.000000,21349.000000,3461156.000000,0.000000,21349.000000,1.000000,8-11,-1.000000,""
3961,w0,29,3465448.000000,1,1800.000000,1,COMPLETED_SUCCESSFULLY,3465448.000000,29.000000,3465477.000000,0.000000,29.000000,1.000000,9,-1.000000,""
3965,w0,180,3465502.000000,16,1800.000000,1,COMPLETED_SUCCESSFULLY,3465502.000000,180.000000,3465682.000000,0.000000,180.000000,1.000000,27-42,-1.000000,""
3964,w0,340,3465498.000000,8,1800.000000,1,COMPLETED_SUCCESSFULLY,3465498.000000,340.000000,3465838.000000,0.000000,340.000000,1.000000,19-26,-1.000000,""
3963,w0,667,3465493.000000,4,1800.000000,1,COMPLETED_SUCCESSFULLY,3465493.000000,667.000000,3466160.000000,0.000000,667.000000,1.000000,11 13-14 18,-1.000000,""
3966,w0,41,3466259.000000,1,64200.000000,1,COMPLETED_SUCCESSFULLY,3466259.000000,41.000000,3466300.000000,0.000000,41.000000,1.000000,11,-1.000000,""
3934,w0,35599,3430837.000000,1,43200.000000,1,COMPLETED_SUCCESSFULLY,3430837.000000,35599.000000,3466436.000000,0.000000,35599.000000,1.000000,3,-1.000000,""
3962,w0,1291,3465488.000000,2,1800.000000,1,COMPLETED_SUCCESSFULLY,3465488.000000,1291.000000,3466779.000000,0.000000,1291.000000,1.000000,9-10,-1.000000,""
3939,w0,36126,3431086.000000,1,43200.000000,1,COMPLETED_SUCCESSFULLY,3431086.000000,36126.000000,3467212.000000,0.000000,36126.000000,1.000000,7,-1.000000,""
3959,w0,9689,3460286.000000,2,64800.000000,1,COMPLETED_SUCCESSFULLY,3460286.000000,9689.000000,3469975.000000,0.000000,9689.000000,1.000000,2 12,-1.000000,""
3938,w0,40078,3431041.000000,1,43200.000000,1,COMPLETED_SUCCESSFULLY,3431041.000000,40078.000000,3471119.000000,0.000000,40078.000000,1.000000,6,-1.000000,""
3935,w0,40718,3430906.000000,1,43200.000000,1,COMPLETED_SUCCESSFULLY,3430906.000000,40718.000000,3471624.000000,0.000000,40718.000000,1.000000,4,-1.000000,""
3936,w0,41385,3430954.000000,1,43200.000000,1,COMPLETED_SUCCESSFULLY,3430954.000000,41385.000000,3472339.000000,0.000000,41385.000000,1.000000,5,-1.000000,""
3968,w0,67,3472742.000000,12,1800.000000,1,COMPLETED_SUCCESSFULLY,3472742.000000,67.000000,3472809.000000,0.000000,67.000000,1.000000,2 4-7 9-14 18,-1.000000,""
3969,w0,72,3473254.000000,24,1800.000000,1,COMPLETED_SUCCESSFULLY,3473254.000000,72.000000,3473326.000000,0.000000,72.000000,1.000000,2 4-7 9-14 18-30,-1.000000,""
3970,w0,188,3473486.000000,12,1800.000000,1,COMPLETED_SUCCESSFULLY,3473486.000000,188.000000,3473674.000000,0.000000,188.000000,1.000000,2 4-7 9-14 18,-1.000000,""
3982,w0,71,3475343.000000,1,600.000000,1,COMPLETED_SUCCESSFULLY,3475343.000000,71.000000,3475414.000000,0.000000,71.000000,1.000000,145,-1.000000,""
3983,w0,86,3475349.000000,1,600.000000,1,COMPLETED_SUCCESSFULLY,3475349.000000,86.000000,3475435.000000,0.000000,86.000000,1.000000,146,-1.000000,""
3987,w0,90,3475677.000000,1,600.000000,1,COMPLETED_SUCCESSFULLY,3475677.000000,90.000000,3475767.000000,0.000000,90.000000,1.000000,145,-1.000000,""
3971,w0,1431,3474435.000000,64,10800.000000,1,COMPLETED_SUCCESSFULLY,3474435.000000,1431.000000,3475866.000000,0.000000,1431.000000,1.000000,2 4-7 9-14 18-70,-1.000000,""
3958,w0,17241,3460283.000000,2,64800.000000,1,COMPLETED_SUCCESSFULLY,3460283.000000,17241.000000,3477524.000000,0.000000,17241.000000,1.000000,0-1,-1.000000,""
3967,w0,10132,3468248.000000,1,28800.000000,1,COMPLETED_SUCCESSFULLY,3468248.000000,10132.000000,3478380.000000,0.000000,10132.000000,1.000000,3,-1.000000,""
3999,w0,48,3480201.000000,8,10800.000000,1,COMPLETED_SUCCESSFULLY,3480201.000000,48.000000,3480249.000000,0.000000,48.000000,1.000000,1 3 155-160,-1.000000,""
3998,w0,3228,3479562.000000,1,3600.000000,1,COMPLETED_SUCCESSFULLY,3479562.000000,3228.000000,3482790.000000,0.000000,3228.000000,1.000000,0,-1.000000,""
4003,w0,28,3484122.000000,1,9900.000000,1,COMPLETED_SUCCESSFULLY,3484122.000000,28.000000,3484150.000000,0.000000,28.000000,1.000000,0,-1.000000,""
4004,w0,27,3484324.000000,1,9000.000000,1,COMPLETED_SUCCESSFULLY,3484324.000000,27.000000,3484351.000000,0.000000,27.000000,1.000000,0,-1.000000,""
4001,w0,5556,3481023.000000,10,7200.000000,1,COMPLETED_SUCCESSFULLY,3481023.000000,5556.000000,3486579.000000,0.000000,5556.000000,1.000000,161-170,-1.000000,""
3973,w0,13895,3474593.000000,37,14100.000000,1,COMPLETED_SUCCESSFULLY,3474593.000000,13895.000000,3488488.000000,0.000000,13895.000000,1.000000,108-144,-1.000000,""
3972,w0,13963,3474543.000000,37,14100.000000,1,COMPLETED_SUCCESSFULLY,3474543.000000,13963.000000,3488506.000000,0.000000,13963.000000,1.000000,71-107,-1.000000,""
3976,w0,13928,3474903.000000,37,14100.000000,1,COMPLETED_SUCCESSFULLY,3475866.000000,13928.000000,3489794.000000,963.000000,14891.000000,1.069141,44-70 145-154,-1.000000,""
3974,w0,14086,3474737.000000,37,14100.000000,1,COMPLETED_SUCCESSFULLY,3475866.000000,14086.000000,3489952.000000,1129.000000,15215.000000,1.080151,2 4-7 9-14 18-43,-1.000000,""
3952,w0,47236,3444834.000000,1,50400.000000,1,COMPLETED_SUCCESSFULLY,3444834.000000,47236.000000,3492070.000000,0.000000,47236.000000,1.000000,15,-1.000000,""
4002,w0,188,3481685.000000,12,41400.000000,1,COMPLETED_SUCCESSFULLY,3492070.000000,188.000000,3492258.000000,10385.000000,10573.000000,56.239362,15 154 161-170,-1.000000,""
3954,w0,47533,3444834.000000,1,50400.000000,1,COMPLETED_SUCCESSFULLY,3444834.000000,47533.000000,3492367.000000,0.000000,47533.000000,1.000000,17,-1.000000,""
3953,w0,47654,3444834.000000,1,50400.000000,1,COMPLETED_SUCCESSFULLY,3444834.000000,47654.000000,3492488.000000,0.000000,47654.000000,1.000000,16,-1.000000,""
4000,w0,12141,3480510.000000,8,14400.000000,1,COMPLETED_SUCCESSFULLY,3480510.000000,12141.000000,3492651.000000,0.000000,12141.000000,1.000000,1 3 155-160,-1.000000,""
3960,w0,36587,3465360.000000,1,64200.000000,1,COMPLETED_SUCCESSFULLY,3465360.000000,36587.000000,3501947.000000,0.000000,36587.000000,1.000000,8,-1.000000,""
3977,w0,13802,3474940.000000,37,14100.000000,1,COMPLETED_SUCCESSFULLY,3488488.000000,13802.000000,3502290.000000,13548.000000,27350.000000,1.981597,0 108-143,-1.000000,""
3978,w0,13943,3475007.000000,37,14100.000000,1,COMPLETED_SUCCESSFULLY,3488506.000000,13943.000000,3502449.000000,13499.000000,27442.000000,1.968156,71-107,-1.000000,""
3979,w0,13841,3475037.000000,37,14100.000000,1,COMPLETED_SUCCESSFULLY,3489794.000000,13841.000000,3503635.000000,14757.000000,28598.000000,2.066180,44-70 144-153,-1.000000,""
3980,w0,13832,3475107.000000,37,14100.000000,1,COMPLETED_SUCCESSFULLY,3489952.000000,13832.000000,3503784.000000,14845.000000,28677.000000,2.073236,2 4-7 9-14 18-43,-1.000000,""
3984,w0,13810,3475541.000000,37,14100.000000,1,COMPLETED_SUCCESSFULLY,3502449.000000,13810.000000,3516259.000000,26908.000000,40718.000000,2.948443,71-107,-1.000000,""
3981,w0,14057,3475138.000000,37,14100.000000,1,COMPLETED_SUCCESSFULLY,3502290.000000,14057.000000,3516347.000000,27152.000000,41209.000000,2.931564,0-1 3 8 15-17 108-137,-1.000000,""
3988,w0,13848,3476048.000000,37,14100.000000,1,COMPLETED_SUCCESSFULLY,3503635.000000,13848.000000,3517483.000000,27587.000000,41435.000000,2.992129,44-70 138-147,-1.000000,""
3989,w0,13864,3476109.000000,37,14100.000000,1,COMPLETED_SUCCESSFULLY,3503784.000000,13864.000000,3517648.000000,27675.000000,41539.000000,2.996177,2 4-7 9-14 18-43,-1.000000,""
3991,w0,6971,3476206.000000,37,14100.000000,1,COMPLETED_SUCCESSFULLY,3516347.000000,6971.000000,3523318.000000,40141.000000,47112.000000,6.758284,0-1 3 8 15-17 108-137,-1.000000,""
3985,w0,197,3475608.000000,64,600.000000,1,COMPLETED_SUCCESSFULLY,3523318.000000,197.000000,3523515.000000,47710.000000,47907.000000,243.182741,0-43 108-127,-1.000000,""
3986,w0,190,3475614.000000,64,600.000000,1,COMPLETED_SUCCESSFULLY,3523515.000000,190.000000,3523705.000000,47901.000000,48091.000000,253.110526,0-43 108-127,-1.000000,""
3995,w0,194,3477602.000000,64,600.000000,1,COMPLETED_SUCCESSFULLY,3523705.000000,194.000000,3523899.000000,46103.000000,46297.000000,238.644330,0-43 108-127,-1.000000,""
3996,w0,193,3477607.000000,64,600.000000,1,COMPLETED_SUCCESSFULLY,3523899.000000,193.000000,3524092.000000,46292.000000,46485.000000,240.854922,0-43 108-127,-1.000000,""
3992,w0,6991,3476234.000000,37,14100.000000,1,COMPLETED_SUCCESSFULLY,3517483.000000,6991.000000,3524474.000000,41249.000000,48240.000000,6.900300,44-70 138-147,-1.000000,""
4005,w0,2244,3485089.000000,64,10800.000000,1,COMPLETED_SUCCESSFULLY,3524092.000000,2244.000000,3526336.000000,39003.000000,41247.000000,18.381016,0-43 108-127,-1.000000,""
3975,w0,532,3474782.000000,129,1800.000000,1,COMPLETED_SUCCESSFULLY,3526336.000000,532.000000,3526868.000000,51554.000000,52086.000000,97.906015,0-70 108-165,-1.000000,""
3993,w0,183,3476296.000000,128,600.000000,1,COMPLETED_SUCCESSFULLY,3526868.000000,183.000000,3527051.000000,50572.000000,50755.000000,277.349727,0-70 108-164,-1.000000,""
3994,w0,158,3477597.000000,128,600.000000,1,COMPLETED_SUCCESSFULLY,3527051.000000,158.000000,3527209.000000,49454.000000,49612.000000,314.000000,0-70 108-164,-1.000000,""
3997,w0,548,3478568.000000,129,1800.000000,1,COMPLETED_SUCCESSFULLY,3527209.000000,548.000000,3527757.000000,48641.000000,49189.000000,89.760949,0-70 108-165,-1.000000,""
3990,w0,13892,3476158.000000,37,14100.000000,1,COMPLETED_SUCCESSFULLY,3516259.000000,13892.000000,3530151.000000,40101.000000,53993.000000,3.886625,71-107,-1.000000,""
